v 150.211823 39.037621 36.255997
v 150.307831 39.041626 36.255997
v 150.211823 39.029625 36.085999
v 150.307831 39.033623 36.085999
v 150.213821 39.009621 35.916000
v 150.307831 39.011620 35.916000
v 150.215820 38.971619 35.750000
v 150.307831 38.975624 35.750000
v 150.219818 38.921623 35.585999
v 150.309814 38.925621 35.585999
v 150.223816 38.857620 35.428001
v 150.309814 38.859619 35.428001
v 150.227814 38.779625 35.273998
v 150.311829 38.783623 35.273998
v 150.233826 38.691620 35.129997
v 150.311829 38.693619 35.129997
v 150.239822 38.587624 34.991997
v 150.313812 38.589622 34.991997
v 150.127823 39.029625 36.255997
v 150.127823 39.021622 36.085999
v 150.131821 39.001625 35.916000
v 150.135818 38.965622 35.750000
v 150.141815 38.915619 35.585999
v 150.149811 38.851624 35.428001
v 150.159821 38.773621 35.273998
v 150.171814 38.683624 35.129997
v 150.183823 38.583626 34.991997
v 150.043823 39.015625 36.255997
v 150.045822 39.009621 36.085999
v 150.049820 38.987625 35.916000
v 150.055817 38.951622 35.750000
v 150.065826 38.901619 35.585999
v 150.077820 38.839622 35.428001
v 150.091827 38.763626 35.273998
v 150.109833 38.675621 35.129997
v 150.127823 38.573624 34.991997
v 149.961823 38.997620 36.255997
v 149.963821 38.991623 36.085999
v 149.967819 38.969620 35.916000
v 149.977814 38.933624 35.750000
v 149.989822 38.885620 35.585999
v 150.005829 38.823624 35.428001
v 150.025818 38.747620 35.273998
v 150.047821 38.661621 35.129997
v 150.073822 38.561623 34.991997
v 149.879822 38.973625 36.255997
v 149.881821 38.967621 36.085999
v 149.887817 38.945625 35.916000
v 149.899811 38.911621 35.750000
v 149.915833 38.863625 35.585999
v 149.935822 38.803619 35.428001
v 149.959824 38.729622 35.273998
v 149.987823 38.643623 35.129997
v 150.019821 38.545624 34.991997
v 149.799820 38.945625 36.255997
v 149.801819 38.937622 36.085999
v 149.811829 38.917625 35.916000
v 149.823822 38.883621 35.750000
v 149.841827 38.837624 35.585999
v 149.865814 38.777626 35.428001
v 149.893829 38.705620 35.273998
v 149.927826 38.621620 35.129997
v 149.965820 38.527626 34.991997
v 149.721832 38.911621 36.255997
v 149.725830 38.905624 36.085999
v 149.733826 38.885620 35.916000
v 149.749817 38.851624 35.750000
v 149.771820 38.807625 35.585999
v 149.797821 38.749626 35.428001
v 149.831818 38.679619 35.273998
v 149.869812 38.597626 35.129997
v 149.913818 38.503624 34.991997
v 149.645813 38.873619 36.255997
v 149.649811 38.867622 36.085999
v 149.661819 38.847626 35.916000
v 149.677826 38.815620 35.750000
v 149.701813 38.771622 35.585999
v 149.733826 38.715622 35.428001
v 149.769821 38.647621 35.273998
v 149.813812 38.569626 35.129997
v 149.863831 38.479622 34.991997
v 149.573822 38.829620 36.255997
v 149.577820 38.823624 36.085999
v 149.589813 38.805626 35.916000
v 149.607819 38.775620 35.750000
v 149.635818 38.731621 35.585999
v 149.669830 38.677620 35.428001
v 149.711823 38.611626 35.273998
v 149.759827 38.537621 35.129997
v 149.815826 38.449623 34.991997
v 149.503815 38.781624 36.255997
v 149.507812 38.775620 36.085999
v 149.519821 38.759621 35.916000
v 149.541824 38.729622 35.750000
v 149.571823 38.689621 35.585999
v 149.609833 38.637619 35.428001
v 149.653824 38.573624 35.273998
v 149.707825 38.501625 35.129997
v 149.767822 38.417625 34.991997
v 149.441818 38.725624 36.085999
v 149.435822 38.729622 36.255997
v 149.455811 38.707619 35.916000
v 149.477814 38.679619 35.750000
v 149.509827 38.641624 35.585999
v 149.551819 38.591621 35.428001
v 149.599823 38.531624 35.273998
v 149.657822 38.461624 35.129997
v 149.723816 38.383621 34.991997
v 149.373825 38.673622 36.255997
v 149.377823 38.669624 36.085999
v 149.391815 38.653625 35.916000
v 149.417816 38.625626 35.750000
v 149.451813 38.589622 35.585999
v 149.495819 38.543625 35.428001
v 149.549820 38.485626 35.273998
v 149.611816 38.421623 35.129997
v 149.681824 38.345619 34.991997
v 149.313812 38.615623 36.255997
v 149.317810 38.609619 36.085999
v 149.333832 38.593620 35.916000
v 149.359833 38.569626 35.750000
v 149.397827 38.535622 35.585999
v 149.443817 38.491623 35.428001
v 149.499817 38.437622 35.273998
v 149.565826 38.375626 35.129997
v 149.641815 38.305626 34.991997
v 149.255829 38.551620 36.255997
v 149.261810 38.545624 36.085999
v 149.279816 38.531624 35.916000
v 149.307831 38.509621 35.750000
v 149.345825 38.477623 35.585999
v 149.395813 38.435623 35.428001
v 149.455811 38.385620 35.273998
v 149.525818 38.329620 35.129997
v 149.603821 38.263626 34.991997
v 149.205811 38.483620 36.255997
v 149.209824 38.479622 36.085999
v 149.227814 38.467621 35.916000
v 149.257812 38.445625 35.750000
v 149.297821 38.415619 35.585999
v 149.349823 38.377625 35.428001
v 149.413818 38.331619 35.273998
v 149.485825 38.279625 35.129997
v 149.569824 38.219620 34.991997
v 149.157822 38.413620 36.255997
v 149.163818 38.409622 36.085999
v 149.181824 38.397621 35.916000
v 149.211823 38.379623 35.750000
v 149.255829 38.351624 35.585999
v 149.309814 38.317619 35.428001
v 149.373825 38.275620 35.273998
v 149.451813 38.227623 35.129997
v 149.537811 38.171623 34.991997
v 149.113831 38.341621 36.255997
v 149.119812 38.337624 36.085999
v 149.139832 38.327621 35.916000
v 149.171814 38.309624 35.750000
v 149.215820 38.285622 35.585999
v 149.271820 38.253624 35.428001
v 149.339813 38.217621 35.273998
v 149.419830 38.173622 35.129997
v 149.507812 38.123619 34.991997
v 149.075821 38.265625 36.255997
v 149.081818 38.261620 36.085999
v 149.101822 38.253624 35.916000
v 149.135818 38.237625 35.750000
v 149.179825 38.215622 35.585999
v 149.237823 38.189621 35.428001
v 149.307831 38.155624 35.273998
v 149.389832 38.117622 35.129997
v 149.481812 38.073624 34.991997
v 149.041824 38.187622 36.255997
v 149.049820 38.185623 36.085999
v 149.069824 38.177620 35.916000
v 149.101822 38.163620 35.750000
v 149.149811 38.145622 35.585999
v 149.209824 38.121620 35.428001
v 149.281830 38.091621 35.273998
v 149.365814 38.059624 35.129997
v 149.459824 38.021622 34.991997
v 149.013824 38.107620 36.255997
v 149.019821 38.105621 36.085999
v 149.041824 38.099625 35.916000
v 149.075821 38.087624 35.750000
v 149.123825 38.071625 35.585999
v 149.183823 38.051620 35.428001
v 149.257812 38.027626 35.273998
v 149.343811 37.999626 35.129997
v 149.441818 37.967621 34.991997
v 148.989822 38.025620 36.255997
v 148.995819 38.023621 36.085999
v 149.017822 38.019623 35.916000
v 149.051819 38.009621 35.750000
v 149.101822 37.997620 35.585999
v 149.163818 37.981621 35.428001
v 149.239822 37.961624 35.273998
v 149.325821 37.939621 35.129997
v 149.425812 37.913620 34.991997
v 148.971832 37.943619 36.255997
v 148.977814 37.941620 36.085999
v 148.999817 37.937622 35.916000
v 149.035828 37.931625 35.750000
v 149.083832 37.921623 35.585999
v 149.147827 37.909622 35.428001
v 149.223816 37.895622 35.273998
v 149.313812 37.877625 35.129997
v 149.413818 37.859619 34.991997
v 148.957825 37.859619 36.255997
v 148.965820 37.859619 36.085999
v 148.985825 37.855621 35.916000
v 149.023819 37.851624 35.750000
v 149.073822 37.845619 35.585999
v 149.135818 37.837624 35.428001
v 149.213821 37.827621 35.273998
v 149.303818 37.815620 35.129997
v 149.403824 37.803619 34.991997
v 148.949829 37.775620 36.255997
v 148.957825 37.775620 36.085999
v 148.979828 37.773621 35.916000
v 149.015823 37.771622 35.750000
v 149.065826 37.767624 35.585999
v 149.129822 37.763626 35.428001
v 149.205811 37.759621 35.273998
v 149.297821 37.753624 35.129997
v 149.399811 37.747620 34.991997
v 148.945831 37.679619 36.255997
v 148.953827 37.679619 36.085999
v 148.975830 37.679619 35.916000
v 149.011810 37.679619 35.750000
v 149.063812 37.677620 35.585999
v 149.127823 37.677620 35.428001
v 149.203827 37.675621 35.273998
v 149.293823 37.675621 35.129997
v 149.395813 37.673622 34.991997
v 148.953827 31.387619 36.085999
v 148.953827 28.241623 36.085999
v 148.953827 34.533623 36.085999
v 148.953827 18.801620 36.085999
v 148.945831 18.801620 36.255997
v 148.953827 21.947624 36.085999
v 148.945831 28.241623 36.255997
v 148.953827 25.093620 36.085999
v 148.975830 25.093620 35.916000
v 148.975830 21.947624 35.916000
v 148.975830 31.387619 35.916000
v 148.975830 28.241623 35.916000
v 148.975830 34.533623 35.916000
v 148.975830 18.801620 35.916000
v 149.011810 21.947624 35.750000
v 149.011810 18.801620 35.750000
v 149.011810 31.387619 35.750000
v 149.011810 28.241623 35.750000
v 149.011810 34.533623 35.750000
v 149.011810 25.093620 35.750000
v 149.063812 31.387619 35.585999
v 149.063812 28.241623 35.585999
v 149.063812 21.947624 35.585999
v 149.063812 18.803619 35.585999
v 149.063812 25.093620 35.585999
v 149.063812 34.533623 35.585999
v 149.127823 28.241623 35.428001
v 149.127823 25.093620 35.428001
v 149.127823 21.947624 35.428001
v 149.127823 18.803619 35.428001
v 149.127823 34.533623 35.428001
v 149.127823 31.387619 35.428001
v 149.203827 21.947624 35.273998
v 149.203827 18.805626 35.273998
v 149.203827 25.093620 35.273998
v 149.203827 28.241623 35.273998
v 149.203827 31.387619 35.273998
v 149.203827 34.533623 35.273998
v 149.293823 25.093620 35.129997
v 149.293823 21.947624 35.129997
v 149.293823 18.807625 35.129997
v 149.293823 31.387619 35.129997
v 149.293823 28.241623 35.129997
v 149.293823 34.533623 35.129997
v 149.395813 28.241623 34.991997
v 149.395813 18.807625 34.991997
v 148.949829 18.701622 36.255997
v 148.957825 18.703621 36.085999
v 148.979828 18.703621 35.916000
v 149.015823 18.707619 35.750000
v 149.065826 18.709625 35.585999
v 149.129822 18.713623 35.428001
v 149.207825 18.719620 35.273998
v 149.297821 18.725624 35.129997
v 149.399811 18.731621 34.991997
v 148.959824 18.613625 36.255997
v 148.965820 18.615623 36.085999
v 148.987823 18.617622 35.916000
v 149.023819 18.623619 35.750000
v 149.073822 18.629623 35.585999
v 149.137817 18.637619 35.428001
v 149.213821 18.647621 35.273998
v 149.303818 18.659622 35.129997
v 149.405823 18.673622 34.991997
v 148.973816 18.527626 36.255997
v 148.979828 18.529625 36.085999
v 149.001831 18.533623 35.916000
v 149.037811 18.539619 35.750000
v 149.087830 18.549622 35.585999
v 149.149811 18.561623 35.428001
v 149.225830 18.577621 35.273998
v 149.313812 18.595619 35.129997
v 149.413818 18.615623 34.991997
v 148.993820 18.441620 36.255997
v 148.999817 18.443619 36.085999
v 149.021820 18.449623 35.916000
v 149.055817 18.457619 35.750000
v 149.105820 18.471619 35.585999
v 149.167816 18.487625 35.428001
v 149.241821 18.507622 35.273998
v 149.329819 18.531624 35.129997
v 149.427826 18.557625 34.991997
v 149.019821 18.357620 36.255997
v 149.025818 18.359619 36.085999
v 149.045822 18.365623 35.916000
v 149.081818 18.377625 35.750000
v 149.127823 18.393623 35.585999
v 149.189819 18.415619 35.428001
v 149.263824 18.439621 35.273998
v 149.347824 18.469620 35.129997
v 149.445831 18.501625 34.991997
v 149.049820 18.273621 36.255997
v 149.055817 18.277626 36.085999
v 149.077820 18.285622 35.916000
v 149.109833 18.299622 35.750000
v 149.157822 18.317619 35.585999
v 149.215820 18.343620 35.428001
v 149.287811 18.373619 35.273998
v 149.371826 18.407623 35.129997
v 149.465820 18.445625 34.991997
v 149.085815 18.193619 36.255997
v 149.091827 18.197624 36.085999
v 149.111816 18.205620 35.916000
v 149.145813 18.223625 35.750000
v 149.189819 18.245621 35.585999
v 149.247818 18.273621 35.428001
v 149.317810 18.307625 35.273998
v 149.397827 18.347626 35.129997
v 149.489822 18.393623 34.991997
v 149.127823 18.115623 36.255997
v 149.133820 18.119621 36.085999
v 149.153824 18.129623 35.916000
v 149.185822 18.147621 35.750000
v 149.227814 18.173622 35.585999
v 149.283813 18.205620 35.428001
v 149.351822 18.245621 35.273998
v 149.429825 18.289619 35.129997
v 149.517822 18.341621 34.991997
v 149.173828 18.039619 36.255997
v 149.181824 18.045624 36.085999
v 149.199829 18.057625 35.916000
v 149.229828 18.077621 35.750000
v 149.271820 18.105621 35.585999
v 149.323822 18.141624 35.428001
v 149.389832 18.183624 35.273998
v 149.463821 18.233620 35.129997
v 149.549820 18.291626 34.991997
v 149.225830 17.969620 36.255997
v 149.231812 17.973625 36.085999
v 149.249817 17.987625 35.916000
v 149.277832 18.009621 35.750000
v 149.317810 18.039619 35.585999
v 149.369812 18.079620 35.428001
v 149.429825 18.125626 35.273998
v 149.501831 18.181625 35.129997
v 149.583832 18.243622 34.991997
v 149.281830 17.901619 36.255997
v 149.287811 17.905624 36.085999
v 149.303818 17.919624 35.916000
v 149.331818 17.943619 35.750000
v 149.369812 17.977623 35.585999
v 149.417816 18.019623 35.428001
v 149.475830 18.069626 35.273998
v 149.543823 18.129623 35.129997
v 149.619812 18.197624 34.991997
v 149.341827 17.835625 36.255997
v 149.347824 17.841621 36.085999
v 149.363831 17.857620 35.916000
v 149.389832 17.883621 35.750000
v 149.423828 17.917625 35.585999
v 149.469818 17.963623 35.428001
v 149.525818 18.017624 35.273998
v 149.587830 18.081619 35.129997
v 149.661819 18.155624 34.991997
v 149.407822 17.775620 36.255997
v 149.411819 17.781624 36.085999
v 149.425812 17.797623 35.916000
v 149.449829 17.825623 35.750000
v 149.483826 17.863625 35.585999
v 149.525818 17.911621 35.428001
v 149.575821 17.969620 35.273998
v 149.635818 18.037621 35.129997
v 149.703827 18.113625 34.991997
v 149.475830 17.719620 36.255997
v 149.479828 17.725624 36.085999
v 149.493820 17.743622 35.916000
v 149.515823 17.771622 35.750000
v 149.545822 17.811623 35.585999
v 149.585815 17.863625 35.428001
v 149.631821 17.923622 35.273998
v 149.687820 17.995621 35.129997
v 149.749817 18.077621 34.991997
v 149.545822 17.667625 36.255997
v 149.551819 17.675621 36.085999
v 149.563812 17.693619 35.916000
v 149.583832 17.723625 35.750000
v 149.611816 17.765625 35.585999
v 149.647827 17.817619 35.428001
v 149.689819 17.883621 35.273998
v 149.739822 17.957619 35.129997
v 149.797821 18.043625 34.991997
v 149.621826 17.621620 36.255997
v 149.625824 17.627625 36.085999
v 149.635818 17.647621 35.916000
v 149.653824 17.679619 35.750000
v 149.679825 17.721619 35.585999
v 149.711823 17.777626 35.428001
v 149.751831 17.845619 35.273998
v 149.795822 17.923622 35.129997
v 149.847824 18.011620 34.991997
v 149.699829 17.579620 36.255997
v 149.703827 17.585625 36.085999
v 149.711823 17.605621 35.916000
v 149.729828 17.639626 35.750000
v 149.751831 17.683624 35.585999
v 149.779816 17.741623 35.428001
v 149.813812 17.811623 35.273998
v 149.853821 17.891624 35.129997
v 149.899811 17.983620 34.991997
v 149.779816 17.543625 36.255997
v 149.783813 17.549622 36.085999
v 149.791824 17.571625 35.916000
v 149.805817 17.603622 35.750000
v 149.823822 17.651619 35.585999
v 149.849823 17.709625 35.428001
v 149.879822 17.781624 35.273998
v 149.913818 17.865623 35.129997
v 149.951813 17.959625 34.991997
v 149.863831 17.513626 36.255997
v 149.865814 17.519623 36.085999
v 149.871826 17.539619 35.916000
v 149.883820 17.575623 35.750000
v 149.899811 17.621620 35.585999
v 149.921814 17.683624 35.428001
v 149.945831 17.757622 35.273998
v 149.975830 17.841621 35.129997
v 150.007812 17.939621 34.991997
v 149.947815 17.487625 36.255997
v 149.949829 17.493622 36.085999
v 149.955811 17.515625 35.916000
v 149.963821 17.549622 35.750000
v 149.977814 17.599625 35.585999
v 149.993820 17.661621 35.428001
v 150.013824 17.735626 35.273998
v 150.037811 17.823624 35.129997
v 150.063812 17.921623 34.991997
v 150.033813 17.467621 36.255997
v 150.035828 17.473625 36.085999
v 150.039825 17.495621 35.916000
v 150.045822 17.531624 35.750000
v 150.055817 17.581619 35.585999
v 150.067810 17.643623 35.428001
v 150.083832 17.719620 35.273998
v 150.101822 17.807625 35.129997
v 150.121826 17.907623 34.991997
v 150.119812 17.453621 36.255997
v 150.121826 17.459625 36.085999
v 150.123825 17.481621 35.916000
v 150.129822 17.517624 35.750000
v 150.135818 17.567619 35.585999
v 150.143829 17.631622 35.428001
v 150.153824 17.707619 35.273998
v 150.165833 17.797623 35.129997
v 150.179825 17.899620 34.991997
v 150.207825 17.443619 36.255997
v 150.209824 17.451622 36.085999
v 150.209824 17.473625 35.916000
v 150.213821 17.509621 35.750000
v 150.215820 17.559624 35.585999
v 150.219818 17.623619 35.428001
v 150.225830 17.701622 35.273998
v 150.231812 17.791626 35.129997
v 150.237823 17.893623 34.991997
v 150.307831 17.439621 36.255997
v 150.307831 17.447624 36.085999
v 150.307831 17.469620 35.916000
v 150.307831 17.505623 35.750000
v 150.309814 17.557625 35.585999
v 150.309814 17.621620 35.428001
v 150.311829 17.697624 35.273998
v 150.313812 17.787621 35.129997
v 150.313812 17.889626 34.991997
v 156.599823 17.447624 36.085999
v 159.745819 17.447624 36.085999
v 169.185822 17.439621 36.255997
v 159.745819 17.439621 36.255997
v 162.893829 17.447624 36.085999
v 166.039825 17.447624 36.085999
v 169.185822 17.447624 36.085999
v 153.453827 17.447624 36.085999
v 153.453827 17.469620 35.916000
v 156.599823 17.469620 35.916000
v 159.745819 17.469620 35.916000
v 162.893829 17.469620 35.916000
v 166.039825 17.469620 35.916000
v 169.185822 17.469620 35.916000
v 166.039825 17.505623 35.750000
v 156.599823 17.505623 35.750000
v 159.745819 17.505623 35.750000
v 162.893829 17.505623 35.750000
v 153.453827 17.505623 35.750000
v 169.185822 17.505623 35.750000
v 162.893829 17.557625 35.585999
v 166.039825 17.557625 35.585999
v 156.599823 17.557625 35.585999
v 159.745819 17.557625 35.585999
v 153.453827 17.557625 35.585999
v 169.183823 17.557625 35.585999
v 162.893829 17.621620 35.428001
v 166.039825 17.621620 35.428001
v 159.745819 17.621620 35.428001
v 156.599823 17.621620 35.428001
v 153.453827 17.621620 35.428001
v 169.183823 17.621620 35.428001
v 159.745819 17.697624 35.273998
v 162.893829 17.697624 35.273998
v 166.039825 17.697624 35.273998
v 153.453827 17.697624 35.273998
v 156.599823 17.697624 35.273998
v 169.181824 17.697624 35.273998
v 162.893829 17.787621 35.129997
v 166.039825 17.787621 35.129997
v 153.453827 17.787621 35.129997
v 156.599823 17.787621 35.129997
v 159.745819 17.787621 35.129997
v 169.179825 17.787621 35.129997
v 159.745819 17.889626 34.991997
v 169.179825 17.889626 34.991997
v 169.285828 17.443619 36.255997
v 169.283829 17.451622 36.085999
v 169.283829 17.473625 35.916000
v 169.279816 17.509621 35.750000
v 169.277817 17.559624 35.585999
v 169.273819 17.623619 35.428001
v 169.267822 17.701622 35.273998
v 169.261826 17.791626 35.129997
v 169.255829 17.893623 34.991997
v 169.373825 17.453621 36.255997
v 169.371826 17.459625 36.085999
v 169.369827 17.481621 35.916000
v 169.363815 17.517624 35.750000
v 169.357819 17.567619 35.585999
v 169.349823 17.631622 35.428001
v 169.339828 17.707619 35.273998
v 169.327820 17.797623 35.129997
v 169.313828 17.899620 34.991997
v 169.459824 17.467621 36.255997
v 169.459824 17.473625 36.085999
v 169.453827 17.495621 35.916000
v 169.447815 17.531624 35.750000
v 169.437820 17.581619 35.585999
v 169.425827 17.643623 35.428001
v 169.409821 17.719620 35.273998
v 169.391815 17.807625 35.129997
v 169.371826 17.907623 34.991997
v 169.545822 17.487625 36.255997
v 169.543823 17.493622 36.085999
v 169.537827 17.515625 35.916000
v 169.529816 17.549622 35.750000
v 169.515823 17.599625 35.585999
v 169.499817 17.661621 35.428001
v 169.479828 17.735626 35.273998
v 169.455826 17.823624 35.129997
v 169.429825 17.921623 34.991997
v 169.631821 17.513626 36.255997
v 169.627823 17.519623 36.085999
v 169.621826 17.539619 35.916000
v 169.609818 17.575623 35.750000
v 169.593826 17.621620 35.585999
v 169.573822 17.683624 35.428001
v 169.547821 17.757622 35.273998
v 169.519821 17.841621 35.129997
v 169.485825 17.939621 34.991997
v 169.713821 17.543625 36.255997
v 169.709824 17.549622 36.085999
v 169.701828 17.571625 35.916000
v 169.687820 17.603622 35.750000
v 169.669815 17.651619 35.585999
v 169.643814 17.709625 35.428001
v 169.613815 17.781624 35.273998
v 169.579819 17.865623 35.129997
v 169.541824 17.959625 34.991997
v 169.793823 17.579620 36.255997
v 169.789825 17.585625 36.085999
v 169.781815 17.605621 35.916000
v 169.763824 17.639626 35.750000
v 169.741821 17.683624 35.585999
v 169.713821 17.741623 35.428001
v 169.679825 17.811623 35.273998
v 169.639816 17.891624 35.129997
v 169.593826 17.983620 34.991997
v 169.871826 17.621620 36.255997
v 169.867828 17.627625 36.085999
v 169.857819 17.647621 35.916000
v 169.837814 17.679619 35.750000
v 169.813828 17.721619 35.585999
v 169.781815 17.777626 35.428001
v 169.741821 17.845619 35.273998
v 169.697815 17.923622 35.129997
v 169.645828 18.011620 34.991997
v 169.945816 17.667625 36.255997
v 169.941818 17.675621 36.085999
v 169.929825 17.693619 35.916000
v 169.909821 17.723625 35.750000
v 169.881821 17.765625 35.585999
v 169.845825 17.817619 35.428001
v 169.803818 17.883621 35.273998
v 169.753815 17.957619 35.129997
v 169.695816 18.043625 34.991997
v 170.017822 17.719620 36.255997
v 170.013824 17.725624 36.085999
v 169.999817 17.743622 35.916000
v 169.977814 17.771622 35.750000
v 169.947815 17.811623 35.585999
v 169.907822 17.863625 35.428001
v 169.861816 17.923622 35.273998
v 169.805817 17.995621 35.129997
v 169.743820 18.077621 34.991997
v 170.085815 17.775620 36.255997
v 170.081818 17.781624 36.085999
v 170.067825 17.797623 35.916000
v 170.043823 17.825623 35.750000
v 170.009827 17.863625 35.585999
v 169.967819 17.911621 35.428001
v 169.917816 17.969620 35.273998
v 169.857819 18.037621 35.129997
v 169.789825 18.113625 34.991997
v 170.151825 17.835625 36.255997
v 170.145828 17.841621 36.085999
v 170.129822 17.857620 35.916000
v 170.103821 17.883621 35.750000
v 170.069824 17.917625 35.585999
v 170.023819 17.963623 35.428001
v 169.969818 18.017624 35.273998
v 169.905823 18.081619 35.129997
v 169.831818 18.155624 34.991997
v 170.211823 17.901619 36.255997
v 170.205826 17.905624 36.085999
v 170.189819 17.919624 35.916000
v 170.161819 17.943619 35.750000
v 170.123825 17.977623 35.585999
v 170.075821 18.019623 35.428001
v 170.017822 18.069626 35.273998
v 169.949814 18.129623 35.129997
v 169.873825 18.197624 34.991997
v 170.267822 17.969620 36.255997
v 170.261826 17.973625 36.085999
v 170.243820 17.987625 35.916000
v 170.215820 18.009621 35.750000
v 170.175827 18.039619 35.585999
v 170.125824 18.079620 35.428001
v 170.063828 18.125626 35.273998
v 169.991821 18.181625 35.129997
v 169.909821 18.243622 34.991997
v 170.319824 18.039619 36.255997
v 170.313828 18.045624 36.085999
v 170.293823 18.057625 35.916000
v 170.263824 18.077621 35.750000
v 170.221817 18.105621 35.585999
v 170.169815 18.141624 35.428001
v 170.103821 18.183624 35.273998
v 170.029816 18.233620 35.129997
v 169.943817 18.291626 34.991997
v 170.365814 18.115623 36.255997
v 170.359818 18.119621 36.085999
v 170.339828 18.129623 35.916000
v 170.309814 18.147621 35.750000
v 170.265823 18.173622 35.585999
v 170.209824 18.205620 35.428001
v 170.141815 18.245621 35.273998
v 170.063828 18.289619 35.129997
v 169.975815 18.341621 34.991997
v 170.407822 18.193619 36.255997
v 170.401825 18.197624 36.085999
v 170.381821 18.205620 35.916000
v 170.347824 18.223625 35.750000
v 170.303818 18.245621 35.585999
v 170.245819 18.273621 35.428001
v 170.175827 18.307625 35.273998
v 170.095825 18.347626 35.129997
v 170.003815 18.393623 34.991997
v 170.443817 18.273621 36.255997
v 170.435822 18.277626 36.085999
v 170.415817 18.285622 35.916000
v 170.383820 18.299622 35.750000
v 170.335815 18.317619 35.585999
v 170.277817 18.343620 35.428001
v 170.205826 18.373619 35.273998
v 170.121826 18.407623 35.129997
v 170.027817 18.445625 34.991997
v 170.475815 18.357620 36.255997
v 170.467819 18.359619 36.085999
v 170.447815 18.365623 35.916000
v 170.411819 18.377625 35.750000
v 170.365814 18.393623 35.585999
v 170.303818 18.415619 35.428001
v 170.231827 18.439621 35.273998
v 170.145828 18.469620 35.129997
v 170.047821 18.501625 34.991997
v 170.493820 18.443619 36.085999
v 170.499817 18.441620 36.255997
v 170.471817 18.449623 35.916000
v 170.437820 18.457619 35.750000
v 170.387817 18.471619 35.585999
v 170.325821 18.487625 35.428001
v 170.251816 18.507622 35.273998
v 170.163818 18.531624 35.129997
v 170.065826 18.557625 34.991997
v 170.519821 18.527626 36.255997
v 170.513824 18.529625 36.085999
v 170.491821 18.533623 35.916000
v 170.455826 18.539619 35.750000
v 170.407822 18.549622 35.585999
v 170.343826 18.561623 35.428001
v 170.267822 18.577621 35.273998
v 170.179825 18.595619 35.129997
v 170.077820 18.615623 34.991997
v 170.535828 18.613625 36.255997
v 170.527817 18.615623 36.085999
v 170.505829 18.617622 35.916000
v 170.469818 18.623619 35.750000
v 170.419815 18.629623 35.585999
v 170.355820 18.637619 35.428001
v 170.279816 18.647621 35.273998
v 170.189819 18.659622 35.129997
v 170.087814 18.673622 34.991997
v 170.543823 18.701622 36.255997
v 170.535828 18.703621 36.085999
v 170.513824 18.703621 35.916000
v 170.477814 18.707619 35.750000
v 170.427826 18.709625 35.585999
v 170.363815 18.713623 35.428001
v 170.285828 18.719620 35.273998
v 170.195816 18.725624 35.129997
v 170.093826 18.731621 34.991997
v 170.547821 18.801620 36.255997
v 170.539825 18.801620 36.085999
v 170.517822 18.801620 35.916000
v 170.481827 18.801620 35.750000
v 170.431824 18.803619 35.585999
v 170.365814 18.803619 35.428001
v 170.289825 18.805626 35.273998
v 170.199814 18.807625 35.129997
v 170.095825 18.807625 34.991997
v 170.539825 28.241623 36.085999
v 170.547821 37.679619 36.255997
v 170.547821 28.241623 36.255997
v 170.539825 25.093620 36.085999
v 170.539825 21.947624 36.085999
v 170.539825 31.387619 36.085999
v 170.539825 34.533623 36.085999
v 170.539825 37.679619 36.085999
v 170.517822 25.093620 35.916000
v 170.517822 28.241623 35.916000
v 170.517822 37.679619 35.916000
v 170.517822 31.387619 35.916000
v 170.517822 34.533623 35.916000
v 170.517822 21.947624 35.916000
v 170.481827 34.533623 35.750000
v 170.481827 37.679619 35.750000
v 170.481827 31.387619 35.750000
v 170.481827 25.093620 35.750000
v 170.481827 28.241623 35.750000
v 170.481827 21.947624 35.750000
v 170.431824 28.241623 35.585999
v 170.431824 31.387619 35.585999
v 170.431824 34.533623 35.585999
v 170.431824 25.093620 35.585999
v 170.431824 37.677620 35.585999
v 170.431824 21.947624 35.585999
v 170.365814 34.533623 35.428001
v 170.365814 28.241623 35.428001
v 170.365814 31.387619 35.428001
v 170.365814 25.093620 35.428001
v 170.365814 37.677620 35.428001
v 170.365814 21.947624 35.428001
v 170.289825 37.675621 35.273998
v 170.289825 28.241623 35.273998
v 170.289825 34.533623 35.273998
v 170.289825 31.387619 35.273998
v 170.289825 21.947624 35.273998
v 170.289825 25.093620 35.273998
v 170.199814 31.387619 35.129997
v 170.199814 21.947624 35.129997
v 170.199814 34.533623 35.129997
v 170.199814 37.675621 35.129997
v 170.199814 25.093620 35.129997
v 170.199814 28.241623 35.129997
v 170.095825 28.241623 34.991997
v 170.095825 37.673622 34.991997
v 170.543823 37.775620 36.255997
v 170.535828 37.775620 36.085999
v 170.515823 37.773621 35.916000
v 170.477814 37.771622 35.750000
v 170.427826 37.767624 35.585999
v 170.363815 37.763626 35.428001
v 170.285828 37.759621 35.273998
v 170.197815 37.753624 35.129997
v 170.093826 37.747620 34.991997
v 170.535828 37.859619 36.255997
v 170.527817 37.859619 36.085999
v 170.507828 37.855621 35.916000
v 170.471817 37.851624 35.750000
v 170.421814 37.845619 35.585999
v 170.357819 37.837624 35.428001
v 170.279816 37.827621 35.273998
v 170.189819 37.815620 35.129997
v 170.089828 37.803619 34.991997
v 170.521820 37.943619 36.255997
v 170.515823 37.941620 36.085999
v 170.493820 37.937622 35.916000
v 170.457825 37.931625 35.750000
v 170.407822 37.921623 35.585999
v 170.345825 37.909622 35.428001
v 170.269821 37.895622 35.273998
v 170.181824 37.877625 35.129997
v 170.079819 37.859619 34.991997
v 170.503815 38.025620 36.255997
v 170.497818 38.023621 36.085999
v 170.475815 38.019623 35.916000
v 170.439819 38.009621 35.750000
v 170.391815 37.997620 35.585999
v 170.329819 37.981621 35.428001
v 170.253815 37.961624 35.273998
v 170.167816 37.939621 35.129997
v 170.067825 37.913620 34.991997
v 170.479828 38.107620 36.255997
v 170.473816 38.105621 36.085999
v 170.451828 38.099625 35.916000
v 170.417816 38.087624 35.750000
v 170.369827 38.071625 35.585999
v 170.309814 38.051620 35.428001
v 170.235825 38.027626 35.273998
v 170.149826 37.999626 35.129997
v 170.051819 37.967621 34.991997
v 170.451828 38.187622 36.255997
v 170.443817 38.185623 36.085999
v 170.423828 38.177620 35.916000
v 170.389816 38.163620 35.750000
v 170.343826 38.145622 35.585999
v 170.283829 38.121620 35.428001
v 170.211823 38.091621 35.273998
v 170.127823 38.059624 35.129997
v 170.033829 38.021622 34.991997
v 170.417816 38.265625 36.255997
v 170.411819 38.261620 36.085999
v 170.391815 38.253624 35.916000
v 170.357819 38.237625 35.750000
v 170.313828 38.215622 35.585999
v 170.255829 38.189621 35.428001
v 170.185822 38.155624 35.273998
v 170.103821 38.117622 35.129997
v 170.009827 38.073624 34.991997
v 170.379822 38.341621 36.255997
v 170.373825 38.337624 36.085999
v 170.353821 38.327621 35.916000
v 170.321823 38.309624 35.750000
v 170.277817 38.285622 35.585999
v 170.221817 38.253624 35.428001
v 170.153824 38.217621 35.273998
v 170.075821 38.173622 35.129997
v 169.985825 38.123619 34.991997
v 170.335815 38.413620 36.255997
v 170.329819 38.409622 36.085999
v 170.311829 38.397621 35.916000
v 170.281815 38.379623 35.750000
v 170.237823 38.351624 35.585999
v 170.183823 38.317619 35.428001
v 170.117828 38.275620 35.273998
v 170.043823 38.227623 35.129997
v 169.955826 38.171623 34.991997
v 170.287827 38.483620 36.255997
v 170.281815 38.479622 36.085999
v 170.265823 38.467621 35.916000
v 170.235825 38.445625 35.750000
v 170.195816 38.415619 35.585999
v 170.143814 38.377625 35.428001
v 170.079819 38.331619 35.273998
v 170.007828 38.279625 35.129997
v 169.923828 38.219620 34.991997
v 170.235825 38.551620 36.255997
v 170.231827 38.545624 36.085999
v 170.213821 38.531624 35.916000
v 170.185822 38.509621 35.750000
v 170.147827 38.477623 35.585999
v 170.097824 38.435623 35.428001
v 170.037827 38.385620 35.273998
v 169.967819 38.329620 35.129997
v 169.889816 38.263626 34.991997
v 170.179825 38.615623 36.255997
v 170.175827 38.609619 36.085999
v 170.159821 38.593620 35.916000
v 170.131821 38.569626 35.750000
v 170.095825 38.535622 35.585999
v 170.049820 38.491623 35.428001
v 169.991821 38.437622 35.273998
v 169.927826 38.375626 35.129997
v 169.851822 38.305626 34.991997
v 170.115814 38.669624 36.085999
v 170.121826 38.673622 36.255997
v 170.099823 38.653625 35.916000
v 170.075821 38.625626 35.750000
v 170.041824 38.589622 35.585999
v 169.997818 38.543625 35.428001
v 169.943817 38.485626 35.273998
v 169.881821 38.421623 35.129997
v 169.811829 38.345619 34.991997
v 170.057816 38.729622 36.255997
v 170.051819 38.725624 36.085999
v 170.037827 38.707619 35.916000
v 170.015823 38.679619 35.750000
v 169.983826 38.641624 35.585999
v 169.941818 38.591621 35.428001
v 169.891815 38.531624 35.273998
v 169.835815 38.461624 35.129997
v 169.769821 38.383621 34.991997
v 169.989822 38.781624 36.255997
v 169.985825 38.775620 36.085999
v 169.973816 38.759621 35.916000
v 169.951828 38.729622 35.750000
v 169.921814 38.689621 35.585999
v 169.883820 38.637619 35.428001
v 169.837814 38.573624 35.273998
v 169.785828 38.501625 35.129997
v 169.725815 38.417625 34.991997
v 169.919815 38.829620 36.255997
v 169.915817 38.823624 36.085999
v 169.903824 38.805626 35.916000
v 169.885818 38.775620 35.750000
v 169.857819 38.731621 35.585999
v 169.823822 38.677620 35.428001
v 169.781815 38.611626 35.273998
v 169.733826 38.537621 35.129997
v 169.677826 38.449623 34.991997
v 169.847824 38.873619 36.255997
v 169.843826 38.867622 36.085999
v 169.833817 38.847626 35.916000
v 169.815826 38.815620 35.750000
v 169.791824 38.771622 35.585999
v 169.759827 38.715622 35.428001
v 169.723816 38.647621 35.273998
v 169.679825 38.569626 35.129997
v 169.629822 38.479622 34.991997
v 169.771820 38.911621 36.255997
v 169.767822 38.905624 36.085999
v 169.759827 38.885620 35.916000
v 169.743820 38.851624 35.750000
v 169.721817 38.807625 35.585999
v 169.695816 38.749626 35.428001
v 169.661819 38.679619 35.273998
v 169.623825 38.597626 35.129997
v 169.579819 38.503624 34.991997
v 169.693817 38.945625 36.255997
v 169.691818 38.937622 36.085999
v 169.683823 38.917625 35.916000
v 169.669815 38.883621 35.750000
v 169.651825 38.837624 35.585999
v 169.627823 38.777626 35.428001
v 169.597824 38.705620 35.273998
v 169.565826 38.621620 35.129997
v 169.527817 38.527626 34.991997
v 169.613815 38.973625 36.255997
v 169.611816 38.967621 36.085999
v 169.605820 38.945625 35.916000
v 169.593826 38.911621 35.750000
v 169.577820 38.863625 35.585999
v 169.557816 38.803619 35.428001
v 169.533829 38.729622 35.273998
v 169.505829 38.643623 35.129997
v 169.473816 38.545624 34.991997
v 169.531815 38.997620 36.255997
v 169.529816 38.991623 36.085999
v 169.525818 38.969620 35.916000
v 169.515823 38.933624 35.750000
v 169.503815 38.885620 35.585999
v 169.487823 38.823624 35.428001
v 169.467819 38.747620 35.273998
v 169.445816 38.661621 35.129997
v 169.419815 38.561623 34.991997
v 169.449814 39.015625 36.255997
v 169.447815 39.009621 36.085999
v 169.443817 38.987625 35.916000
v 169.437820 38.951622 35.750000
v 169.427826 38.901619 35.585999
v 169.415817 38.839622 35.428001
v 169.401825 38.763626 35.273998
v 169.383820 38.675621 35.129997
v 169.365814 38.573624 34.991997
v 169.365814 39.029625 36.255997
v 169.365814 39.021622 36.085999
v 169.361816 39.001625 35.916000
v 169.357819 38.965622 35.750000
v 169.351822 38.915619 35.585999
v 169.343826 38.851624 35.428001
v 169.333817 38.773621 35.273998
v 169.321823 38.683624 35.129997
v 169.309814 38.583626 34.991997
v 169.281815 39.037621 36.255997
v 169.281815 39.029625 36.085999
v 169.279816 39.009621 35.916000
v 169.277817 38.971619 35.750000
v 169.273819 38.921623 35.585999
v 169.269821 38.857620 35.428001
v 169.265823 38.779625 35.273998
v 169.259827 38.691620 35.129997
v 169.253815 38.587624 34.991997
v 169.185822 39.041626 36.255997
v 169.185822 39.033623 36.085999
v 169.185822 39.011620 35.916000
v 169.185822 38.975624 35.750000
v 169.183823 38.925621 35.585999
v 169.183823 38.859619 35.428001
v 169.181824 38.783623 35.273998
v 169.181824 38.693619 35.129997
v 169.179825 38.589622 34.991997
v 159.745819 39.041626 36.255997
v 159.745819 39.033623 36.085999
v 153.453827 39.033623 36.085999
v 156.599823 39.033623 36.085999
v 162.893829 39.033623 36.085999
v 166.039825 39.033623 36.085999
v 159.745819 39.011620 35.916000
v 162.893829 39.011620 35.916000
v 153.453827 39.011620 35.916000
v 156.599823 39.011620 35.916000
v 166.039825 39.011620 35.916000
v 162.893829 38.975624 35.750000
v 153.453827 38.975624 35.750000
v 156.599823 38.975624 35.750000
v 159.745819 38.975624 35.750000
v 166.039825 38.975624 35.750000
v 156.599823 38.925621 35.585999
v 159.745819 38.925621 35.585999
v 153.453827 38.925621 35.585999
v 162.893829 38.925621 35.585999
v 166.039825 38.925621 35.585999
v 153.453827 38.859619 35.428001
v 156.599823 38.859619 35.428001
v 159.745819 38.859619 35.428001
v 162.893829 38.859619 35.428001
v 166.039825 38.859619 35.428001
v 153.453827 38.783623 35.273998
v 156.599823 38.783623 35.273998
v 159.745819 38.783623 35.273998
v 162.893829 38.783623 35.273998
v 166.039825 38.783623 35.273998
v 153.453827 38.693619 35.129997
v 156.599823 38.693619 35.129997
v 162.893829 38.693619 35.129997
v 166.039825 38.693619 35.129997
v 159.745819 38.693619 35.129997
v 159.745819 38.589622 34.991997
v 156.601822 17.993622 34.855999
v 159.745819 17.993622 34.855999
v 162.891815 17.993622 34.855999
v 166.035828 17.993622 34.855999
v 169.177826 17.993622 34.855999
v 153.457825 17.993622 34.855999
v 150.315826 17.993622 34.855999
v 153.457825 18.083626 34.709999
v 156.601822 18.083626 34.709999
v 159.745819 18.083626 34.709999
v 162.891815 18.083626 34.709999
v 166.035828 18.083626 34.709999
v 169.175827 18.083626 34.709999
v 150.317810 18.083626 34.709999
v 166.035828 18.159622 34.557999
v 156.601822 18.159622 34.557999
v 159.745819 18.159622 34.557999
v 162.891815 18.159622 34.557999
v 153.457825 18.159622 34.557999
v 150.319824 18.159622 34.557999
v 169.173828 18.159622 34.557999
v 162.891815 18.225624 34.400002
v 166.035828 18.225624 34.400002
v 156.601822 18.225624 34.400002
v 159.745819 18.225624 34.400002
v 150.319824 18.225624 34.400002
v 153.457825 18.225624 34.400002
v 169.173828 18.225624 34.400002
v 162.891815 18.275620 34.236000
v 166.035828 18.275620 34.236000
v 159.745819 18.275620 34.236000
v 156.601822 18.275620 34.236000
v 150.321823 18.275620 34.236000
v 153.457825 18.275620 34.236000
v 169.171814 18.275620 34.236000
v 159.745819 18.311623 34.070000
v 162.891815 18.311623 34.070000
v 166.035828 18.311623 34.070000
v 153.457825 18.311623 34.070000
v 156.601822 18.311623 34.070000
v 150.321823 18.311623 34.070000
v 169.171814 18.311623 34.070000
v 162.891815 18.333626 33.900002
v 166.035828 18.333626 33.900002
v 153.457825 18.333626 33.900002
v 156.601822 18.333626 33.900002
v 150.321823 18.333626 33.900002
v 159.745819 18.333626 33.900002
v 169.171814 18.333626 33.900002
v 150.321823 18.341621 33.727997
v 159.745819 18.341621 33.727997
v 169.171814 18.341621 33.727997
v 150.245819 17.995621 34.855999
v 150.249817 18.085625 34.709999
v 150.255829 18.161621 34.557999
v 150.259827 18.227623 34.400002
v 150.263824 18.277626 34.236000
v 150.265823 18.313622 34.070000
v 150.265823 18.335625 33.900002
v 150.267822 18.341621 33.727997
v 150.191818 17.999626 34.855999
v 150.203827 18.089622 34.709999
v 150.213821 18.165619 34.557999
v 150.223816 18.229622 34.400002
v 150.229828 18.279625 34.236000
v 150.233826 18.315620 34.070000
v 150.237823 18.337624 33.900002
v 150.237823 18.345619 33.727997
v 150.141815 18.009621 34.855999
v 150.159821 18.097626 34.709999
v 150.173828 18.173622 34.557999
v 150.185822 18.235626 34.400002
v 150.195831 18.285622 34.236000
v 150.203827 18.321625 34.070000
v 150.207825 18.343620 33.900002
v 150.209824 18.349625 33.727997
v 150.089813 18.021622 34.855999
v 150.113831 18.107620 34.709999
v 150.133820 18.183624 34.557999
v 150.149811 18.245621 34.400002
v 150.163818 18.293625 34.236000
v 150.173828 18.327621 34.070000
v 150.177826 18.349625 33.900002
v 150.179825 18.357620 33.727997
v 150.039825 18.035622 34.855999
v 150.069824 18.121620 34.709999
v 150.093811 18.193619 34.557999
v 150.115814 18.255623 34.400002
v 150.131821 18.303619 34.236000
v 150.143829 18.337624 34.070000
v 150.149811 18.357620 33.900002
v 150.151825 18.365623 33.727997
v 149.991821 18.053619 34.855999
v 150.025818 18.137619 34.709999
v 150.055817 18.209625 34.557999
v 150.079819 18.269623 34.400002
v 150.099823 18.315620 34.236000
v 150.113831 18.347626 34.070000
v 150.121826 18.369621 33.900002
v 150.125824 18.375626 33.727997
v 149.943817 18.075623 34.855999
v 149.983826 18.157623 34.709999
v 150.017822 18.225624 34.557999
v 150.047821 18.283623 34.400002
v 150.069824 18.329620 34.236000
v 150.085815 18.361626 34.070000
v 150.093811 18.381622 33.900002
v 150.097824 18.387619 33.727997
v 149.897827 18.099625 34.855999
v 149.943817 18.177620 34.709999
v 149.981812 18.245621 34.557999
v 150.013824 18.301620 34.400002
v 150.039825 18.345619 34.236000
v 150.057831 18.375626 34.070000
v 150.067810 18.395622 33.900002
v 150.071823 18.401619 33.727997
v 149.853821 18.127625 34.855999
v 149.903824 18.203621 34.709999
v 149.947815 18.267624 34.557999
v 149.983826 18.321625 34.400002
v 150.011810 18.363625 34.236000
v 150.031830 18.393623 34.070000
v 150.043823 18.411621 33.900002
v 150.047821 18.417625 33.727997
v 149.811829 18.157623 34.855999
v 149.865814 18.229622 34.709999
v 149.913818 18.291626 34.557999
v 149.951813 18.341621 34.400002
v 149.983826 18.381622 34.236000
v 150.005829 18.411621 34.070000
v 150.019821 18.427620 33.900002
v 150.023819 18.433624 33.727997
v 149.771820 18.191620 34.855999
v 149.829819 18.259621 34.709999
v 149.881821 18.317619 34.557999
v 149.923828 18.365623 34.400002
v 149.957825 18.403625 34.236000
v 149.981812 18.431625 34.070000
v 149.995819 18.447624 33.900002
v 149.999817 18.453621 33.727997
v 149.733826 18.227623 34.855999
v 149.797821 18.291626 34.709999
v 149.851822 18.345619 34.557999
v 149.897827 18.391624 34.400002
v 149.933823 18.427620 34.236000
v 149.957825 18.451622 34.070000
v 149.973816 18.467621 33.900002
v 149.979828 18.473625 33.727997
v 149.697815 18.265625 34.855999
v 149.765823 18.323624 34.709999
v 149.823822 18.375626 34.557999
v 149.871826 18.417625 34.400002
v 149.909821 18.451622 34.236000
v 149.937820 18.475624 34.070000
v 149.953827 18.489624 33.900002
v 149.959824 18.493622 33.727997
v 149.663818 18.305626 34.855999
v 149.735825 18.359619 34.709999
v 149.797821 18.407623 34.557999
v 149.847824 18.445625 34.400002
v 149.887817 18.477623 34.236000
v 149.917816 18.499626 34.070000
v 149.933823 18.513626 33.900002
v 149.939819 18.517624 33.727997
v 149.633820 18.347626 34.855999
v 149.709824 18.397621 34.709999
v 149.773819 18.441620 34.557999
v 149.827820 18.477623 34.400002
v 149.869812 18.505623 34.236000
v 149.899811 18.525620 34.070000
v 149.917816 18.537621 33.900002
v 149.923828 18.541626 33.727997
v 149.605820 18.391624 34.855999
v 149.683823 18.437622 34.709999
v 149.751831 18.475624 34.557999
v 149.807831 18.507622 34.400002
v 149.851822 18.533623 34.236000
v 149.881821 18.551620 34.070000
v 149.901825 18.561623 33.900002
v 149.907822 18.565620 33.727997
v 149.581818 18.437622 34.855999
v 149.663818 18.477623 34.709999
v 149.731812 18.511620 34.557999
v 149.789825 18.541626 34.400002
v 149.835815 18.563622 34.236000
v 149.867828 18.579620 34.070000
v 149.887817 18.587624 33.900002
v 149.893829 18.591621 33.727997
v 149.559814 18.485626 34.855999
v 149.643829 18.519623 34.709999
v 149.715820 18.549622 34.557999
v 149.775818 18.573624 34.400002
v 149.821823 18.593620 34.236000
v 149.853821 18.607620 34.070000
v 149.875824 18.615623 33.900002
v 149.881821 18.619621 33.727997
v 149.541824 18.533623 34.855999
v 149.627823 18.563622 34.709999
v 149.699829 18.587624 34.557999
v 149.761810 18.609619 34.400002
v 149.809814 18.625626 34.236000
v 149.843811 18.637619 34.070000
v 149.863831 18.643623 33.900002
v 149.871826 18.645622 33.727997
v 149.527832 18.583626 34.855999
v 149.613831 18.607620 34.709999
v 149.689819 18.627625 34.557999
v 149.751831 18.643623 34.400002
v 149.799820 18.657623 34.236000
v 149.833832 18.667625 34.070000
v 149.855820 18.671623 33.900002
v 149.863831 18.673622 33.727997
v 149.515823 18.635620 34.855999
v 149.603821 18.653625 34.709999
v 149.679825 18.667625 34.557999
v 149.741821 18.679619 34.400002
v 149.791824 18.689621 34.236000
v 149.827820 18.697624 34.070000
v 149.849823 18.701622 33.900002
v 149.855820 18.703621 33.727997
v 149.505829 18.685623 34.855999
v 149.595825 18.697624 34.709999
v 149.671814 18.707619 34.557999
v 149.735825 18.717621 34.400002
v 149.785828 18.723625 34.236000
v 149.821823 18.727623 34.070000
v 149.843811 18.731621 33.900002
v 149.851822 18.731621 33.727997
v 149.501831 18.739624 34.855999
v 149.591827 18.743622 34.709999
v 149.667816 18.749626 34.557999
v 149.733826 18.753624 34.400002
v 149.783813 18.757622 34.236000
v 149.819824 18.759621 34.070000
v 149.841827 18.759621 33.900002
v 149.847824 18.761620 33.727997
v 149.499817 18.809624 34.855999
v 149.589813 18.811623 34.709999
v 149.665833 18.813622 34.557999
v 149.731812 18.813622 34.400002
v 149.781830 18.815620 34.236000
v 149.817810 18.815620 34.070000
v 149.839813 18.815620 33.900002
v 149.847824 18.815620 33.727997
v 149.499817 31.385620 34.855999
v 149.499817 28.241623 34.855999
v 149.499817 37.671623 34.855999
v 149.499817 34.529625 34.855999
v 149.499817 21.953621 34.855999
v 149.499817 25.097626 34.855999
v 149.589813 25.097626 34.709999
v 149.589813 21.953621 34.709999
v 149.589813 31.385620 34.709999
v 149.589813 28.241623 34.709999
v 149.589813 34.529625 34.709999
v 149.589813 37.669624 34.709999
v 149.665833 21.953621 34.557999
v 149.665833 31.385620 34.557999
v 149.665833 28.241623 34.557999
v 149.665833 34.529625 34.557999
v 149.665833 25.097626 34.557999
v 149.665833 37.669624 34.557999
v 149.731812 31.385620 34.400002
v 149.731812 28.241623 34.400002
v 149.731812 21.953621 34.400002
v 149.731812 25.097626 34.400002
v 149.731812 34.529625 34.400002
v 149.731812 37.667625 34.400002
v 149.781830 28.241623 34.236000
v 149.781830 25.097626 34.236000
v 149.781830 21.953621 34.236000
v 149.781830 34.529625 34.236000
v 149.781830 31.385620 34.236000
v 149.781830 37.667625 34.236000
v 149.817810 21.953621 34.070000
v 149.817810 25.097626 34.070000
v 149.817810 28.241623 34.070000
v 149.817810 31.385620 34.070000
v 149.817810 34.529625 34.070000
v 149.817810 37.665619 34.070000
v 149.839813 25.097626 33.900002
v 149.839813 21.953621 33.900002
v 149.839813 31.385620 33.900002
v 149.839813 28.241623 33.900002
v 149.839813 34.529625 33.900002
v 149.839813 37.665619 33.900002
v 149.847824 28.241623 33.727997
v 149.847824 37.665619 33.727997
v 149.501831 37.741623 34.855999
v 149.591827 37.735626 34.709999
v 149.667816 37.729622 34.557999
v 149.733826 37.725624 34.400002
v 149.783813 37.723625 34.236000
v 149.819824 37.719620 34.070000
v 149.841827 37.719620 33.900002
v 149.847824 37.719620 33.727997
v 149.505829 37.789619 34.855999
v 149.595825 37.779625 34.709999
v 149.671814 37.769623 34.557999
v 149.735825 37.761620 34.400002
v 149.785828 37.755623 34.236000
v 149.821823 37.749626 34.070000
v 149.843811 37.747620 33.900002
v 149.851822 37.747620 33.727997
v 149.513824 37.839622 34.855999
v 149.601822 37.823624 34.709999
v 149.677826 37.809624 34.557999
v 149.741821 37.795624 34.400002
v 149.791824 37.787621 34.236000
v 149.825821 37.779625 34.070000
v 149.847824 37.775620 33.900002
v 149.855820 37.775620 33.727997
v 149.525818 37.889626 34.855999
v 149.611816 37.865623 34.709999
v 149.687820 37.847626 34.557999
v 149.749817 37.831619 34.400002
v 149.797821 37.819626 34.236000
v 149.833832 37.809624 34.070000
v 149.853821 37.803619 33.900002
v 149.861816 37.801620 33.727997
v 149.539825 37.937622 34.855999
v 149.623825 37.909622 34.709999
v 149.697815 37.885620 34.557999
v 149.759827 37.865623 34.400002
v 149.807831 37.849625 34.236000
v 149.841827 37.837624 34.070000
v 149.861816 37.831619 33.900002
v 149.869812 37.829620 33.727997
v 149.555817 37.983620 34.855999
v 149.639832 37.951622 34.709999
v 149.711823 37.921623 34.557999
v 149.771820 37.899620 34.400002
v 149.817810 37.879623 34.236000
v 149.851822 37.867622 34.070000
v 149.871826 37.859619 33.900002
v 149.879822 37.855621 33.727997
v 149.575821 38.029625 34.855999
v 149.657822 37.991623 34.709999
v 149.727814 37.959625 34.557999
v 149.785828 37.931625 34.400002
v 149.831818 37.909622 34.236000
v 149.863831 37.893623 34.070000
v 149.883820 37.885620 33.900002
v 149.889832 37.881622 33.727997
v 149.597824 38.075623 34.855999
v 149.677826 38.031624 34.709999
v 149.745819 37.993622 34.557999
v 149.801819 37.963623 34.400002
v 149.845825 37.937622 34.236000
v 149.877823 37.921623 34.070000
v 149.897827 37.909622 33.900002
v 149.903824 37.907623 33.727997
v 149.623825 38.117622 34.855999
v 149.699829 38.069626 34.709999
v 149.765823 38.027626 34.557999
v 149.819824 37.993622 34.400002
v 149.861816 37.965622 34.236000
v 149.893829 37.947624 34.070000
v 149.911819 37.935623 33.900002
v 149.917816 37.931625 33.727997
v 149.651825 38.159622 34.855999
v 149.725830 38.105621 34.709999
v 149.787811 38.059624 34.557999
v 149.839813 38.023621 34.400002
v 149.879822 37.993622 34.236000
v 149.909821 37.971619 34.070000
v 149.927826 37.959625 33.900002
v 149.933823 37.955620 33.727997
v 149.681824 38.199623 34.855999
v 149.751831 38.141624 34.709999
v 149.811829 38.091621 34.557999
v 149.861816 38.051620 34.400002
v 149.899811 38.019623 34.236000
v 149.927826 37.995621 34.070000
v 149.945831 37.981621 33.900002
v 149.951813 37.977623 33.727997
v 149.715820 38.235626 34.855999
v 149.781830 38.175621 34.709999
v 149.837830 38.121620 34.557999
v 149.883820 38.077621 34.400002
v 149.921814 38.043625 34.236000
v 149.947815 38.017624 34.070000
v 149.963821 38.003624 33.900002
v 149.969818 37.997620 33.727997
v 149.751831 38.271622 34.855999
v 149.813812 38.205620 34.709999
v 149.865814 38.149620 34.557999
v 149.909821 38.103622 34.400002
v 149.943817 38.065620 34.236000
v 149.969818 38.039619 34.070000
v 149.983826 38.023621 33.900002
v 149.989822 38.017624 33.727997
v 149.787811 38.305626 34.855999
v 149.845825 38.235626 34.709999
v 149.895813 38.175621 34.557999
v 149.935822 38.125626 34.400002
v 149.969818 38.087624 34.236000
v 149.991821 38.059624 34.070000
v 150.005829 38.041626 33.900002
v 150.009827 38.037621 33.727997
v 149.827820 38.335625 34.855999
v 149.881821 38.261620 34.709999
v 149.925812 38.199623 34.557999
v 149.963821 38.147621 34.400002
v 149.993820 38.107620 34.236000
v 150.015823 38.077621 34.070000
v 150.027832 38.059624 33.900002
v 150.033813 38.053619 33.727997
v 149.869812 38.363625 34.855999
v 149.917816 38.287621 34.709999
v 149.959824 38.221619 34.557999
v 149.993820 38.167625 34.400002
v 150.021820 38.125626 34.236000
v 150.039825 38.093636 34.070000
v 150.051819 38.075623 33.900002
v 150.055817 38.069626 33.727997
v 149.911819 38.389626 34.855999
v 149.955811 38.309624 34.709999
v 149.993820 38.241623 34.557999
v 150.023819 38.185623 34.400002
v 150.047821 38.141624 34.236000
v 150.065826 38.109619 34.070000
v 150.075821 38.091621 33.900002
v 150.079819 38.083626 33.727997
v 149.957825 38.411621 34.855999
v 149.995819 38.329620 34.709999
v 150.029816 38.259621 34.557999
v 150.055817 38.201622 34.400002
v 150.077820 38.155624 34.236000
v 150.093811 38.123619 34.070000
v 150.101822 38.103622 33.900002
v 150.105820 38.097626 33.727997
v 150.003815 38.431625 34.855999
v 150.035828 38.347626 34.709999
v 150.065826 38.275620 34.557999
v 150.087830 38.215622 34.400002
v 150.107819 38.169624 34.236000
v 150.119812 38.135620 34.070000
v 150.127823 38.115623 33.900002
v 150.131821 38.107620 33.727997
v 150.049820 38.449623 34.855999
v 150.077820 38.363625 34.709999
v 150.101822 38.289619 34.557999
v 150.121826 38.227623 34.400002
v 150.137817 38.179619 34.236000
v 150.147827 38.145622 34.070000
v 150.155823 38.125626 33.900002
v 150.157822 38.117622 33.727997
v 150.097824 38.463623 34.855999
v 150.121826 38.375626 34.709999
v 150.139832 38.299622 34.557999
v 150.155823 38.237625 34.400002
v 150.169830 38.189621 34.236000
v 150.177826 38.153625 34.070000
v 150.183823 38.133621 33.900002
v 150.185822 38.125626 33.727997
v 150.147827 38.473625 34.855999
v 150.163818 38.385620 34.709999
v 150.179825 38.309624 34.557999
v 150.191818 38.245621 34.400002
v 150.199829 38.195625 34.236000
v 150.207825 38.159622 34.070000
v 150.211823 38.139626 33.900002
v 150.213821 38.131622 33.727997
v 150.197815 38.481621 34.855999
v 150.207825 38.391624 34.709999
v 150.217819 38.315620 34.557999
v 150.225830 38.251625 34.400002
v 150.231812 38.201622 34.236000
v 150.237823 38.165619 34.070000
v 150.239822 38.143623 33.900002
v 150.239822 38.135620 33.727997
v 150.245819 38.485626 34.855999
v 150.251831 38.395622 34.709999
v 150.257812 38.317619 34.557999
v 150.261810 38.253624 34.400002
v 150.263824 38.203621 34.236000
v 150.265823 38.167625 34.070000
v 150.267822 38.145622 33.900002
v 150.267822 38.139626 33.727997
v 150.315826 38.487625 34.855999
v 150.317810 38.397621 34.709999
v 150.317810 38.321625 34.557999
v 150.319824 38.255623 34.400002
v 150.319824 38.205620 34.236000
v 150.319824 38.169624 34.070000
v 150.321823 38.147621 33.900002
v 150.321823 38.139626 33.727997
v 169.285828 17.443619 42.400002
v 169.373825 17.453621 42.400002
v 169.459824 17.467621 42.400002
v 169.545822 17.487625 42.400002
v 169.631821 17.513626 42.400002
v 169.713821 17.543625 42.400002
v 169.793823 17.579620 42.400002
v 169.871826 17.621620 42.400002
v 169.945816 17.667625 42.400002
v 170.017822 17.719620 42.400002
v 170.085815 17.775620 42.400002
v 170.151825 17.835625 42.400002
v 170.211823 17.901619 42.400002
v 170.267822 17.969620 42.400002
v 170.319824 18.039619 42.400002
v 170.365814 18.115623 42.400002
v 170.407822 18.193619 42.400002
v 170.443817 18.273621 42.400002
v 170.475815 18.357620 42.400002
v 170.499817 18.441620 42.400002
v 170.519821 18.527626 42.400002
v 170.535828 18.613625 42.400002
v 170.543823 18.701622 42.400002
v 170.547821 18.801620 42.400002
v 170.547821 28.241623 39.327999
v 170.547821 37.679619 42.400002
v 170.547821 28.241623 42.400002
v 170.543823 37.775620 42.400002
v 170.535828 37.859619 42.400002
v 170.521820 37.943619 42.400002
v 170.503815 38.025620 42.400002
v 170.479828 38.107620 42.400002
v 170.451828 38.187622 42.400002
v 170.417816 38.265625 42.400002
v 170.379822 38.341621 42.400002
v 170.335815 38.413620 42.400002
v 170.287827 38.483620 42.400002
v 170.235825 38.551620 42.400002
v 170.179825 38.615623 42.400002
v 170.121826 38.673622 42.400002
v 170.057816 38.729622 42.400002
v 169.989822 38.781624 42.400002
v 169.919815 38.829620 42.400002
v 169.847824 38.873619 42.400002
v 169.771820 38.911621 42.400002
v 169.693817 38.945625 42.400002
v 169.613815 38.973625 42.400002
v 169.531815 38.997620 42.400002
v 169.449814 39.015625 42.400002
v 169.365814 39.029625 42.400002
v 169.281815 39.037621 42.400002
v 169.185822 39.041626 42.400002
v 159.745819 39.041626 42.400002
v 159.745819 39.041626 39.327999
v 150.307831 39.041626 42.400002
v 150.211823 39.037621 42.400002
v 159.745819 38.487625 34.855999
v 153.457825 38.487625 34.855999
v 156.601822 38.487625 34.855999
v 162.891815 38.487625 34.855999
v 166.035828 38.487625 34.855999
v 169.177826 38.487625 34.855999
v 159.745819 38.397621 34.709999
v 162.891815 38.397621 34.709999
v 153.457825 38.397621 34.709999
v 156.601822 38.397621 34.709999
v 166.035828 38.397621 34.709999
v 169.175827 38.397621 34.709999
v 162.891815 38.321625 34.557999
v 153.457825 38.321625 34.557999
v 156.601822 38.321625 34.557999
v 159.745819 38.321625 34.557999
v 166.035828 38.321625 34.557999
v 169.175827 38.321625 34.557999
v 156.601822 38.255623 34.400002
v 159.745819 38.255623 34.400002
v 153.457825 38.255623 34.400002
v 162.891815 38.255623 34.400002
v 166.035828 38.255623 34.400002
v 169.173828 38.255623 34.400002
v 153.457825 38.205620 34.236000
v 156.601822 38.205620 34.236000
v 159.745819 38.205620 34.236000
v 162.891815 38.205620 34.236000
v 166.035828 38.205620 34.236000
v 169.173828 38.205620 34.236000
v 153.457825 38.169624 34.070000
v 156.601822 38.169624 34.070000
v 159.745819 38.169624 34.070000
v 162.891815 38.169624 34.070000
v 166.035828 38.169624 34.070000
v 169.171814 38.169624 34.070000
v 153.457825 38.147621 33.900002
v 156.601822 38.147621 33.900002
v 162.891815 38.147621 33.900002
v 166.035828 38.147621 33.900002
v 159.745819 38.147621 33.900002
v 169.171814 38.147621 33.900002
v 159.745819 38.139626 33.727997
v 169.171814 38.139626 33.727997
v 169.247818 38.485626 34.855999
v 169.241821 38.395622 34.709999
v 169.235825 38.317619 34.557999
v 169.231827 38.253624 34.400002
v 169.229828 38.203621 34.236000
v 169.225815 38.167625 34.070000
v 169.225815 38.145622 33.900002
v 169.225815 38.139626 33.727997
v 169.295822 38.481621 34.855999
v 169.285828 38.391624 34.709999
v 169.275818 38.315620 34.557999
v 169.267822 38.251625 34.400002
v 169.261826 38.201622 34.236000
v 169.255829 38.165619 34.070000
v 169.253815 38.143623 33.900002
v 169.253815 38.135620 33.727997
v 169.345825 38.473625 34.855999
v 169.329819 38.385620 34.709999
v 169.315826 38.309624 34.557999
v 169.301819 38.245621 34.400002
v 169.293823 38.195625 34.236000
v 169.285828 38.159622 34.070000
v 169.281815 38.139626 33.900002
v 169.281815 38.131622 33.727997
v 169.395828 38.463623 34.855999
v 169.371826 38.375626 34.709999
v 169.353821 38.299622 34.557999
v 169.337814 38.237625 34.400002
v 169.325821 38.189621 34.236000
v 169.315826 38.153625 34.070000
v 169.309814 38.133621 33.900002
v 169.307816 38.125626 33.727997
v 169.443817 38.449623 34.855999
v 169.415817 38.363625 34.709999
v 169.391815 38.289619 34.557999
v 169.371826 38.227623 34.400002
v 169.355820 38.179619 34.236000
v 169.343826 38.145622 34.070000
v 169.337814 38.125626 33.900002
v 169.335815 38.117622 33.727997
v 169.489822 38.431625 34.855999
v 169.457825 38.347626 34.709999
v 169.427826 38.275620 34.557999
v 169.405823 38.215622 34.400002
v 169.385818 38.169624 34.236000
v 169.373825 38.135620 34.070000
v 169.365814 38.115623 33.900002
v 169.361816 38.107620 33.727997
v 169.535828 38.411621 34.855999
v 169.497818 38.329620 34.709999
v 169.465820 38.259621 34.557999
v 169.437820 38.201622 34.400002
v 169.415817 38.155624 34.236000
v 169.399826 38.123619 34.070000
v 169.391815 38.103622 33.900002
v 169.387817 38.097626 33.727997
v 169.581818 38.389626 34.855999
v 169.537827 38.309624 34.709999
v 169.499817 38.241623 34.557999
v 169.469818 38.185623 34.400002
v 169.443817 38.141624 34.236000
v 169.427826 38.109619 34.070000
v 169.415817 38.091621 33.900002
v 169.413818 38.083626 33.727997
v 169.623825 38.363625 34.855999
v 169.575821 38.287621 34.709999
v 169.533829 38.221619 34.557999
v 169.499817 38.167625 34.400002
v 169.471817 38.125626 34.236000
v 169.453827 38.093636 34.070000
v 169.441818 38.075623 33.900002
v 169.437820 38.069626 33.727997
v 169.665817 38.335625 34.855999
v 169.611816 38.261620 34.709999
v 169.565826 38.199623 34.557999
v 169.529816 38.147621 34.400002
v 169.499817 38.107620 34.236000
v 169.477814 38.077621 34.070000
v 169.465820 38.059624 33.900002
v 169.461823 38.053619 33.727997
v 169.705826 38.305626 34.855999
v 169.647827 38.235626 34.709999
v 169.597824 38.175621 34.557999
v 169.557816 38.125626 34.400002
v 169.525818 38.087624 34.236000
v 169.501816 38.059624 34.070000
v 169.487823 38.041626 33.900002
v 169.483826 38.037621 33.727997
v 169.741821 38.271622 34.855999
v 169.681824 38.205620 34.709999
v 169.627823 38.149620 34.557999
v 169.583817 38.103622 34.400002
v 169.549820 38.065620 34.236000
v 169.523819 38.039619 34.070000
v 169.509827 38.023621 33.900002
v 169.503815 38.017624 33.727997
v 169.777817 38.235626 34.855999
v 169.711823 38.175621 34.709999
v 169.655823 38.121620 34.557999
v 169.609818 38.077621 34.400002
v 169.571823 38.043625 34.236000
v 169.545822 38.017624 34.070000
v 169.529816 38.003624 33.900002
v 169.523819 37.997620 33.727997
v 169.811829 38.199623 34.855999
v 169.741821 38.141624 34.709999
v 169.681824 38.091621 34.557999
v 169.631821 38.051620 34.400002
v 169.593826 38.019623 34.236000
v 169.565826 37.995621 34.070000
v 169.547821 37.981621 33.900002
v 169.543823 37.977623 33.727997
v 169.841827 38.159622 34.855999
v 169.767822 38.105621 34.709999
v 169.705826 38.059624 34.557999
v 169.653824 38.023621 34.400002
v 169.613815 37.993622 34.236000
v 169.583817 37.971619 34.070000
v 169.565826 37.959625 33.900002
v 169.559814 37.955620 33.727997
v 169.869827 38.117622 34.855999
v 169.793823 38.069626 34.709999
v 169.727814 38.027626 34.557999
v 169.673828 37.993622 34.400002
v 169.631821 37.965622 34.236000
v 169.599823 37.947624 34.070000
v 169.581818 37.935623 33.900002
v 169.575821 37.931625 33.727997
v 169.895828 38.075623 34.855999
v 169.815826 38.031624 34.709999
v 169.747818 37.993622 34.557999
v 169.691818 37.963623 34.400002
v 169.647827 37.937622 34.236000
v 169.615814 37.921623 34.070000
v 169.597824 37.909622 33.900002
v 169.589828 37.907623 33.727997
v 169.917816 38.029625 34.855999
v 169.835815 37.991623 34.709999
v 169.765823 37.959625 34.557999
v 169.707825 37.931625 34.400002
v 169.661819 37.909622 34.236000
v 169.629822 37.893623 34.070000
v 169.609818 37.885620 33.900002
v 169.603821 37.881622 33.727997
v 169.937820 37.983620 34.855999
v 169.853821 37.951622 34.709999
v 169.781815 37.921623 34.557999
v 169.721817 37.899620 34.400002
v 169.675827 37.879623 34.236000
v 169.641815 37.867622 34.070000
v 169.621826 37.859619 33.900002
v 169.613815 37.855621 33.727997
v 169.955826 37.937622 34.855999
v 169.869827 37.909622 34.709999
v 169.795822 37.885620 34.557999
v 169.733826 37.865623 34.400002
v 169.685822 37.849625 34.236000
v 169.651825 37.837624 34.070000
v 169.631821 37.831619 33.900002
v 169.623825 37.829620 33.727997
v 169.969818 37.889626 34.855999
v 169.881821 37.865623 34.709999
v 169.805817 37.847626 34.557999
v 169.743820 37.831619 34.400002
v 169.695816 37.819626 34.236000
v 169.659821 37.809624 34.070000
v 169.639816 37.803619 33.900002
v 169.631821 37.801620 33.727997
v 169.979828 37.839622 34.855999
v 169.891815 37.823624 34.709999
v 169.815826 37.809624 34.557999
v 169.751816 37.795624 34.400002
v 169.701828 37.787621 34.236000
v 169.665817 37.779625 34.070000
v 169.645828 37.775620 33.900002
v 169.637817 37.775620 33.727997
v 169.987823 37.789619 34.855999
v 169.897827 37.779625 34.709999
v 169.821823 37.769623 34.557999
v 169.757828 37.761620 34.400002
v 169.707825 37.755623 34.236000
v 169.671814 37.749626 34.070000
v 169.649826 37.747620 33.900002
v 169.641815 37.747620 33.727997
v 169.991821 37.741623 34.855999
v 169.901825 37.735626 34.709999
v 169.823822 37.729622 34.557999
v 169.759827 37.725624 34.400002
v 169.709824 37.723625 34.236000
v 169.673828 37.719620 34.070000
v 169.651825 37.719620 33.900002
v 169.645828 37.719620 33.727997
v 169.993820 37.671623 34.855999
v 169.903824 37.669624 34.709999
v 169.827820 37.669624 34.557999
v 169.761826 37.667625 34.400002
v 169.711823 37.667625 34.236000
v 169.675827 37.665619 34.070000
v 169.653824 37.665619 33.900002
v 169.645828 37.665619 33.727997
v 169.993820 28.241623 34.855999
v 169.993820 25.097626 34.855999
v 169.993820 21.953621 34.855999
v 169.993820 18.809624 34.855999
v 169.993820 31.385620 34.855999
v 169.993820 34.529625 34.855999
v 169.903824 25.097626 34.709999
v 169.903824 28.241623 34.709999
v 169.903824 31.385620 34.709999
v 169.903824 34.529625 34.709999
v 169.903824 21.953621 34.709999
v 169.903824 18.811623 34.709999
v 169.827820 34.529625 34.557999
v 169.827820 18.813622 34.557999
v 169.827820 31.385620 34.557999
v 169.827820 25.097626 34.557999
v 169.827820 28.241623 34.557999
v 169.827820 21.953621 34.557999
v 169.761826 28.241623 34.400002
v 169.761826 31.385620 34.400002
v 169.761826 34.529625 34.400002
v 169.761826 25.097626 34.400002
v 169.761826 21.953621 34.400002
v 169.761826 18.813622 34.400002
v 169.711823 34.529625 34.236000
v 169.711823 28.241623 34.236000
v 169.711823 31.385620 34.236000
v 169.711823 25.097626 34.236000
v 169.711823 18.815620 34.236000
v 169.711823 21.953621 34.236000
v 169.675827 28.241623 34.070000
v 169.675827 34.529625 34.070000
v 169.675827 31.385620 34.070000
v 169.675827 18.815620 34.070000
v 169.675827 21.953621 34.070000
v 169.675827 25.097626 34.070000
v 169.653824 31.385620 33.900002
v 169.653824 18.815620 33.900002
v 169.653824 21.953621 33.900002
v 169.653824 34.529625 33.900002
v 169.653824 25.097626 33.900002
v 169.653824 28.241623 33.900002
v 169.645828 18.815620 33.727997
v 169.645828 28.241623 33.727997
v 169.991821 18.739624 34.855999
v 169.901825 18.743622 34.709999
v 169.823822 18.749626 34.557999
v 169.759827 18.753624 34.400002
v 169.709824 18.757622 34.236000
v 169.673828 18.759621 34.070000
v 169.651825 18.759621 33.900002
v 169.645828 18.761620 33.727997
v 169.987823 18.685623 34.855999
v 169.897827 18.697624 34.709999
v 169.819824 18.707619 34.557999
v 169.757828 18.717621 34.400002
v 169.707825 18.723625 34.236000
v 169.671814 18.727623 34.070000
v 169.649826 18.731621 33.900002
v 169.641815 18.731621 33.727997
v 169.977814 18.635620 34.855999
v 169.889816 18.653625 34.709999
v 169.813828 18.667625 34.557999
v 169.751816 18.679619 34.400002
v 169.701828 18.689621 34.236000
v 169.665817 18.697624 34.070000
v 169.643814 18.701622 33.900002
v 169.637817 18.703621 33.727997
v 169.967819 18.583626 34.855999
v 169.879822 18.607620 34.709999
v 169.803818 18.627625 34.557999
v 169.741821 18.643623 34.400002
v 169.693817 18.657623 34.236000
v 169.659821 18.667625 34.070000
v 169.637817 18.671623 33.900002
v 169.631821 18.673622 33.727997
v 169.951828 18.533623 34.855999
v 169.865814 18.563622 34.709999
v 169.791824 18.587624 34.557999
v 169.731827 18.609619 34.400002
v 169.683823 18.625626 34.236000
v 169.649826 18.637619 34.070000
v 169.629822 18.643623 33.900002
v 169.621826 18.645622 33.727997
v 169.933823 18.485626 34.855999
v 169.849823 18.519623 34.709999
v 169.777817 18.549622 34.557999
v 169.719818 18.573624 34.400002
v 169.671814 18.593620 34.236000
v 169.637817 18.607620 34.070000
v 169.617828 18.615623 33.900002
v 169.611816 18.619621 33.727997
v 169.911819 18.437622 34.855999
v 169.831818 18.477623 34.709999
v 169.761826 18.511620 34.557999
v 169.703827 18.541626 34.400002
v 169.657822 18.563622 34.236000
v 169.625824 18.579620 34.070000
v 169.605820 18.587624 33.900002
v 169.599823 18.591621 33.727997
v 169.887817 18.391624 34.855999
v 169.809814 18.437622 34.709999
v 169.741821 18.475624 34.557999
v 169.685822 18.507622 34.400002
v 169.641815 18.533623 34.236000
v 169.611816 18.551620 34.070000
v 169.591827 18.561623 33.900002
v 169.585815 18.565620 33.727997
v 169.859818 18.347626 34.855999
v 169.783829 18.397621 34.709999
v 169.719818 18.441620 34.557999
v 169.665817 18.477623 34.400002
v 169.623825 18.505623 34.236000
v 169.593826 18.525620 34.070000
v 169.575821 18.537621 33.900002
v 169.569824 18.541626 33.727997
v 169.829819 18.305626 34.855999
v 169.757828 18.359619 34.709999
v 169.695816 18.407623 34.557999
v 169.645828 18.445625 34.400002
v 169.605820 18.477623 34.236000
v 169.575821 18.499626 34.070000
v 169.559814 18.513626 33.900002
v 169.553818 18.517624 33.727997
v 169.795822 18.265625 34.855999
v 169.727814 18.323624 34.709999
v 169.669815 18.375626 34.557999
v 169.621826 18.417625 34.400002
v 169.583817 18.451622 34.236000
v 169.555817 18.475624 34.070000
v 169.539825 18.489624 33.900002
v 169.533829 18.493622 33.727997
v 169.759827 18.227623 34.855999
v 169.695816 18.291626 34.709999
v 169.641815 18.345619 34.557999
v 169.595825 18.391624 34.400002
v 169.559814 18.427620 34.236000
v 169.535828 18.451622 34.070000
v 169.519821 18.467621 33.900002
v 169.513824 18.473625 33.727997
v 169.721817 18.191620 34.855999
v 169.663818 18.259621 34.709999
v 169.611816 18.317619 34.557999
v 169.569824 18.365623 34.400002
v 169.535828 18.403625 34.236000
v 169.511826 18.431625 34.070000
v 169.497818 18.447624 33.900002
v 169.493820 18.453621 33.727997
v 169.681824 18.157623 34.855999
v 169.627823 18.229622 34.709999
v 169.579819 18.291626 34.557999
v 169.541824 18.341621 34.400002
v 169.509827 18.381622 34.236000
v 169.487823 18.411621 34.070000
v 169.473816 18.427620 33.900002
v 169.469818 18.433624 33.727997
v 169.639816 18.127625 34.855999
v 169.589828 18.203621 34.709999
v 169.545822 18.267624 34.557999
v 169.509827 18.321625 34.400002
v 169.481827 18.363625 34.236000
v 169.461823 18.393623 34.070000
v 169.449814 18.411621 33.900002
v 169.445816 18.417625 33.727997
v 169.595825 18.099625 34.855999
v 169.549820 18.177620 34.709999
v 169.511826 18.245621 34.557999
v 169.479828 18.301620 34.400002
v 169.453827 18.345619 34.236000
v 169.435822 18.375626 34.070000
v 169.425827 18.395622 33.900002
v 169.421814 18.401619 33.727997
v 169.549820 18.075623 34.855999
v 169.509827 18.157623 34.709999
v 169.475815 18.225624 34.557999
v 169.445816 18.283623 34.400002
v 169.423828 18.329620 34.236000
v 169.407822 18.361626 34.070000
v 169.397827 18.381622 33.900002
v 169.395828 18.387619 33.727997
v 169.501816 18.053619 34.855999
v 169.467819 18.137619 34.709999
v 169.437820 18.209625 34.557999
v 169.413818 18.269623 34.400002
v 169.393814 18.315620 34.236000
v 169.379822 18.347626 34.070000
v 169.371826 18.369621 33.900002
v 169.369827 18.375626 33.727997
v 169.453827 18.035622 34.855999
v 169.423828 18.121620 34.709999
v 169.399826 18.193619 34.557999
v 169.377823 18.255623 34.400002
v 169.361816 18.303619 34.236000
v 169.349823 18.337624 34.070000
v 169.343826 18.357620 33.900002
v 169.341827 18.365623 33.727997
v 169.403824 18.021622 34.855999
v 169.379822 18.107620 34.709999
v 169.359818 18.183624 34.557999
v 169.343826 18.245621 34.400002
v 169.329819 18.293625 34.236000
v 169.319824 18.327621 34.070000
v 169.315826 18.349625 33.900002
v 169.313828 18.357620 33.727997
v 169.351822 18.009621 34.855999
v 169.333817 18.097626 34.709999
v 169.319824 18.173622 34.557999
v 169.307816 18.235626 34.400002
v 169.297821 18.285622 34.236000
v 169.289825 18.321625 34.070000
v 169.285828 18.343620 33.900002
v 169.283829 18.349625 33.727997
v 169.301819 17.999626 34.855999
v 169.289825 18.089622 34.709999
v 169.279816 18.165619 34.557999
v 169.269821 18.229622 34.400002
v 169.263824 18.279625 34.236000
v 169.259827 18.315620 34.070000
v 169.255829 18.337624 33.900002
v 169.255829 18.345619 33.727997
v 169.249817 17.995621 34.855999
v 169.243820 18.085625 34.709999
v 169.237823 18.161621 34.557999
v 169.233826 18.227623 34.400002
v 169.229828 18.277626 34.236000
v 169.227814 18.313622 34.070000
v 169.225815 18.335625 33.900002
v 169.225815 18.341621 33.727997
v 169.307816 38.125626 44.397999
v 169.281815 38.131622 42.400002
v 169.281815 38.131622 44.397999
v 169.307816 38.125626 42.400002
v 169.281815 38.131622 26.399998
v 169.307816 38.125626 26.399998
v 169.335815 38.117622 44.397999
v 169.335815 38.117622 42.400002
v 169.335815 38.117622 26.399998
v 169.361816 38.107620 44.397999
v 169.361816 38.107620 42.400002
v 169.361816 38.107620 26.399998
v 169.387817 38.097626 44.397999
v 169.387817 38.097626 42.400002
v 169.387817 38.097626 26.399998
v 169.413818 38.083626 44.397999
v 169.413818 38.083626 42.400002
v 169.413818 38.083626 26.399998
v 169.437820 38.069626 44.397999
v 169.437820 38.069626 42.400002
v 169.437820 38.069626 26.399998
v 169.461823 38.053619 44.397999
v 169.461823 38.053619 42.400002
v 169.461823 38.053619 26.399998
v 169.483826 38.037621 44.397999
v 169.483826 38.037621 42.400002
v 169.483826 38.037621 26.399998
v 169.503815 38.017624 44.397999
v 169.503815 38.017624 42.400002
v 169.503815 38.017624 26.399998
v 169.523819 37.997620 42.400002
v 169.523819 37.997620 44.397999
v 169.523819 37.997620 26.399998
v 169.543823 37.977623 42.400002
v 169.543823 37.977623 44.397999
v 169.543823 37.977623 26.399998
v 169.559814 37.955620 42.400002
v 169.559814 37.955620 44.397999
v 169.559814 37.955620 26.399998
v 169.575821 37.931625 42.400002
v 169.575821 37.931625 44.397999
v 169.575821 37.931625 26.399998
v 169.589828 37.907623 42.400002
v 169.589828 37.907623 44.397999
v 169.589828 37.907623 26.399998
v 169.603821 37.881622 42.400002
v 169.603821 37.881622 44.397999
v 169.603821 37.881622 26.399998
v 169.613815 37.855621 42.400002
v 169.613815 37.855621 44.397999
v 169.613815 37.855621 26.399998
v 169.623825 37.829620 42.400002
v 169.623825 37.829620 44.397999
v 169.623825 37.829620 26.399998
v 169.631821 37.801620 42.400002
v 169.631821 37.801620 44.397999
v 169.631821 37.801620 26.399998
v 169.637817 37.775620 42.400002
v 169.637817 37.775620 44.397999
v 169.637817 37.775620 26.399998
v 169.641815 37.747620 42.400002
v 169.641815 37.747620 44.397999
v 169.641815 37.747620 26.399998
v 169.645828 37.719620 42.400002
v 169.645828 37.719620 44.397999
v 169.645828 37.719620 26.399998
v 169.645828 37.665619 42.400002
v 169.645828 37.665619 44.397999
v 169.645828 37.665619 26.399998
v 169.645828 28.241623 43.400002
v 169.645828 18.815620 42.400002
v 169.645828 28.241623 42.400002
v 169.645828 29.439621 28.897999
v 169.645828 28.241623 44.397999
v 169.645828 18.815620 44.397999
v 169.645828 29.439621 26.399998
v 169.645828 27.039619 28.897999
v 169.645828 18.815620 26.399998
v 169.645828 27.039619 26.399998
v 169.645828 18.761620 42.400002
v 169.645828 18.761620 44.397999
v 169.645828 18.761620 26.399998
v 169.641815 18.731621 42.400002
v 169.641815 18.731621 44.397999
v 169.641815 18.731621 26.399998
v 169.637817 18.703621 42.400002
v 169.637817 18.703621 44.397999
v 169.637817 18.703621 26.399998
v 169.631821 18.673622 42.400002
v 169.631821 18.673622 44.397999
v 169.631821 18.673622 26.399998
v 169.621826 18.645622 42.400002
v 169.621826 18.645622 44.397999
v 169.621826 18.645622 26.399998
v 169.611816 18.619621 42.400002
v 169.611816 18.619621 44.397999
v 169.611816 18.619621 26.399998
v 169.599823 18.591621 42.400002
v 169.599823 18.591621 44.397999
v 169.599823 18.591621 26.399998
v 169.585815 18.565620 42.400002
v 169.585815 18.565620 44.397999
v 169.585815 18.565620 26.399998
v 169.569824 18.541626 42.400002
v 169.569824 18.541626 44.397999
v 169.569824 18.541626 26.399998
v 169.553818 18.517624 42.400002
v 169.553818 18.517624 44.397999
v 169.553818 18.517624 26.399998
v 169.533829 18.493622 42.400002
v 169.533829 18.493622 44.397999
v 169.533829 18.493622 26.399998
v 169.513824 18.473625 42.400002
v 169.513824 18.473625 44.397999
v 169.513824 18.473625 26.399998
v 169.493820 18.453621 42.400002
v 169.493820 18.453621 44.397999
v 169.493820 18.453621 26.399998
v 169.469818 18.433624 42.400002
v 169.469818 18.433624 44.397999
v 169.469818 18.433624 26.399998
v 169.445816 18.417625 42.400002
v 169.445816 18.417625 44.397999
v 169.445816 18.417625 26.399998
v 169.421814 18.401619 42.400002
v 169.421814 18.401619 44.397999
v 169.421814 18.401619 26.399998
v 169.395828 18.387619 42.400002
v 169.395828 18.387619 44.397999
v 169.395828 18.387619 26.399998
v 169.369827 18.375626 42.400002
v 169.369827 18.375626 44.397999
v 169.369827 18.375626 26.399998
v 169.341827 18.365623 42.400002
v 169.341827 18.365623 44.397999
v 169.341827 18.365623 26.399998
v 169.313828 18.357620 42.400002
v 169.313828 18.357620 44.397999
v 169.313828 18.357620 26.399998
v 169.283829 18.349625 42.400002
v 169.283829 18.349625 44.397999
v 169.283829 18.349625 26.399998
v 169.255829 18.345619 42.400002
v 169.255829 18.345619 44.397999
v 169.255829 18.345619 26.399998
v 169.225815 18.341621 42.400002
v 169.225815 18.341621 44.397999
v 169.225815 18.341621 26.399998
v 169.171814 18.341621 42.400002
v 169.171814 18.341621 44.397999
v 169.171814 18.341621 26.399998
v 150.321823 18.341621 42.400002
v 159.745819 18.341621 42.400002
v 159.745819 18.341621 43.400002
v 159.745819 18.341621 44.397999
v 150.321823 18.341621 44.397999
v 150.321823 18.341621 26.399998
v 158.545822 18.341621 28.897999
v 160.945831 18.341621 28.897999
v 158.545822 18.341621 26.399998
v 160.945831 18.341621 26.399998
v 150.267822 18.341621 42.400002
v 150.267822 18.341621 44.397999
v 150.267822 18.341621 26.399998
v 150.237823 18.345619 42.400002
v 150.237823 18.345619 44.397999
v 150.237823 18.345619 26.399998
v 150.209824 18.349625 42.400002
v 150.209824 18.349625 44.397999
v 150.209824 18.349625 26.399998
v 149.847824 37.665619 42.400002
v 148.945831 37.679619 42.400002
v 149.395813 28.247627 42.400002
v 149.847824 28.241623 42.400002
v 149.847824 18.815620 42.400002
v 169.171814 38.139626 42.400002
v 159.753815 17.889626 42.400002
v 148.945831 18.801620 42.400002
v 170.095825 28.247627 42.400002
v 150.307831 17.439621 42.400002
v 159.739822 38.589622 42.400002
v 150.321823 38.139626 42.400002
v 159.745819 38.139626 42.400002
v 159.745819 17.439621 42.400002
v 149.847824 18.761620 42.400002
v 148.945831 28.241623 42.400002
v 169.185822 17.439621 42.400002
v 149.699829 17.579620 42.400002
v 149.779816 17.543625 42.400002
v 150.207825 17.443619 42.400002
v 149.281830 17.901619 42.400002
v 149.341827 17.835625 42.400002
v 150.119812 17.453621 42.400002
v 150.033813 17.467621 42.400002
v 149.947815 17.487625 42.400002
v 149.863831 17.513626 42.400002
v 149.475830 17.719620 42.400002
v 149.545822 17.667625 42.400002
v 149.127823 18.115623 42.400002
v 149.173828 18.039619 42.400002
v 149.621826 17.621620 42.400002
v 149.407822 17.775620 42.400002
v 149.225830 17.969620 42.400002
v 150.267822 38.139626 42.400002
v 150.239822 38.135620 42.400002
v 149.085815 18.193619 42.400002
v 150.127823 39.029625 42.400002
v 150.043823 39.015625 42.400002
v 150.213821 38.131622 42.400002
v 149.049820 18.273621 42.400002
v 149.961823 38.997620 42.400002
v 150.185822 38.125626 42.400002
v 149.879822 38.973625 42.400002
v 150.157822 38.117622 42.400002
v 150.131821 38.107620 42.400002
v 150.179825 18.357620 42.400002
v 150.151825 18.365623 42.400002
v 149.799820 38.945625 42.400002
v 149.721832 38.911621 42.400002
v 150.023819 18.433624 42.400002
v 149.999817 18.453621 42.400002
v 150.105820 38.097626 42.400002
v 149.645813 38.873619 42.400002
v 150.079819 38.083626 42.400002
v 149.573822 38.829620 42.400002
v 150.055817 38.069626 42.400002
v 150.097824 18.387619 42.400002
v 150.071823 18.401619 42.400002
v 150.033813 38.053619 42.400002
v 149.503815 38.781624 42.400002
v 149.435822 38.729622 42.400002
v 150.009827 38.037621 42.400002
v 149.373825 38.673622 42.400002
v 149.313812 38.615623 42.400002
v 149.989822 38.017624 42.400002
v 149.959824 18.493622 42.400002
v 149.939819 18.517624 42.400002
v 149.969818 37.997620 42.400002
v 149.205811 38.483620 42.400002
v 149.933823 37.955620 42.400002
v 149.255829 38.551620 42.400002
v 149.951813 37.977623 42.400002
v 149.157822 38.413620 42.400002
v 149.871826 18.645622 42.400002
v 149.019821 18.357620 42.400002
v 149.917816 37.931625 42.400002
v 149.113831 38.341621 42.400002
v 149.903824 37.907623 42.400002
v 149.075821 38.265625 42.400002
v 149.889832 37.881622 42.400002
v 149.907822 18.565620 42.400002
v 149.893829 18.591621 42.400002
v 149.879822 37.855621 42.400002
v 149.041824 38.187622 42.400002
v 149.013824 38.107620 42.400002
v 149.869812 37.829620 42.400002
v 148.989822 38.025620 42.400002
v 149.861816 37.801620 42.400002
v 148.993820 18.441620 42.400002
v 149.863831 18.673622 42.400002
v 149.855820 18.703621 42.400002
v 148.957825 37.859619 42.400002
v 149.851822 37.747620 42.400002
v 148.971832 37.943619 42.400002
v 149.855820 37.775620 42.400002
v 148.949829 37.775620 42.400002
v 149.847824 37.719620 42.400002
v 148.949829 18.701622 42.400002
v 149.851822 18.731621 42.400002
v 148.959824 18.613625 42.400002
v 148.973816 18.527626 42.400002
v 149.881821 18.619621 42.400002
v 149.923828 18.541626 42.400002
v 149.979828 18.473625 42.400002
v 150.047821 18.417625 42.400002
v 150.125824 18.375626 42.400002
v 169.225815 38.139626 42.400002
v 169.253815 38.135620 42.400002
v 150.179825 18.357620 44.397999
v 150.179825 18.357620 26.399998
v 150.151825 18.365623 44.397999
v 150.151825 18.365623 26.399998
v 150.125824 18.375626 44.397999
v 150.125824 18.375626 26.399998
v 150.097824 18.387619 44.397999
v 150.097824 18.387619 26.399998
v 150.071823 18.401619 44.397999
v 150.071823 18.401619 26.399998
v 150.047821 18.417625 44.397999
v 150.047821 18.417625 26.399998
v 150.023819 18.433624 44.397999
v 150.023819 18.433624 26.399998
v 149.999817 18.453621 44.397999
v 149.999817 18.453621 26.399998
v 149.979828 18.473625 44.397999
v 149.979828 18.473625 26.399998
v 149.959824 18.493622 44.397999
v 149.959824 18.493622 26.399998
v 149.939819 18.517624 44.397999
v 149.939819 18.517624 26.399998
v 149.923828 18.541626 44.397999
v 149.923828 18.541626 26.399998
v 149.907822 18.565620 44.397999
v 149.907822 18.565620 26.399998
v 149.893829 18.591621 44.397999
v 149.893829 18.591621 26.399998
v 149.881821 18.619621 44.397999
v 149.881821 18.619621 26.399998
v 149.871826 18.645622 44.397999
v 149.871826 18.645622 26.399998
v 149.863831 18.673622 44.397999
v 149.863831 18.673622 26.399998
v 149.855820 18.703621 44.397999
v 149.855820 18.703621 26.399998
v 149.851822 18.731621 44.397999
v 149.851822 18.731621 26.399998
v 149.847824 18.761620 44.397999
v 149.847824 18.761620 26.399998
v 149.847824 18.815620 44.397999
v 149.847824 18.815620 26.399998
v 149.847824 28.241623 43.400002
v 149.847824 28.241623 44.397999
v 149.847824 27.039619 28.897999
v 149.847824 27.039619 26.399998
v 149.847824 37.665619 44.397999
v 149.847824 29.439621 26.399998
v 149.847824 29.439621 28.897999
v 149.847824 37.665619 26.399998
v 149.847824 37.719620 44.397999
v 149.847824 37.719620 26.399998
v 149.851822 37.747620 44.397999
v 149.851822 37.747620 26.399998
v 149.855820 37.775620 44.397999
v 149.855820 37.775620 26.399998
v 149.861816 37.801620 44.397999
v 149.861816 37.801620 26.399998
v 149.869812 37.829620 44.397999
v 149.869812 37.829620 26.399998
v 149.879822 37.855621 44.397999
v 149.879822 37.855621 26.399998
v 149.889832 37.881622 44.397999
v 149.889832 37.881622 26.399998
v 149.903824 37.907623 44.397999
v 149.903824 37.907623 26.399998
v 149.917816 37.931625 44.397999
v 149.917816 37.931625 26.399998
v 149.933823 37.955620 44.397999
v 149.933823 37.955620 26.399998
v 149.951813 37.977623 44.397999
v 149.951813 37.977623 26.399998
v 149.969818 37.997620 44.397999
v 149.969818 37.997620 26.399998
v 149.989822 38.017624 44.397999
v 149.989822 38.017624 26.399998
v 150.009827 38.037621 44.397999
v 150.009827 38.037621 26.399998
v 150.033813 38.053619 44.397999
v 150.033813 38.053619 26.399998
v 150.055817 38.069626 44.397999
v 150.055817 38.069626 26.399998
v 150.079819 38.083626 44.397999
v 150.079819 38.083626 26.399998
v 150.105820 38.097626 44.397999
v 150.105820 38.097626 26.399998
v 150.131821 38.107620 44.397999
v 150.131821 38.107620 26.399998
v 150.157822 38.117622 44.397999
v 150.157822 38.117622 26.399998
v 150.185822 38.125626 44.397999
v 150.185822 38.125626 26.399998
v 150.213821 38.131622 44.397999
v 150.213821 38.131622 26.399998
v 150.239822 38.135620 44.397999
v 150.239822 38.135620 26.399998
v 150.267822 38.139626 44.397999
v 150.267822 38.139626 26.399998
v 150.321823 38.139626 44.397999
v 150.321823 38.139626 26.399998
v 158.545822 38.139626 28.897999
v 159.745819 38.139626 44.397999
v 159.745819 38.139626 43.400002
v 169.171814 38.139626 44.397999
v 158.545822 38.139626 26.399998
v 160.945831 38.139626 28.897999
v 160.945831 38.139626 26.399998
v 169.171814 38.139626 26.399998
v 169.225815 38.139626 44.397999
v 169.225815 38.139626 26.399998
v 169.253815 38.135620 44.397999
v 169.253815 38.135620 26.399998
v 170.197815 37.691620 16.400000
v 170.197815 37.691620 14.799999
v 170.197815 29.439621 16.400000
v 170.197815 29.439621 26.399998
v 170.197815 27.039619 26.399998
v 170.197815 28.239624 14.799999
v 170.197815 27.039619 16.400000
v 170.197815 18.789619 14.799999
v 170.197815 18.789619 16.400000
v 149.295822 27.039619 16.400000
v 150.545822 27.039619 28.897999
v 150.545822 27.039619 16.400000
v 149.295822 27.039619 26.399998
v 168.967819 27.039619 28.897999
v 168.967819 27.039619 16.400000
v 148.945831 28.241623 39.327999
v 159.745819 17.439621 39.327999
v 149.295822 29.439621 16.400000
v 149.295822 18.789619 14.799999
v 149.295822 28.239624 14.799999
v 149.295822 29.439621 26.399998
v 149.295822 37.691620 16.400000
v 149.295822 37.691620 14.799999
v 149.295822 18.789619 16.400000
v 168.289825 19.133621 23.397999
v 168.223816 19.107620 16.400000
v 168.245819 19.115623 23.397999
v 168.311829 19.143623 16.400000
v 158.545822 38.691620 26.399998
v 169.197815 39.689621 26.399998
v 159.745819 39.689621 26.399998
v 169.767822 39.605621 26.399998
v 169.645828 39.637619 26.399998
v 160.945831 17.789619 26.399998
v 150.295822 16.789619 26.399998
v 159.745819 16.791626 26.399998
v 158.545822 17.789619 26.399998
v 170.923828 38.695625 26.399998
v 160.945831 38.691620 26.399998
v 148.295822 31.789619 26.399998
v 170.857819 38.803619 26.399998
v 170.885818 38.761620 26.399998
v 170.225815 39.403625 26.399998
v 170.115814 39.465622 26.399998
v 150.087830 16.803619 26.399998
v 149.957825 16.821625 26.399998
v 150.035828 16.807625 26.399998
v 148.297821 18.789619 26.399998
v 149.703827 16.881622 26.399998
v 149.579819 16.925621 26.399998
v 149.653824 16.897621 26.399998
v 148.299820 37.791626 26.399998
v 148.663818 17.637619 26.399998
v 148.299820 37.815620 26.399998
v 149.829819 16.847626 26.399998
v 149.779816 16.859619 26.399998
v 148.307831 37.891624 26.399998
v 148.311829 37.941620 26.399998
v 148.323822 38.017624 26.399998
v 148.301819 18.659622 26.399998
v 148.331818 38.065620 26.399998
v 148.349823 38.139626 26.399998
v 148.359833 38.187622 26.399998
v 148.381821 38.261620 26.399998
v 148.393829 38.307625 26.399998
v 148.419830 38.379623 26.399998
v 148.437820 38.427620 26.399998
v 148.467819 38.497620 26.399998
v 148.487823 38.541626 26.399998
v 148.521820 38.609619 26.399998
v 148.543823 38.653625 26.399998
v 148.583832 38.719620 26.399998
v 148.607819 38.761620 26.399998
v 148.651825 38.825623 26.399998
v 148.679825 38.865623 26.399998
v 148.725830 38.927620 26.399998
v 148.755829 38.965622 26.399998
v 148.805817 39.023621 26.399998
v 148.837830 39.059624 26.399998
v 148.873825 39.095619 26.399998
v 148.927826 39.149620 26.399998
v 148.985825 39.199623 26.399998
v 149.021820 39.231621 26.399998
v 149.081818 39.277626 26.399998
v 149.121826 39.309624 26.399998
v 149.183823 39.351624 26.399998
v 149.225830 39.379623 26.399998
v 149.291824 39.417625 26.399998
v 149.333832 39.443619 26.399998
v 149.401825 39.477623 26.399998
v 149.445831 39.499626 26.399998
v 149.489822 39.519623 26.399998
v 149.559814 39.549622 26.399998
v 149.607819 39.567619 26.399998
v 149.679825 39.593620 26.399998
v 149.725830 39.605621 26.399998
v 149.799820 39.627625 26.399998
v 149.873825 39.643623 26.399998
v 149.921814 39.655624 26.399998
v 149.969818 39.663620 26.399998
v 150.045822 39.675621 26.399998
v 150.121826 39.681625 26.399998
v 150.295822 39.689621 26.399998
v 150.171814 39.685623 26.399998
v 169.397827 39.679619 26.399998
v 169.321823 39.685623 26.399998
v 169.523819 39.663620 26.399998
v 169.447815 39.675621 26.399998
v 169.571823 39.655624 26.399998
v 169.693817 39.627625 26.399998
v 169.885818 39.567619 26.399998
v 169.813828 39.593620 26.399998
v 170.003815 39.519623 26.399998
v 169.933823 39.549622 26.399998
v 170.047821 39.499626 26.399998
v 170.159821 39.443619 26.399998
v 170.331818 39.335625 26.399998
v 170.267822 39.379623 26.399998
v 170.433823 39.261620 26.399998
v 170.371826 39.309624 26.399998
v 170.529816 39.181625 26.399998
v 170.471817 39.231621 26.399998
v 170.601822 39.113625 26.399998
v 170.565826 39.149620 26.399998
v 170.705826 39.001625 26.399998
v 170.655823 39.059624 26.399998
v 170.783829 38.905624 26.399998
v 170.737823 38.965622 26.399998
v 170.815826 38.865623 26.399998
v 171.055817 38.427620 26.399998
v 171.025818 38.497620 26.399998
v 150.165833 16.795624 26.399998
v 170.949814 38.653625 26.399998
v 170.983826 38.585625 26.399998
v 171.119827 38.235626 26.399998
v 171.099823 38.307625 26.399998
v 171.005829 38.541626 26.399998
v 171.081818 38.355621 26.399998
v 171.133820 38.187622 26.399998
v 171.149826 38.113625 26.399998
v 171.181824 37.941620 26.399998
v 171.173828 37.989624 26.399998
v 171.161819 38.065620 26.399998
v 171.187820 37.865623 26.399998
v 171.193817 37.791626 26.399998
v 171.191818 37.815620 26.399998
v 171.193817 31.789619 26.399998
v 171.193817 18.711624 26.399998
v 171.195816 18.789619 26.399998
v 171.185822 18.581619 26.399998
v 171.191818 18.659622 26.399998
v 171.167816 18.451622 26.399998
v 171.179825 18.529625 26.399998
v 171.139816 18.323624 26.399998
v 171.157822 18.399620 26.399998
v 171.105820 18.197624 26.399998
v 171.127823 18.273621 26.399998
v 171.061829 18.073624 26.399998
v 171.089828 18.147621 26.399998
v 171.011826 17.953621 26.399998
v 171.043823 18.025620 26.399998
v 170.953827 17.835625 26.399998
v 170.989822 17.905624 26.399998
v 170.887817 17.723625 26.399998
v 170.929825 17.789619 26.399998
v 170.813828 17.613625 26.399998
v 170.859818 17.679619 26.399998
v 170.733826 17.511620 26.399998
v 170.783829 17.573624 26.399998
v 170.645828 17.413620 26.399998
v 170.699814 17.471619 26.399998
v 170.553818 17.321625 26.399998
v 170.611816 17.375626 26.399998
v 170.453827 17.235626 26.399998
v 170.515823 17.287621 26.399998
v 170.349823 17.157623 26.399998
v 170.413818 17.203621 26.399998
v 170.263824 17.101624 26.399998
v 170.307816 17.127625 26.399998
v 170.151825 17.033623 26.399998
v 170.197815 17.059624 26.399998
v 170.009827 16.963623 26.399998
v 170.081818 16.997620 26.399998
v 169.887817 16.915619 26.399998
v 169.961823 16.943619 26.399998
v 169.763824 16.873619 26.399998
v 169.839828 16.897621 26.399998
v 169.663818 16.847626 26.399998
v 169.713821 16.859619 26.399998
v 169.507828 16.815620 26.399998
v 169.587814 16.829620 26.399998
v 169.377823 16.799622 26.399998
v 169.457825 16.807625 26.399998
v 169.247818 16.791626 26.399998
v 169.327820 16.795624 26.399998
v 169.197815 16.791626 26.399998
v 149.905823 16.829620 26.399998
v 148.297821 18.739624 26.399998
v 148.403824 18.147621 26.399998
v 148.421814 18.099625 26.399998
v 148.527832 17.861626 26.399998
v 148.565826 17.789619 26.399998
v 148.607819 17.723625 26.399998
v 148.469818 17.979622 26.399998
v 148.503815 17.905624 26.399998
v 149.459824 16.975624 26.399998
v 149.531830 16.943619 26.399998
v 149.341827 17.033623 26.399998
v 149.411819 16.997620 26.399998
v 149.229828 17.101624 26.399998
v 149.295822 17.059624 26.399998
v 149.119812 17.173622 26.399998
v 148.741821 17.533623 26.399998
v 149.017822 17.253624 26.399998
v 149.079819 17.203621 26.399998
v 149.185822 17.127625 26.399998
v 148.709824 17.573624 26.399998
v 148.827820 17.435623 26.399998
v 148.793823 17.471619 26.399998
v 148.919830 17.341621 26.399998
v 148.977814 17.287621 26.399998
v 148.881821 17.375626 26.399998
v 148.633820 17.679619 26.399998
v 148.347824 18.349625 26.399998
v 148.365814 18.273621 26.399998
v 148.449829 18.025620 26.399998
v 148.327820 18.451622 26.399998
v 148.305817 18.609619 26.399998
v 148.387817 18.197624 26.399998
v 148.335815 18.399620 26.399998
v 148.313812 18.529625 26.399998
v 168.457825 19.225624 23.397999
v 168.477814 19.239624 16.400000
v 168.417816 19.201622 23.397999
v 168.933823 19.973625 37.397999
v 168.929825 19.949623 44.397999
v 168.941818 20.045624 44.397999
v 168.913818 19.879623 37.397999
v 168.909821 19.855621 44.397999
v 168.925827 19.925621 37.397999
v 168.733826 19.491623 23.397999
v 168.747818 19.509621 16.400000
v 168.689819 19.433624 16.400000
v 168.673828 19.415619 23.397999
v 168.641815 19.379623 23.397999
v 148.297821 31.789619 17.799999
v 148.299820 37.791626 17.799999
v 148.297821 37.691620 17.799999
v 171.193817 31.789619 17.799999
v 171.195816 37.691620 17.799999
v 171.195816 37.703621 17.799999
v 171.193817 37.791626 17.799999
v 168.375824 19.177620 23.397999
v 168.395828 19.187622 16.400000
v 168.333817 19.153625 23.397999
v 168.947815 20.139626 37.397999
v 168.947815 19.965622 37.397999
v 168.947815 20.139626 30.400000
v 168.947815 20.139626 23.397999
v 168.947815 19.965622 23.397999
v 168.947815 20.139626 16.400000
v 168.947815 19.441620 16.400000
v 168.947815 19.615623 23.397999
v 168.947815 19.441620 23.397999
v 168.947815 20.139626 44.397999
v 168.947815 19.441620 44.397999
v 168.947815 19.615623 37.397999
v 168.947815 19.441620 30.400000
v 168.947815 19.441620 37.397999
v 168.947815 19.791626 30.400000
v 168.939819 20.021622 23.397999
v 168.941818 20.045624 16.400000
v 168.929825 19.949623 16.400000
v 168.901825 19.833626 37.397999
v 168.887817 19.787621 37.397999
v 168.879822 19.763626 44.397999
v 168.879822 19.763626 16.400000
v 168.887817 19.787621 23.397999
v 168.909821 19.855621 16.400000
v 168.901825 19.833626 23.397999
v 168.571823 19.313622 37.397999
v 168.553818 19.297623 44.397999
v 168.605820 19.347626 37.397999
v 168.809814 19.611626 37.397999
v 168.799820 19.591621 44.397999
v 168.831818 19.653625 37.397999
v 168.703827 19.451622 37.397999
v 168.689819 19.433624 44.397999
v 168.733826 19.491623 37.397999
v 168.831818 19.653625 23.397999
v 168.843826 19.675621 16.400000
v 168.799820 19.591621 16.400000
v 168.605820 19.347626 23.397999
v 168.623825 19.363625 16.400000
v 168.571823 19.313622 23.397999
v 168.961823 19.441620 23.397999
v 168.967819 19.441620 30.400000
v 168.967819 19.441620 23.397999
v 168.967819 19.441620 16.400000
v 168.951828 19.441620 23.397999
v 168.961823 19.441620 37.397999
v 168.967819 19.441620 44.397999
v 168.967819 19.441620 37.397999
v 168.957825 19.441620 30.400000
v 168.951828 19.441620 37.397999
v 151.645813 19.039619 44.397999
v 159.083817 37.799622 44.397999
v 167.847824 37.461624 44.397999
v 160.409821 18.691620 44.397999
v 167.847824 19.039619 44.397999
v 151.645813 37.461624 44.397999
v 159.745819 37.461624 44.397999
v 159.745819 19.039619 44.397999
v 169.305817 27.577621 44.397999
v 168.967819 27.889626 44.397999
v 168.967819 36.341621 44.397999
v 150.527832 29.439621 44.397999
v 151.361816 19.077621 44.397999
v 151.269821 19.107620 44.397999
v 167.939819 37.457619 44.397999
v 150.529816 36.433624 44.397999
v 150.527832 36.341621 44.397999
v 150.545822 29.439621 44.397999
v 150.545822 20.139626 44.397999
v 151.551819 19.045624 44.397999
v 151.455811 19.057625 44.397999
v 168.843826 19.675621 44.397999
v 168.747818 19.509621 44.397999
v 168.623825 19.363625 44.397999
v 168.477814 19.239624 44.397999
v 168.395828 19.187622 44.397999
v 168.311829 19.143623 44.397999
v 168.223816 19.107620 44.397999
v 168.131821 19.077621 44.397999
v 168.037827 19.057625 44.397999
v 167.941818 19.045624 44.397999
v 151.181824 19.143623 44.397999
v 151.097824 19.187622 44.397999
v 151.015823 19.239624 44.397999
v 150.939819 19.297623 44.397999
v 150.869812 19.363625 44.397999
v 150.745819 19.509621 44.397999
v 150.693817 19.591621 44.397999
v 150.803818 19.433624 44.397999
v 150.649811 19.675621 44.397999
v 150.613831 19.763626 44.397999
v 150.583832 19.855621 44.397999
v 150.563812 19.949623 44.397999
v 150.551819 20.045624 44.397999
v 150.541824 36.525620 44.397999
v 150.561829 36.615623 44.397999
v 150.661819 36.873619 44.397999
v 150.621826 36.789619 44.397999
v 150.587830 36.703621 44.397999
v 150.709824 36.953621 44.397999
v 150.763824 37.029625 44.397999
v 150.821823 37.099625 44.397999
v 150.957825 37.223625 44.397999
v 150.887817 37.165619 44.397999
v 151.033813 37.277626 44.397999
v 151.113831 37.325623 44.397999
v 151.197815 37.365623 44.397999
v 151.283813 37.399620 44.397999
v 151.371826 37.425621 44.397999
v 151.461823 37.445625 44.397999
v 151.553818 37.457619 44.397999
v 168.671814 37.099625 44.397999
v 168.729828 37.029625 44.397999
v 168.605820 37.165619 44.397999
v 168.031815 37.445625 44.397999
v 168.121826 37.425621 44.397999
v 168.209824 37.399620 44.397999
v 168.295822 37.365623 44.397999
v 168.379822 37.325623 44.397999
v 168.459824 37.277626 44.397999
v 168.535828 37.223625 44.397999
v 168.783829 36.953621 44.397999
v 168.831818 36.873619 44.397999
v 168.871826 36.789619 44.397999
v 168.905823 36.703621 44.397999
v 168.931824 36.615623 44.397999
v 168.951828 36.525620 44.397999
v 168.963821 36.433624 44.397999
v 158.545822 19.039619 28.897999
v 158.545822 19.039619 16.400000
v 158.545822 17.789619 16.400000
v 158.545822 38.691620 16.400000
v 158.545822 37.461624 16.400000
v 158.545822 37.461624 28.897999
v 150.527832 29.439621 28.897999
v 150.545822 29.439621 28.897999
v 168.967819 29.439621 28.897999
v 160.945831 19.039619 28.897999
v 160.945831 37.461624 28.897999
v 150.535828 29.439621 36.647999
v 150.527832 29.439621 36.647999
v 150.545822 29.439621 36.647999
v 150.527832 29.439621 16.400000
v 168.967819 29.439621 16.400000
v 160.945831 37.461624 16.400000
v 160.945831 38.691620 16.400000
v 160.945831 17.789619 16.400000
v 160.945831 19.039619 16.400000
v 168.417816 19.201622 37.397999
v 168.457825 19.225624 37.397999
v 168.333817 19.153625 37.397999
v 168.375824 19.177620 37.397999
v 171.195816 35.725624 17.623999
v 171.195816 35.481621 17.495998
v 171.195816 35.651619 17.575998
v 171.195816 35.571625 17.533998
v 171.195816 35.791626 17.677999
v 171.195816 37.691620 14.799999
v 171.195816 35.385620 17.463999
v 171.195816 25.289619 16.299999
v 171.195816 25.289619 22.098000
v 171.195816 18.789619 14.799999
v 171.195816 28.239624 14.799999
v 171.191818 18.659622 14.799999
v 171.179825 18.529625 14.799999
v 171.157822 18.399620 14.799999
v 171.127823 18.273621 14.799999
v 171.089828 18.147621 14.799999
v 171.043823 18.025620 14.799999
v 170.989822 17.905624 14.799999
v 170.929825 17.789619 14.799999
v 170.859818 17.679619 14.799999
v 170.783829 17.573624 14.799999
v 170.699814 17.471619 14.799999
v 170.611816 17.375626 14.799999
v 170.515823 17.287621 14.799999
v 170.413818 17.203621 14.799999
v 170.307816 17.127625 14.799999
v 170.197815 17.059624 14.799999
v 170.081818 16.997620 14.799999
v 169.961823 16.943619 14.799999
v 169.839828 16.897621 14.799999
v 169.713821 16.859619 14.799999
v 169.587814 16.829620 14.799999
v 169.457825 16.807625 14.799999
v 169.327820 16.795624 14.799999
v 169.197815 16.791626 14.799999
v 150.295822 16.791626 14.799999
v 159.745819 16.791626 14.799999
v 159.745819 16.791626 20.598000
v 150.165833 16.795624 14.799999
v 150.035828 16.807625 14.799999
v 149.905823 16.829620 14.799999
v 149.779816 16.859619 14.799999
v 149.653824 16.897621 14.799999
v 149.531830 16.943619 14.799999
v 149.411819 16.997620 14.799999
v 149.295822 17.059624 14.799999
v 149.185822 17.127625 14.799999
v 149.079819 17.203621 14.799999
v 148.977814 17.287621 14.799999
v 148.881821 17.375626 14.799999
v 148.793823 17.471619 14.799999
v 148.709824 17.573624 14.799999
v 148.633820 17.679619 14.799999
v 148.565826 17.789619 14.799999
v 148.503815 17.905624 14.799999
v 148.449829 18.025620 14.799999
v 148.403824 18.147621 14.799999
v 148.365814 18.273621 14.799999
v 148.335815 18.399620 14.799999
v 148.313812 18.529625 14.799999
v 148.301819 18.659622 14.799999
v 148.297821 18.789619 14.799999
v 148.297821 25.289619 22.098000
v 148.297821 25.289619 16.299999
v 148.297821 28.239624 14.799999
v 148.297821 37.691620 14.799999
v 168.245819 19.115623 37.397999
v 168.289825 19.133621 37.397999
v 168.153824 19.085625 37.397999
v 168.199814 19.099625 37.397999
v 151.283813 37.399620 16.400000
v 151.197815 37.365623 16.400000
v 150.295822 38.691620 16.400000
v 151.113831 37.325623 16.400000
v 151.033813 37.277626 16.400000
v 150.295822 17.789619 16.400000
v 150.203827 17.795624 16.400000
v 151.371826 37.425621 16.400000
v 150.113831 17.807625 16.400000
v 150.023819 17.829620 16.400000
v 151.553818 37.457619 16.400000
v 151.461823 37.445625 16.400000
v 150.527832 36.341621 16.400000
v 169.197815 38.691620 16.400000
v 167.939819 37.457619 16.400000
v 167.847824 37.461624 16.400000
v 151.645813 37.461624 16.400000
v 150.613831 19.763626 16.400000
v 150.649811 19.675621 16.400000
v 150.561829 36.615623 16.400000
v 150.541824 36.525620 16.400000
v 150.529816 36.433624 16.400000
v 150.621826 36.789619 16.400000
v 150.587830 36.703621 16.400000
v 150.661819 36.873619 16.400000
v 150.763824 37.029625 16.400000
v 150.709824 36.953621 16.400000
v 150.821823 37.099625 16.400000
v 149.851822 17.895622 16.400000
v 151.015823 19.239624 16.400000
v 151.097824 19.187622 16.400000
v 149.299820 37.777626 16.400000
v 149.311829 37.863625 16.400000
v 149.331818 37.949623 16.400000
v 149.357819 38.031624 16.400000
v 149.389832 38.113625 16.400000
v 149.431824 38.189621 16.400000
v 149.477814 38.263626 16.400000
v 149.529816 38.333626 16.400000
v 149.589813 38.397621 16.400000
v 149.653824 38.457619 16.400000
v 150.887817 37.165619 16.400000
v 149.723816 38.509621 16.400000
v 149.797821 38.557625 16.400000
v 149.873825 38.597626 16.400000
v 149.955811 38.629623 16.400000
v 150.037811 38.655624 16.400000
v 150.123825 38.675621 16.400000
v 150.209824 38.687622 16.400000
v 150.957825 37.223625 16.400000
v 149.935822 17.857620 16.400000
v 151.645813 19.039619 16.400000
v 167.847824 19.039619 16.400000
v 168.031815 37.445625 16.400000
v 168.121826 37.425621 16.400000
v 168.209824 37.399620 16.400000
v 168.295822 37.365623 16.400000
v 168.379822 37.325623 16.400000
v 168.459824 37.277626 16.400000
v 168.535828 37.223625 16.400000
v 168.605820 37.165619 16.400000
v 169.283829 38.687622 16.400000
v 169.369827 38.675621 16.400000
v 169.455826 38.655624 16.400000
v 169.537827 38.629623 16.400000
v 169.619827 38.597626 16.400000
v 169.695816 38.557625 16.400000
v 169.769821 38.509621 16.400000
v 169.839828 38.457619 16.400000
v 169.903824 38.397621 16.400000
v 168.671814 37.099625 16.400000
v 169.963821 38.333626 16.400000
v 170.015823 38.263626 16.400000
v 170.063828 38.189621 16.400000
v 170.103821 38.113625 16.400000
v 170.135818 38.031624 16.400000
v 170.161819 37.949623 16.400000
v 170.181824 37.863625 16.400000
v 170.193817 37.777626 16.400000
v 168.729828 37.029625 16.400000
v 168.783829 36.953621 16.400000
v 168.831818 36.873619 16.400000
v 168.871826 36.789619 16.400000
v 169.723816 17.939621 16.400000
v 169.641815 17.895622 16.400000
v 170.191818 18.697624 16.400000
v 168.905823 36.703621 16.400000
v 168.931824 36.615623 16.400000
v 168.951828 36.525620 16.400000
v 169.379822 17.807625 16.400000
v 169.289825 17.795624 16.400000
v 168.967819 36.341621 16.400000
v 169.995819 18.187622 16.400000
v 169.935822 18.117622 16.400000
v 168.963821 36.433624 16.400000
v 169.197815 17.789619 16.400000
v 170.129822 18.429619 16.400000
v 170.091827 18.345619 16.400000
v 169.869827 18.051620 16.400000
v 169.799820 17.993622 16.400000
v 169.469818 17.829620 16.400000
v 169.557816 17.857620 16.400000
v 170.179825 18.607620 16.400000
v 170.157822 18.517624 16.400000
v 170.047821 18.263626 16.400000
v 168.553818 19.297623 16.400000
v 168.131821 19.077621 16.400000
v 168.037827 19.057625 16.400000
v 167.941818 19.045624 16.400000
v 151.455811 19.057625 16.400000
v 151.551819 19.045624 16.400000
v 151.361816 19.077621 16.400000
v 150.545822 20.139626 16.400000
v 150.939819 19.297623 16.400000
v 150.583832 19.855621 16.400000
v 151.181824 19.143623 16.400000
v 151.269821 19.107620 16.400000
v 150.869812 19.363625 16.400000
v 149.769821 17.939621 16.400000
v 150.745819 19.509621 16.400000
v 150.803818 19.433624 16.400000
v 149.693817 17.993622 16.400000
v 149.623825 18.051620 16.400000
v 149.557831 18.117622 16.400000
v 149.499817 18.187622 16.400000
v 149.445831 18.263626 16.400000
v 149.401825 18.345619 16.400000
v 149.363831 18.429619 16.400000
v 150.693817 19.591621 16.400000
v 149.335815 18.517624 16.400000
v 149.313812 18.607620 16.400000
v 149.301819 18.697624 16.400000
v 150.563812 19.949623 16.400000
v 150.551819 20.045624 16.400000
v 150.545822 23.591621 22.650000
v 150.545822 20.139626 23.397999
v 150.545822 20.139626 30.400000
v 150.545822 23.591621 36.647999
v 150.545822 20.139626 37.397999
v 150.545822 28.239624 36.647999
v 164.395828 19.039619 36.647999
v 167.847824 19.039619 37.397999
v 167.847824 19.039619 23.397999
v 164.395828 19.039619 22.650000
v 156.297821 19.039619 36.647999
v 162.071823 19.039619 40.523998
v 151.645813 19.039619 30.400000
v 151.645813 19.039619 37.397999
v 155.097824 19.039619 36.647999
v 167.847824 19.039619 30.400000
v 151.645813 19.039619 23.397999
v 155.097824 19.039619 22.650000
v 169.197815 17.789619 14.799999
v 169.289825 17.795624 14.799999
v 169.379822 17.807625 14.799999
v 169.469818 17.829620 14.799999
v 169.557816 17.857620 14.799999
v 169.641815 17.895622 14.799999
v 169.723816 17.939621 14.799999
v 169.799820 17.993622 14.799999
v 169.869827 18.051620 14.799999
v 169.935822 18.117622 14.799999
v 169.995819 18.187622 14.799999
v 170.047821 18.263626 14.799999
v 170.091827 18.345619 14.799999
v 170.129822 18.429619 14.799999
v 170.157822 18.517624 14.799999
v 170.179825 18.607620 14.799999
v 170.191818 18.697624 14.799999
v 149.301819 18.697624 14.799999
v 149.313812 18.607620 14.799999
v 149.335815 18.517624 14.799999
v 149.363831 18.429619 14.799999
v 149.401825 18.345619 14.799999
v 149.445831 18.263626 14.799999
v 149.499817 18.187622 14.799999
v 149.557831 18.117622 14.799999
v 149.623825 18.051620 14.799999
v 149.693817 17.993622 14.799999
v 149.769821 17.939621 14.799999
v 149.851822 17.895622 14.799999
v 149.935822 17.857620 14.799999
v 150.023819 17.829620 14.799999
v 150.113831 17.807625 14.799999
v 150.203827 17.795624 14.799999
v 150.295822 17.789619 14.799999
v 159.745819 17.789619 14.799999
v 168.945816 20.117622 37.397999
v 168.943817 20.069626 37.397999
v 168.943817 20.069626 23.397999
v 168.945816 20.117622 23.397999
v 168.941818 20.045624 30.400000
v 168.935822 19.997620 30.400000
v 168.933823 19.973625 23.397999
v 168.929825 19.949623 30.400000
v 168.929825 19.949623 37.397999
v 168.929825 19.949623 23.397999
v 168.913818 19.879623 23.397999
v 168.919815 19.903625 30.400000
v 168.925827 19.925621 23.397999
v 168.909821 19.855621 30.400000
v 168.895828 19.809624 30.400000
v 168.879822 19.763626 30.400000
v 168.861816 19.719620 30.400000
v 168.871826 19.741623 37.397999
v 168.843826 19.675621 30.400000
v 168.853821 19.697624 37.397999
v 168.871826 19.741623 23.397999
v 168.853821 19.697624 23.397999
v 168.821823 19.633621 30.400000
v 168.799820 19.591621 30.400000
v 168.759827 19.529625 37.397999
v 168.773819 19.549622 30.400000
v 168.747818 19.509621 30.400000
v 168.785828 19.569626 23.397999
v 168.717819 19.471619 30.400000
v 168.689819 19.433624 30.400000
v 168.623825 19.363625 30.400000
v 168.623825 19.363625 37.397999
v 168.641815 19.379623 37.397999
v 168.623825 19.363625 23.397999
v 168.657822 19.397621 30.400000
v 168.589828 19.329620 30.400000
v 168.553818 19.297623 30.400000
v 168.495819 19.253624 37.397999
v 168.515823 19.269623 30.400000
v 168.477814 19.239624 30.400000
v 168.535828 19.283623 23.397999
v 168.437820 19.213623 30.400000
v 168.395828 19.187622 30.400000
v 168.353821 19.165619 30.400000
v 168.311829 19.143623 30.400000
v 168.267822 19.125626 30.400000
v 168.223816 19.107620 30.400000
v 168.177826 19.093620 30.400000
v 168.131821 19.077621 30.400000
v 168.223816 19.107620 37.397999
v 168.199814 19.099625 23.397999
v 168.223816 19.107620 23.397999
v 168.061829 19.061623 37.397999
v 168.083817 19.067619 30.400000
v 168.037827 19.057625 30.400000
v 168.107819 19.073624 23.397999
v 167.965820 19.047623 37.397999
v 167.989822 19.051620 30.400000
v 167.941818 19.045624 30.400000
v 168.013824 19.053619 37.397999
v 168.037827 19.057625 37.397999
v 168.013824 19.053619 23.397999
v 167.965820 19.047623 23.397999
v 168.037827 19.057625 23.397999
v 167.869827 19.041626 37.397999
v 167.919815 19.043625 37.397999
v 167.919815 19.043625 23.397999
v 151.575821 19.043625 37.397999
v 151.623825 19.041626 23.397999
v 151.479828 19.053619 23.397999
v 151.503815 19.051620 30.400000
v 151.527832 19.047623 23.397999
v 151.551819 19.045624 30.400000
v 151.479828 19.053619 37.397999
v 151.455811 19.057625 30.400000
v 151.455811 19.057625 37.397999
v 151.455811 19.057625 23.397999
v 151.385818 19.073624 23.397999
v 151.409821 19.067619 30.400000
v 151.431824 19.061623 23.397999
v 151.385818 19.073624 37.397999
v 151.361816 19.077621 30.400000
v 151.361816 19.077621 37.397999
v 151.361816 19.077621 23.397999
v 151.339813 19.085625 23.397999
v 151.315826 19.093620 30.400000
v 151.293823 19.099625 37.397999
v 151.269821 19.107620 30.400000
v 151.269821 19.107620 37.397999
v 151.293823 19.099625 23.397999
v 151.269821 19.107620 23.397999
v 151.247818 19.115623 37.397999
v 151.225830 19.125626 30.400000
v 151.203827 19.133621 37.397999
v 151.181824 19.143623 30.400000
v 151.203827 19.133621 23.397999
v 151.247818 19.115623 23.397999
v 151.117828 19.177620 37.397999
v 151.139832 19.165619 30.400000
v 151.097824 19.187622 30.400000
v 151.117828 19.177620 23.397999
v 151.159821 19.153625 23.397999
v 151.035828 19.225624 37.397999
v 151.055817 19.213623 30.400000
v 151.015823 19.239624 30.400000
v 151.075821 19.201622 23.397999
v 150.997818 19.253624 37.397999
v 150.977814 19.269623 30.400000
v 150.957825 19.283623 37.397999
v 150.939819 19.297623 30.400000
v 151.015823 19.239624 37.397999
v 150.997818 19.253624 23.397999
v 151.015823 19.239624 23.397999
v 150.885818 19.347626 37.397999
v 150.869812 19.363625 30.400000
v 150.869812 19.363625 37.397999
v 150.885818 19.347626 23.397999
v 150.869812 19.363625 23.397999
v 150.903824 19.329620 30.400000
v 150.921814 19.313622 23.397999
v 150.835815 19.397621 30.400000
v 150.803818 19.433624 30.400000
v 150.819824 19.415619 37.397999
v 150.853821 19.379623 37.397999
v 150.853821 19.379623 23.397999
v 150.745819 19.509621 37.397999
v 150.759827 19.491623 37.397999
v 150.745819 19.509621 30.400000
v 150.759827 19.491623 23.397999
v 150.745819 19.509621 23.397999
v 150.775818 19.471619 30.400000
v 150.789825 19.451622 23.397999
v 150.707825 19.569626 37.397999
v 150.719818 19.549622 30.400000
v 150.693817 19.591621 30.400000
v 150.731812 19.529625 23.397999
v 150.671814 19.633621 30.400000
v 150.649811 19.675621 30.400000
v 150.659821 19.653625 37.397999
v 150.683823 19.611626 37.397999
v 150.683823 19.611626 23.397999
v 150.631821 19.719620 30.400000
v 150.639832 19.697624 37.397999
v 150.613831 19.763626 30.400000
v 150.621826 19.741623 37.397999
v 150.639832 19.697624 23.397999
v 150.621826 19.741623 23.397999
v 150.599823 19.809624 30.400000
v 150.583832 19.855621 30.400000
v 150.591827 19.833626 37.397999
v 150.605820 19.787621 37.397999
v 150.613831 19.763626 23.397999
v 150.605820 19.787621 23.397999
v 150.613831 19.763626 37.397999
v 150.567810 19.925621 37.397999
v 150.579819 19.879623 37.397999
v 150.573822 19.903625 30.400000
v 150.563812 19.949623 30.400000
v 150.579819 19.879623 23.397999
v 150.567810 19.925621 23.397999
v 150.557831 19.997620 30.400000
v 150.551819 20.045624 30.400000
v 150.553818 20.021622 37.397999
v 150.559814 19.973625 37.397999
v 150.563812 19.949623 23.397999
v 150.559814 19.973625 23.397999
v 150.563812 19.949623 37.397999
v 150.549820 20.069626 23.397999
v 150.547821 20.117622 23.397999
v 150.547821 20.117622 37.397999
v 170.737823 38.965622 14.799999
v 170.815826 38.865623 14.799999
v 170.885818 38.761620 14.799999
v 170.949814 38.653625 14.799999
v 171.005829 38.541626 14.799999
v 171.055817 38.427620 14.799999
v 171.099823 38.307625 14.799999
v 171.133820 38.187622 14.799999
v 171.161819 38.065620 14.799999
v 171.181824 37.941620 14.799999
v 171.191818 37.815620 14.799999
v 148.299820 37.791626 20.827999
v 148.299820 37.815620 14.799999
v 148.755829 38.965622 14.799999
v 148.837830 39.059624 14.799999
v 148.927826 39.149620 14.799999
v 149.021820 39.231621 14.799999
v 149.121826 39.309624 14.799999
v 149.225830 39.379623 14.799999
v 149.333832 39.443619 14.799999
v 149.445831 39.499626 14.799999
v 149.559814 39.549622 14.799999
v 149.679825 39.593620 14.799999
v 149.799820 39.627625 14.799999
v 149.921814 39.655624 14.799999
v 150.045822 39.675621 14.799999
v 150.171814 39.685623 14.799999
v 150.295822 39.689621 14.799999
v 159.745819 39.689621 20.598000
v 159.745819 39.689621 14.799999
v 169.197815 39.689621 14.799999
v 169.321823 39.685623 14.799999
v 169.447815 39.675621 14.799999
v 169.571823 39.655624 14.799999
v 169.693817 39.627625 14.799999
v 169.813828 39.593620 14.799999
v 169.933823 39.549622 14.799999
v 170.047821 39.499626 14.799999
v 170.159821 39.443619 14.799999
v 170.267822 39.379623 14.799999
v 170.371826 39.309624 14.799999
v 170.471817 39.231621 14.799999
v 170.565826 39.149620 14.799999
v 170.655823 39.059624 14.799999
v 148.311829 37.941620 14.799999
v 148.331818 38.065620 14.799999
v 148.359833 38.187622 14.799999
v 148.393829 38.307625 14.799999
v 148.437820 38.427620 14.799999
v 148.487823 38.541626 14.799999
v 148.543823 38.653625 14.799999
v 148.607819 38.761620 14.799999
v 148.679825 38.865623 14.799999
v 155.097824 37.461624 36.647999
v 156.297821 37.461624 36.647999
v 162.071823 37.461624 40.523998
v 167.847824 37.461624 37.397999
v 164.395828 37.461624 36.647999
v 167.847824 37.461624 30.400000
v 164.395828 37.461624 22.650000
v 151.645813 37.461624 37.397999
v 155.097824 37.461624 22.650000
v 151.645813 37.461624 23.397999
v 151.645813 37.461624 30.400000
v 167.847824 37.461624 23.397999
v 167.869827 37.459625 23.397999
v 167.915817 37.457619 23.397999
v 167.915817 37.457619 37.397999
v 149.723816 38.509621 14.799999
v 148.797821 28.239624 14.799999
v 170.697815 28.239624 14.799999
v 159.745819 39.191620 14.799999
v 159.745819 38.691620 14.799999
v 169.197815 38.691620 14.799999
v 159.745819 17.291626 14.799999
v 150.295822 38.691620 14.799999
v 170.193817 37.777626 14.799999
v 170.181824 37.863625 14.799999
v 170.161819 37.949623 14.799999
v 170.135818 38.031624 14.799999
v 170.103821 38.113625 14.799999
v 170.063828 38.189621 14.799999
v 170.015823 38.263626 14.799999
v 169.963821 38.333626 14.799999
v 169.903824 38.397621 14.799999
v 169.839828 38.457619 14.799999
v 169.769821 38.509621 14.799999
v 169.695816 38.557625 14.799999
v 169.619827 38.597626 14.799999
v 169.537827 38.629623 14.799999
v 169.455826 38.655624 14.799999
v 169.369827 38.675621 14.799999
v 169.283829 38.687622 14.799999
v 150.209824 38.687622 14.799999
v 150.123825 38.675621 14.799999
v 150.037811 38.655624 14.799999
v 149.955811 38.629623 14.799999
v 149.873825 38.597626 14.799999
v 149.797821 38.557625 14.799999
v 149.653824 38.457619 14.799999
v 149.589813 38.397621 14.799999
v 149.529816 38.333626 14.799999
v 149.477814 38.263626 14.799999
v 149.431824 38.189621 14.799999
v 149.389832 38.113625 14.799999
v 149.357819 38.031624 14.799999
v 149.331818 37.949623 14.799999
v 149.311829 37.863625 14.799999
v 149.299820 37.777626 14.799999
v 150.527832 36.341621 37.397999
v 150.527832 32.889626 36.647999
v 150.527832 36.341621 30.400000
v 150.527832 36.341621 23.397999
v 150.527832 32.889626 22.650000
v 168.943817 20.093620 30.400000
v 168.673828 19.415619 37.397999
v 168.967819 23.241623 36.647999
v 168.967819 25.565620 40.523998
v 168.967819 31.689621 36.647999
v 168.967819 32.889626 36.647999
v 168.967819 36.341621 30.400000
v 168.967819 36.341621 37.397999
v 168.967819 23.241623 22.650000
v 168.967819 36.341621 23.397999
v 168.967819 32.889626 22.650000
v 168.007828 37.447624 37.397999
v 167.961823 37.453621 37.397999
v 167.961823 37.453621 23.397999
v 168.053818 37.441620 37.397999
v 168.099823 37.431625 37.397999
v 168.099823 37.431625 23.397999
v 168.053818 37.441620 23.397999
v 168.187820 37.405624 37.397999
v 168.143814 37.419624 37.397999
v 168.143814 37.419624 23.397999
v 168.187820 37.405624 23.397999
v 168.209824 37.399620 30.400000
v 168.253815 37.383621 30.400000
v 168.231827 37.391624 37.397999
v 168.295822 37.365623 37.397999
v 168.275818 37.375626 37.397999
v 168.295822 37.365623 30.400000
v 168.275818 37.375626 23.397999
v 168.231827 37.391624 23.397999
v 168.209824 37.399620 23.397999
v 168.295822 37.365623 23.397999
v 168.209824 37.399620 37.397999
v 168.359818 37.335625 37.397999
v 168.317825 37.355621 37.397999
v 168.439819 37.289619 37.397999
v 168.399826 37.313622 37.397999
v 168.317825 37.355621 23.397999
v 168.359818 37.335625 23.397999
v 168.515823 37.237625 37.397999
v 168.477814 37.265625 37.397999
v 168.399826 37.313622 23.397999
v 168.439819 37.289619 23.397999
v 168.587814 37.179619 37.397999
v 168.477814 37.265625 23.397999
v 168.515823 37.237625 23.397999
v 168.671814 37.099625 30.400000
v 168.671814 37.099625 37.397999
v 168.653824 37.115623 37.397999
v 168.621826 37.147621 37.397999
v 168.605820 37.165619 30.400000
v 168.605820 37.165619 23.397999
v 168.621826 37.147621 23.397999
v 168.605820 37.165619 37.397999
v 168.671814 37.099625 23.397999
v 168.653824 37.115623 23.397999
v 168.535828 37.223625 23.397999
v 168.551819 37.209625 23.397999
v 168.535828 37.223625 30.400000
v 168.587814 37.179619 23.397999
v 168.569824 37.193619 30.400000
v 168.551819 37.209625 37.397999
v 168.535828 37.223625 37.397999
v 168.729828 37.029625 30.400000
v 168.715820 37.045624 37.397999
v 168.699814 37.063622 30.400000
v 168.729828 37.029625 23.397999
v 168.715820 37.045624 23.397999
v 168.729828 37.029625 37.397999
v 168.685822 37.081619 37.397999
v 168.685822 37.081619 23.397999
v 168.771820 36.971619 37.397999
v 168.743820 37.009621 37.397999
v 168.819824 36.893623 37.397999
v 168.795822 36.933624 37.397999
v 168.743820 37.009621 23.397999
v 168.771820 36.971619 23.397999
v 168.861816 36.811623 37.397999
v 168.841827 36.853622 37.397999
v 168.795822 36.933624 23.397999
v 168.819824 36.893623 23.397999
v 168.905823 36.703621 30.400000
v 168.897827 36.725624 37.397999
v 168.889816 36.747620 30.400000
v 168.905823 36.703621 23.397999
v 168.897827 36.725624 23.397999
v 168.871826 36.789619 37.397999
v 168.881821 36.769623 37.397999
v 168.871826 36.789619 23.397999
v 168.881821 36.769623 23.397999
v 168.871826 36.789619 30.400000
v 168.905823 36.703621 37.397999
v 168.841827 36.853622 23.397999
v 168.861816 36.811623 23.397999
v 168.925827 36.637619 37.397999
v 168.911819 36.681625 37.397999
v 168.937820 36.593620 37.397999
v 168.947815 36.547623 37.397999
v 168.911819 36.681625 23.397999
v 168.925827 36.637619 23.397999
v 168.959824 36.455620 37.397999
v 168.953827 36.501625 37.397999
v 168.947815 36.547623 23.397999
v 168.937820 36.593620 23.397999
v 168.965820 36.363625 37.397999
v 168.963821 36.409622 37.397999
v 168.953827 36.501625 23.397999
v 168.959824 36.455620 23.397999
v 168.963821 36.409622 23.397999
v 168.965820 36.363625 23.397999
v 150.529816 36.409622 37.397999
v 150.527832 36.363625 37.397999
v 150.527832 36.363625 23.397999
v 150.529816 36.409622 23.397999
v 150.539825 36.501625 37.397999
v 150.533813 36.455620 37.397999
v 150.533813 36.455620 23.397999
v 150.539825 36.501625 23.397999
v 150.545822 36.547623 37.397999
v 150.555817 36.593620 37.397999
v 150.555817 36.593620 23.397999
v 150.545822 36.547623 23.397999
v 150.581818 36.681625 37.397999
v 150.567810 36.637619 23.397999
v 150.581818 36.681625 23.397999
v 150.613831 36.769623 37.397999
v 150.651825 36.853622 37.397999
v 150.595825 36.725624 23.397999
v 150.613831 36.769623 23.397999
v 150.697815 36.933624 37.397999
v 150.673828 36.893623 37.397999
v 150.631821 36.811623 23.397999
v 150.749817 37.009621 37.397999
v 150.721832 36.971619 37.397999
v 150.673828 36.893623 23.397999
v 150.697815 36.933624 23.397999
v 150.807831 37.081619 37.397999
v 150.777832 37.045624 37.397999
v 150.721832 36.971619 23.397999
v 150.749817 37.009621 23.397999
v 150.871826 37.147621 37.397999
v 150.839813 37.115623 37.397999
v 150.777832 37.045624 23.397999
v 150.763824 37.029625 23.397999
v 150.763824 37.029625 30.400000
v 150.793823 37.063622 30.400000
v 150.763824 37.029625 37.397999
v 150.807831 37.081619 23.397999
v 150.941818 37.209625 37.397999
v 150.957825 37.223625 37.397999
v 150.905823 37.179619 37.397999
v 150.941818 37.209625 23.397999
v 150.957825 37.223625 23.397999
v 150.957825 37.223625 30.400000
v 150.905823 37.179619 23.397999
v 150.923828 37.193619 30.400000
v 150.839813 37.115623 23.397999
v 150.871826 37.147621 23.397999
v 151.015823 37.265625 37.397999
v 150.977814 37.237625 37.397999
v 151.093811 37.313622 37.397999
v 151.113831 37.325623 37.397999
v 151.053818 37.289619 37.397999
v 151.093811 37.313622 23.397999
v 151.113831 37.325623 23.397999
v 151.113831 37.325623 30.400000
v 151.053818 37.289619 23.397999
v 151.073822 37.301620 30.400000
v 150.977814 37.237625 23.397999
v 151.015823 37.265625 23.397999
v 151.175812 37.355621 37.397999
v 151.133820 37.335625 37.397999
v 151.261810 37.391624 37.397999
v 151.217819 37.375626 37.397999
v 151.133820 37.335625 23.397999
v 151.175812 37.355621 23.397999
v 151.305817 37.405624 37.397999
v 151.349823 37.419624 37.397999
v 151.197815 37.365623 37.397999
v 151.197815 37.365623 30.400000
v 151.197815 37.365623 23.397999
v 151.217819 37.375626 23.397999
v 151.261810 37.391624 23.397999
v 151.239822 37.383621 30.400000
v 151.439819 37.441620 37.397999
v 151.393829 37.431625 37.397999
v 151.349823 37.419624 23.397999
v 151.305817 37.405624 23.397999
v 151.531830 37.453621 37.397999
v 151.485825 37.447624 37.397999
v 151.393829 37.431625 23.397999
v 151.439819 37.441620 23.397999
v 151.485825 37.447624 23.397999
v 151.531830 37.453621 23.397999
v 151.577820 37.457619 23.397999
v 151.623825 37.459625 23.397999
v 151.623825 37.459625 37.397999
v 151.577820 37.457619 37.397999
v 168.061829 19.061623 23.397999
v 168.107819 19.073624 37.397999
v 167.893814 19.043625 30.400000
v 151.599823 19.043625 30.400000
v 151.527832 19.047623 37.397999
v 151.431824 19.061623 37.397999
v 151.339813 19.085625 37.397999
v 151.159821 19.153625 37.397999
v 151.035828 19.225624 23.397999
v 150.957825 19.283623 23.397999
v 150.819824 19.415619 23.397999
v 150.707825 19.569626 23.397999
v 150.659821 19.653625 23.397999
v 150.591827 19.833626 23.397999
v 150.553818 20.021622 23.397999
v 150.549820 20.093620 30.400000
v 167.939819 37.457619 23.397999
v 167.939819 37.457619 30.400000
v 167.893814 37.459625 30.400000
v 167.939819 37.457619 37.397999
v 167.985825 37.451622 30.400000
v 168.031815 37.445625 30.400000
v 168.121826 37.425621 30.400000
v 168.075821 37.435623 30.400000
v 168.121826 37.425621 37.397999
v 168.121826 37.425621 23.397999
v 168.165817 37.413620 30.400000
v 168.337814 37.345619 30.400000
v 168.379822 37.325623 30.400000
v 168.379822 37.325623 23.397999
v 168.419815 37.301620 30.400000
v 168.379822 37.325623 37.397999
v 168.459824 37.277626 30.400000
v 168.497818 37.251625 30.400000
v 168.637817 37.131622 30.400000
v 168.757828 36.991623 30.400000
v 168.783829 36.953621 30.400000
v 168.807816 36.913620 30.400000
v 168.831818 36.873619 30.400000
v 168.831818 36.873619 23.397999
v 168.831818 36.873619 37.397999
v 168.851822 36.831619 30.400000
v 168.919815 36.659622 30.400000
v 168.931824 36.615623 30.400000
v 168.931824 36.615623 37.397999
v 168.931824 36.615623 23.397999
v 168.941818 36.569626 30.400000
v 168.951828 36.525620 30.400000
v 168.957825 36.479622 30.400000
v 168.963821 36.433624 30.400000
v 168.965820 36.387619 30.400000
v 168.963821 36.433624 23.397999
v 168.963821 36.433624 37.397999
v 150.527832 36.387619 30.400000
v 150.529816 36.433624 23.397999
v 150.529816 36.433624 37.397999
v 150.529816 36.433624 30.400000
v 150.535828 36.479622 30.400000
v 150.541824 36.525620 30.400000
v 150.551819 36.569626 30.400000
v 150.561829 36.615623 30.400000
v 150.561829 36.615623 23.397999
v 150.573822 36.659622 30.400000
v 150.567810 36.637619 37.397999
v 150.561829 36.615623 37.397999
v 150.587830 36.703621 30.400000
v 150.587830 36.703621 23.397999
v 150.587830 36.703621 37.397999
v 150.595825 36.725624 37.397999
v 150.603821 36.747620 30.400000
v 150.621826 36.789619 30.400000
v 150.641815 36.831619 30.400000
v 150.661819 36.873619 30.400000
v 150.661819 36.873619 23.397999
v 150.661819 36.873619 37.397999
v 150.685822 36.913620 30.400000
v 150.709824 36.953621 30.400000
v 150.709824 36.953621 23.397999
v 150.709824 36.953621 37.397999
v 150.735825 36.991623 30.400000
v 150.821823 37.099625 30.400000
v 150.855820 37.131622 30.400000
v 150.887817 37.165619 30.400000
v 150.995819 37.251625 30.400000
v 151.033813 37.277626 30.400000
v 151.155823 37.345619 30.400000
v 151.283813 37.399620 30.400000
v 151.371826 37.425621 30.400000
v 151.327820 37.413620 30.400000
v 151.417816 37.435623 30.400000
v 151.461823 37.445625 30.400000
v 151.507812 37.451622 30.400000
v 151.553818 37.457619 30.400000
v 151.599823 37.459625 30.400000
v 151.623825 19.041626 37.397999
v 167.869827 19.041626 23.397999
v 168.941818 20.045624 37.397999
v 168.939819 20.021622 37.397999
v 168.941818 20.045624 23.397999
v 168.909821 19.855621 37.397999
v 168.909821 19.855621 23.397999
v 168.879822 19.763626 37.397999
v 168.879822 19.763626 23.397999
v 168.843826 19.675621 37.397999
v 168.843826 19.675621 23.397999
v 168.799820 19.591621 37.397999
v 168.799820 19.591621 23.397999
v 168.809814 19.611626 23.397999
v 168.785828 19.569626 37.397999
v 168.747818 19.509621 37.397999
v 168.747818 19.509621 23.397999
v 168.759827 19.529625 23.397999
v 168.689819 19.433624 37.397999
v 168.689819 19.433624 23.397999
v 168.703827 19.451622 23.397999
v 168.553818 19.297623 37.397999
v 168.553818 19.297623 23.397999
v 168.535828 19.283623 37.397999
v 168.477814 19.239624 37.397999
v 168.495819 19.253624 23.397999
v 168.477814 19.239624 23.397999
v 168.395828 19.187622 37.397999
v 168.395828 19.187622 23.397999
v 168.311829 19.143623 37.397999
v 168.311829 19.143623 23.397999
v 168.131821 19.077621 37.397999
v 168.153824 19.085625 23.397999
v 168.131821 19.077621 23.397999
v 167.941818 19.045624 37.397999
v 167.941818 19.045624 23.397999
v 151.551819 19.045624 23.397999
v 151.551819 19.045624 37.397999
v 151.575821 19.043625 23.397999
v 151.181824 19.143623 37.397999
v 151.181824 19.143623 23.397999
v 151.097824 19.187622 37.397999
v 151.097824 19.187622 23.397999
v 151.075821 19.201622 37.397999
v 150.939819 19.297623 37.397999
v 150.939819 19.297623 23.397999
v 150.921814 19.313622 37.397999
v 150.803818 19.433624 37.397999
v 150.803818 19.433624 23.397999
v 150.789825 19.451622 37.397999
v 150.731812 19.529625 37.397999
v 150.693817 19.591621 37.397999
v 150.693817 19.591621 23.397999
v 150.649811 19.675621 37.397999
v 150.649811 19.675621 23.397999
v 150.583832 19.855621 37.397999
v 150.583832 19.855621 23.397999
v 150.551819 20.045624 37.397999
v 150.551819 20.045624 23.397999
v 150.549820 20.069626 37.397999
v 167.869827 37.459625 37.397999
v 168.031815 37.445625 23.397999
v 168.007828 37.447624 23.397999
v 168.031815 37.445625 37.397999
v 168.459824 37.277626 37.397999
v 168.459824 37.277626 23.397999
v 168.783829 36.953621 23.397999
v 168.783829 36.953621 37.397999
v 168.951828 36.525620 23.397999
v 168.951828 36.525620 37.397999
v 150.541824 36.525620 23.397999
v 150.541824 36.525620 37.397999
v 150.621826 36.789619 23.397999
v 150.621826 36.789619 37.397999
v 150.631821 36.811623 37.397999
v 150.651825 36.853622 23.397999
v 150.821823 37.099625 23.397999
v 150.821823 37.099625 37.397999
v 150.887817 37.165619 37.397999
v 150.887817 37.165619 23.397999
v 151.033813 37.277626 23.397999
v 151.033813 37.277626 37.397999
v 151.283813 37.399620 23.397999
v 151.283813 37.399620 37.397999
v 151.371826 37.425621 37.397999
v 151.371826 37.425621 23.397999
v 151.461823 37.445625 23.397999
v 151.461823 37.445625 37.397999
v 151.553818 37.457619 37.397999
v 151.553818 37.457619 23.397999
f 1 2 3
f 3 2 4
f 3 4 5
f 5 4 6
f 5 6 7
f 7 6 8
f 7 8 9
f 9 8 10
f 9 10 11
f 11 10 12
f 11 12 13
f 13 12 14
f 13 14 15
f 15 14 16
f 15 16 17
f 17 16 18
f 19 1 20
f 20 1 3
f 20 3 21
f 21 3 5
f 21 5 22
f 22 5 7
f 22 7 23
f 23 7 9
f 23 9 24
f 24 9 11
f 24 11 25
f 25 11 13
f 25 13 26
f 26 13 15
f 26 15 27
f 27 15 17
f 19 20 28
f 28 20 29
f 29 20 21
f 29 21 30
f 30 21 22
f 30 22 31
f 31 22 23
f 31 23 32
f 32 23 24
f 32 24 33
f 33 24 25
f 33 25 34
f 34 25 26
f 34 26 35
f 35 26 27
f 35 27 36
f 28 29 37
f 37 29 38
f 38 29 30
f 38 30 39
f 39 30 31
f 39 31 40
f 40 31 32
f 40 32 41
f 41 32 33
f 41 33 42
f 42 33 34
f 42 34 43
f 43 34 35
f 43 35 44
f 44 35 36
f 44 36 45
f 46 37 47
f 47 37 38
f 47 38 48
f 48 38 39
f 48 39 49
f 49 39 40
f 49 40 50
f 50 40 41
f 50 41 51
f 51 41 42
f 51 42 52
f 52 42 43
f 52 43 53
f 53 43 44
f 53 44 54
f 54 44 45
f 55 46 56
f 56 46 47
f 56 47 57
f 57 47 48
f 57 48 58
f 58 48 49
f 58 49 59
f 59 49 50
f 59 50 60
f 60 50 51
f 60 51 61
f 61 51 52
f 61 52 62
f 62 52 53
f 62 53 63
f 63 53 54
f 55 56 64
f 64 56 65
f 65 56 57
f 65 57 66
f 66 57 58
f 66 58 67
f 67 58 59
f 67 59 68
f 68 59 60
f 68 60 69
f 69 60 61
f 69 61 70
f 70 61 62
f 70 62 71
f 71 62 63
f 71 63 72
f 73 64 74
f 74 64 65
f 74 65 75
f 75 65 66
f 75 66 76
f 76 66 67
f 76 67 77
f 77 67 68
f 77 68 78
f 78 68 69
f 78 69 79
f 79 69 70
f 79 70 80
f 80 70 71
f 80 71 81
f 81 71 72
f 73 74 82
f 82 74 83
f 83 74 75
f 83 75 84
f 84 75 76
f 84 76 85
f 85 76 77
f 85 77 86
f 86 77 78
f 86 78 87
f 87 78 79
f 87 79 88
f 88 79 80
f 88 80 89
f 89 80 81
f 89 81 90
f 91 82 92
f 92 82 83
f 92 83 93
f 93 83 84
f 93 84 94
f 94 84 85
f 94 85 95
f 95 85 86
f 95 86 96
f 96 86 87
f 96 87 97
f 97 87 88
f 97 88 98
f 98 88 89
f 98 89 99
f 99 89 90
f 100 101 92
f 91 92 101
f 100 92 93
f 100 93 102
f 102 93 94
f 102 94 103
f 103 94 95
f 103 95 104
f 104 95 96
f 104 96 105
f 105 96 97
f 105 97 106
f 106 97 98
f 106 98 107
f 107 98 99
f 107 99 108
f 101 100 109
f 109 100 110
f 110 100 102
f 110 102 111
f 111 102 103
f 111 103 112
f 112 103 104
f 112 104 113
f 113 104 105
f 113 105 114
f 114 105 106
f 114 106 115
f 115 106 107
f 115 107 116
f 116 107 108
f 116 108 117
f 118 109 119
f 119 109 110
f 110 111 120
f 120 119 110
f 111 112 121
f 121 120 111
f 121 112 122
f 122 112 113
f 122 113 123
f 123 113 114
f 123 114 124
f 124 114 115
f 124 115 125
f 125 115 116
f 125 116 126
f 117 126 116
f 127 118 128
f 128 118 119
f 128 119 129
f 129 119 120
f 129 120 130
f 130 120 121
f 130 121 131
f 131 121 122
f 131 122 132
f 132 122 123
f 132 123 133
f 133 123 124
f 133 124 134
f 134 124 125
f 134 125 135
f 135 125 126
f 136 127 137
f 137 127 128
f 137 128 138
f 138 128 129
f 138 129 139
f 139 129 130
f 139 130 140
f 140 130 131
f 140 131 141
f 141 131 132
f 141 132 142
f 142 132 133
f 142 133 143
f 143 133 134
f 143 134 144
f 144 134 135
f 136 137 145
f 145 137 146
f 146 137 138
f 146 138 147
f 147 138 139
f 147 139 148
f 148 139 140
f 148 140 149
f 149 140 141
f 149 141 150
f 150 141 142
f 150 142 151
f 151 142 143
f 151 143 152
f 152 143 144
f 152 144 153
f 154 145 155
f 155 145 146
f 155 146 156
f 156 146 147
f 156 147 157
f 157 147 148
f 157 148 158
f 158 148 149
f 158 149 159
f 159 149 150
f 159 150 160
f 160 150 151
f 160 151 161
f 161 151 152
f 161 152 162
f 162 152 153
f 154 155 163
f 163 155 164
f 164 155 156
f 164 156 165
f 165 156 157
f 165 157 166
f 166 157 158
f 166 158 167
f 167 158 159
f 167 159 168
f 168 159 160
f 168 160 169
f 169 160 161
f 169 161 170
f 170 161 162
f 170 162 171
f 172 163 173
f 173 163 164
f 173 164 174
f 174 164 165
f 174 165 175
f 175 165 166
f 175 166 176
f 176 166 167
f 176 167 177
f 177 167 168
f 177 168 178
f 178 168 169
f 178 169 179
f 179 169 170
f 179 170 180
f 180 170 171
f 172 173 181
f 181 173 182
f 182 173 174
f 182 174 183
f 183 174 175
f 183 175 184
f 184 175 176
f 184 176 185
f 185 176 177
f 185 177 186
f 186 177 178
f 186 178 187
f 187 178 179
f 187 179 188
f 188 179 180
f 188 180 189
f 181 182 190
f 190 182 191
f 191 182 183
f 191 183 192
f 192 183 184
f 192 184 193
f 193 184 185
f 193 185 194
f 194 185 186
f 194 186 195
f 195 186 187
f 195 187 196
f 196 187 188
f 196 188 197
f 197 188 189
f 197 189 198
f 199 190 200
f 200 190 191
f 200 191 201
f 201 191 192
f 201 192 202
f 202 192 193
f 202 193 203
f 203 193 194
f 203 194 204
f 204 194 195
f 204 195 205
f 205 195 196
f 205 196 206
f 206 196 197
f 206 197 207
f 207 197 198
f 208 199 209
f 209 199 200
f 209 200 210
f 210 200 201
f 210 201 211
f 211 201 202
f 211 202 212
f 212 202 203
f 212 203 213
f 213 203 204
f 213 204 214
f 214 204 205
f 214 205 215
f 215 205 206
f 215 206 216
f 216 206 207
f 208 209 217
f 217 209 218
f 218 209 210
f 218 210 219
f 219 210 211
f 219 211 220
f 220 211 212
f 220 212 221
f 221 212 213
f 221 213 222
f 222 213 214
f 222 214 223
f 223 214 215
f 223 215 224
f 224 215 216
f 224 216 225
f 217 218 226
f 226 218 227
f 227 218 219
f 227 219 228
f 228 219 220
f 228 220 229
f 229 220 221
f 229 221 230
f 230 221 222
f 230 222 231
f 231 222 223
f 231 223 232
f 232 223 224
f 232 224 233
f 233 224 225
f 233 225 234
f 226 235 236
f 226 227 237
f 238 239 240
f 241 236 239
f 226 237 235
f 236 241 226
f 236 242 239
f 242 240 239
f 242 243 244
f 244 240 242
f 243 242 236
f 235 245 246
f 245 235 237
f 236 246 243
f 237 247 245
f 240 244 248
f 240 248 238
f 246 236 235
f 227 228 237
f 247 237 228
f 244 249 250
f 245 251 252
f 249 244 243
f 247 253 251
f 246 252 254
f 243 254 249
f 252 246 245
f 251 245 247
f 254 243 246
f 244 250 248
f 228 229 247
f 253 247 229
f 251 255 256
f 256 252 251
f 249 257 258
f 252 256 259
f 259 254 252
f 255 251 253
f 254 259 257
f 253 260 255
f 257 249 254
f 249 258 250
f 229 230 253
f 260 253 230
f 256 261 262
f 257 263 264
f 260 265 266
f 262 259 256
f 261 256 255
f 259 262 263
f 255 266 261
f 266 255 260
f 263 257 259
f 265 260 231
f 230 231 260
f 257 264 258
f 263 267 268
f 262 269 267
f 269 262 261
f 261 270 269
f 270 261 266
f 267 263 262
f 271 266 265
f 265 272 271
f 272 265 232
f 263 268 264
f 266 271 270
f 231 232 265
f 269 273 274
f 273 269 270
f 267 274 275
f 274 267 269
f 276 271 272
f 271 276 277
f 277 270 271
f 278 272 233
f 272 278 276
f 232 233 272
f 267 275 268
f 270 277 273
f 279 277 234
f 277 276 234
f 276 278 234
f 233 234 278
f 277 279 280
f 280 273 277
f 274 280 275
f 280 274 273
f 281 239 282
f 282 239 238
f 282 238 283
f 283 238 248
f 283 248 284
f 284 248 250
f 284 250 285
f 285 250 258
f 285 258 286
f 286 258 264
f 286 264 287
f 287 264 268
f 287 268 288
f 288 268 275
f 288 275 289
f 289 275 280
f 290 281 291
f 291 281 282
f 291 282 292
f 292 282 283
f 292 283 293
f 293 283 284
f 293 284 294
f 294 284 285
f 294 285 295
f 295 285 286
f 295 286 296
f 296 286 287
f 296 287 297
f 297 287 288
f 297 288 298
f 298 288 289
f 290 291 299
f 299 291 300
f 300 291 292
f 300 292 301
f 301 292 293
f 301 293 302
f 302 293 294
f 302 294 303
f 303 294 295
f 303 295 304
f 304 295 296
f 304 296 305
f 305 296 297
f 305 297 306
f 306 297 298
f 306 298 307
f 299 300 308
f 308 300 309
f 309 300 301
f 309 301 310
f 310 301 302
f 310 302 311
f 311 302 303
f 311 303 312
f 312 303 304
f 312 304 313
f 313 304 305
f 313 305 314
f 314 305 306
f 314 306 315
f 315 306 307
f 315 307 316
f 317 308 318
f 318 308 309
f 318 309 319
f 319 309 310
f 319 310 320
f 320 310 311
f 320 311 321
f 321 311 312
f 321 312 322
f 322 312 313
f 322 313 323
f 323 313 314
f 323 314 324
f 324 314 315
f 324 315 325
f 325 315 316
f 317 318 326
f 326 318 327
f 327 318 319
f 327 319 328
f 328 319 320
f 328 320 329
f 329 320 321
f 329 321 330
f 330 321 322
f 330 322 331
f 331 322 323
f 331 323 332
f 332 323 324
f 332 324 333
f 333 324 325
f 333 325 334
f 335 326 336
f 336 326 327
f 336 327 337
f 337 327 328
f 337 328 338
f 338 328 329
f 338 329 339
f 339 329 330
f 339 330 340
f 340 330 331
f 340 331 341
f 341 331 332
f 341 332 342
f 342 332 333
f 342 333 343
f 343 333 334
f 335 336 344
f 344 336 345
f 345 336 337
f 345 337 346
f 346 337 338
f 346 338 347
f 347 338 339
f 347 339 348
f 348 339 340
f 348 340 349
f 349 340 341
f 349 341 350
f 350 341 342
f 350 342 351
f 351 342 343
f 351 343 352
f 344 345 353
f 353 345 354
f 354 345 346
f 354 346 355
f 355 346 347
f 355 347 356
f 356 347 348
f 356 348 357
f 357 348 349
f 357 349 358
f 358 349 350
f 358 350 359
f 359 350 351
f 359 351 360
f 360 351 352
f 360 352 361
f 362 353 363
f 363 353 354
f 363 354 364
f 364 354 355
f 364 355 365
f 365 355 356
f 365 356 366
f 366 356 357
f 366 357 367
f 367 357 358
f 367 358 368
f 368 358 359
f 368 359 369
f 369 359 360
f 369 360 370
f 370 360 361
f 371 362 372
f 372 362 363
f 372 363 373
f 373 363 364
f 373 364 374
f 374 364 365
f 374 365 375
f 375 365 366
f 375 366 376
f 376 366 367
f 376 367 377
f 377 367 368
f 377 368 378
f 378 368 369
f 378 369 379
f 379 369 370
f 371 372 380
f 380 372 381
f 381 372 373
f 381 373 382
f 382 373 374
f 382 374 383
f 383 374 375
f 383 375 384
f 384 375 376
f 384 376 385
f 385 376 377
f 385 377 386
f 386 377 378
f 386 378 387
f 387 378 379
f 387 379 388
f 389 380 390
f 390 380 381
f 390 381 391
f 391 381 382
f 391 382 392
f 392 382 383
f 392 383 393
f 393 383 384
f 393 384 394
f 394 384 385
f 394 385 395
f 395 385 386
f 395 386 396
f 396 386 387
f 396 387 397
f 397 387 388
f 389 390 398
f 398 390 399
f 399 390 391
f 399 391 400
f 400 391 392
f 400 392 401
f 401 392 393
f 401 393 402
f 402 393 394
f 402 394 403
f 403 394 395
f 403 395 404
f 404 395 396
f 404 396 405
f 405 396 397
f 405 397 406
f 398 399 407
f 407 399 408
f 408 399 400
f 408 400 409
f 409 400 401
f 409 401 410
f 410 401 402
f 410 402 411
f 411 402 403
f 411 403 412
f 412 403 404
f 412 404 413
f 413 404 405
f 413 405 414
f 414 405 406
f 414 406 415
f 416 407 417
f 417 407 408
f 417 408 418
f 418 408 409
f 418 409 419
f 419 409 410
f 419 410 420
f 420 410 411
f 420 411 421
f 421 411 412
f 421 412 422
f 422 412 413
f 422 413 423
f 423 413 414
f 423 414 424
f 424 414 415
f 425 416 426
f 426 416 417
f 426 417 427
f 427 417 418
f 427 418 428
f 428 418 419
f 428 419 429
f 429 419 420
f 429 420 430
f 430 420 421
f 430 421 431
f 431 421 422
f 431 422 432
f 432 422 423
f 432 423 433
f 433 423 424
f 425 426 434
f 434 426 435
f 435 426 427
f 435 427 436
f 436 427 428
f 436 428 437
f 437 428 429
f 437 429 438
f 438 429 430
f 438 430 439
f 439 430 431
f 439 431 440
f 440 431 432
f 440 432 441
f 441 432 433
f 441 433 442
f 443 434 444
f 444 434 435
f 444 435 445
f 445 435 436
f 445 436 446
f 446 436 437
f 446 437 447
f 447 437 438
f 447 438 448
f 448 438 439
f 448 439 449
f 449 439 440
f 449 440 450
f 450 440 441
f 450 441 451
f 451 441 442
f 443 444 452
f 452 444 453
f 453 444 445
f 453 445 454
f 454 445 446
f 454 446 455
f 455 446 447
f 455 447 456
f 456 447 448
f 456 448 457
f 457 448 449
f 457 449 458
f 458 449 450
f 458 450 459
f 459 450 451
f 459 451 460
f 461 452 462
f 462 452 453
f 462 453 463
f 463 453 454
f 463 454 464
f 464 454 455
f 464 455 465
f 465 455 456
f 465 456 466
f 466 456 457
f 466 457 467
f 467 457 458
f 467 458 468
f 468 458 459
f 468 459 469
f 469 459 460
f 470 461 471
f 471 461 462
f 471 462 472
f 472 462 463
f 472 463 473
f 473 463 464
f 473 464 474
f 474 464 465
f 474 465 475
f 475 465 466
f 475 466 476
f 476 466 467
f 476 467 477
f 477 467 468
f 477 468 478
f 478 468 469
f 470 471 479
f 479 471 480
f 480 471 472
f 480 472 481
f 481 472 473
f 481 473 482
f 482 473 474
f 482 474 483
f 483 474 475
f 483 475 484
f 484 475 476
f 484 476 485
f 485 476 477
f 485 477 486
f 486 477 478
f 486 478 487
f 479 480 488
f 488 480 489
f 489 480 481
f 489 481 490
f 490 481 482
f 490 482 491
f 491 482 483
f 491 483 492
f 492 483 484
f 492 484 493
f 493 484 485
f 493 485 494
f 494 485 486
f 494 486 495
f 495 486 487
f 495 487 496
f 497 498 488
f 499 500 498
f 501 502 499
f 502 503 499
f 500 488 498
f 504 497 488
f 489 504 488
f 498 501 499
f 505 506 504
f 506 507 497
f 501 498 508
f 507 508 498
f 497 504 506
f 508 509 501
f 498 497 507
f 503 502 510
f 509 510 502
f 504 489 490
f 490 505 504
f 502 501 509
f 509 508 511
f 512 513 506
f 513 514 507
f 515 512 505
f 507 506 513
f 506 505 512
f 514 511 508
f 508 507 514
f 505 490 491
f 491 515 505
f 511 516 509
f 510 509 516
f 517 518 514
f 519 520 512
f 520 517 513
f 513 512 520
f 515 491 492
f 521 519 515
f 514 513 517
f 512 515 519
f 511 514 518
f 492 521 515
f 518 522 511
f 516 511 522
f 523 524 517
f 525 523 520
f 526 525 519
f 517 520 523
f 520 519 525
f 519 521 526
f 518 517 524
f 493 527 521
f 521 492 493
f 527 526 521
f 524 528 518
f 522 518 528
f 529 530 525
f 530 531 523
f 523 525 530
f 525 526 529
f 532 533 527
f 524 523 531
f 533 529 526
f 494 532 527
f 527 493 494
f 526 527 533
f 531 534 524
f 528 524 534
f 535 536 530
f 530 529 535
f 537 538 532
f 531 530 536
f 495 537 532
f 532 494 495
f 538 539 533
f 539 535 529
f 533 532 538
f 529 533 539
f 536 540 531
f 534 531 540
f 496 541 539
f 541 542 539
f 537 495 496
f 539 538 496
f 538 537 496
f 535 539 542
f 536 535 542
f 540 536 542
f 543 499 544
f 544 499 503
f 544 503 545
f 545 503 510
f 545 510 546
f 546 510 516
f 546 516 547
f 547 516 522
f 547 522 548
f 548 522 528
f 548 528 549
f 549 528 534
f 549 534 550
f 550 534 540
f 550 540 551
f 551 540 542
f 552 543 553
f 553 543 544
f 553 544 554
f 554 544 545
f 554 545 555
f 555 545 546
f 555 546 556
f 556 546 547
f 556 547 557
f 557 547 548
f 557 548 558
f 558 548 549
f 558 549 559
f 559 549 550
f 559 550 560
f 560 550 551
f 552 553 561
f 561 553 562
f 562 553 554
f 562 554 563
f 563 554 555
f 563 555 564
f 564 555 556
f 564 556 565
f 565 556 557
f 565 557 566
f 566 557 558
f 566 558 567
f 567 558 559
f 567 559 568
f 568 559 560
f 568 560 569
f 561 562 570
f 570 562 571
f 571 562 563
f 571 563 572
f 572 563 564
f 572 564 573
f 573 564 565
f 573 565 574
f 574 565 566
f 574 566 575
f 575 566 567
f 575 567 576
f 576 567 568
f 576 568 577
f 577 568 569
f 577 569 578
f 579 570 580
f 580 570 571
f 580 571 581
f 581 571 572
f 581 572 582
f 582 572 573
f 582 573 583
f 583 573 574
f 583 574 584
f 584 574 575
f 584 575 585
f 585 575 576
f 585 576 586
f 586 576 577
f 586 577 587
f 587 577 578
f 579 580 588
f 588 580 589
f 589 580 581
f 589 581 590
f 590 581 582
f 590 582 591
f 591 582 583
f 591 583 592
f 592 583 584
f 592 584 593
f 593 584 585
f 593 585 594
f 594 585 586
f 594 586 595
f 595 586 587
f 595 587 596
f 597 588 598
f 598 588 589
f 598 589 599
f 599 589 590
f 599 590 600
f 600 590 591
f 600 591 601
f 601 591 592
f 601 592 602
f 602 592 593
f 602 593 603
f 603 593 594
f 603 594 604
f 604 594 595
f 604 595 605
f 605 595 596
f 597 598 606
f 606 598 607
f 607 598 599
f 607 599 608
f 608 599 600
f 608 600 609
f 609 600 601
f 609 601 610
f 610 601 602
f 610 602 611
f 611 602 603
f 611 603 612
f 612 603 604
f 612 604 613
f 613 604 605
f 613 605 614
f 606 607 615
f 615 607 616
f 616 607 608
f 616 608 617
f 617 608 609
f 617 609 618
f 618 609 610
f 618 610 619
f 619 610 611
f 619 611 620
f 620 611 612
f 620 612 621
f 621 612 613
f 621 613 622
f 622 613 614
f 622 614 623
f 624 615 625
f 625 615 616
f 625 616 626
f 626 616 617
f 626 617 627
f 627 617 618
f 627 618 628
f 628 618 619
f 628 619 629
f 629 619 620
f 629 620 630
f 630 620 621
f 630 621 631
f 631 621 622
f 631 622 632
f 632 622 623
f 633 624 634
f 634 624 625
f 634 625 635
f 635 625 626
f 635 626 636
f 636 626 627
f 636 627 637
f 637 627 628
f 637 628 638
f 638 628 629
f 638 629 639
f 639 629 630
f 639 630 640
f 640 630 631
f 640 631 641
f 641 631 632
f 633 634 642
f 642 634 643
f 643 634 635
f 643 635 644
f 644 635 636
f 644 636 645
f 645 636 637
f 645 637 646
f 646 637 638
f 646 638 647
f 647 638 639
f 647 639 648
f 648 639 640
f 648 640 649
f 649 640 641
f 649 641 650
f 651 642 652
f 652 642 643
f 652 643 653
f 653 643 644
f 653 644 654
f 654 644 645
f 654 645 655
f 655 645 646
f 655 646 656
f 656 646 647
f 656 647 657
f 657 647 648
f 657 648 658
f 658 648 649
f 658 649 659
f 659 649 650
f 651 652 660
f 660 652 661
f 661 652 653
f 661 653 662
f 662 653 654
f 662 654 663
f 663 654 655
f 663 655 664
f 664 655 656
f 664 656 665
f 665 656 657
f 665 657 666
f 666 657 658
f 666 658 667
f 667 658 659
f 667 659 668
f 660 661 669
f 669 661 670
f 670 661 662
f 670 662 671
f 671 662 663
f 671 663 672
f 672 663 664
f 672 664 673
f 673 664 665
f 673 665 674
f 674 665 666
f 674 666 675
f 675 666 667
f 675 667 676
f 676 667 668
f 676 668 677
f 678 669 679
f 679 669 670
f 679 670 680
f 680 670 671
f 680 671 681
f 681 671 672
f 681 672 682
f 682 672 673
f 682 673 683
f 683 673 674
f 683 674 684
f 684 674 675
f 684 675 685
f 685 675 676
f 685 676 686
f 686 676 677
f 687 678 688
f 688 678 679
f 688 679 689
f 689 679 680
f 689 680 690
f 690 680 681
f 690 681 691
f 691 681 682
f 691 682 692
f 692 682 683
f 692 683 693
f 693 683 684
f 693 684 694
f 694 684 685
f 694 685 695
f 695 685 686
f 687 688 696
f 696 688 697
f 697 688 689
f 697 689 698
f 698 689 690
f 698 690 699
f 699 690 691
f 699 691 700
f 700 691 692
f 700 692 701
f 701 692 693
f 701 693 702
f 702 693 694
f 702 694 703
f 703 694 695
f 703 695 704
f 705 696 706
f 706 696 697
f 706 697 707
f 707 697 698
f 707 698 708
f 708 698 699
f 708 699 709
f 709 699 700
f 709 700 710
f 710 700 701
f 710 701 711
f 711 701 702
f 711 702 712
f 712 702 703
f 712 703 713
f 713 703 704
f 706 714 715
f 715 705 706
f 714 706 707
f 714 707 716
f 716 707 708
f 716 708 717
f 717 708 709
f 717 709 718
f 718 709 710
f 718 710 719
f 719 710 711
f 719 711 720
f 720 711 712
f 720 712 721
f 721 712 713
f 721 713 722
f 723 715 724
f 724 715 714
f 724 714 725
f 725 714 716
f 725 716 726
f 726 716 717
f 726 717 727
f 727 717 718
f 727 718 728
f 728 718 719
f 728 719 729
f 729 719 720
f 729 720 730
f 730 720 721
f 730 721 731
f 731 721 722
f 732 723 733
f 733 723 724
f 733 724 734
f 734 724 725
f 734 725 735
f 735 725 726
f 735 726 736
f 736 726 727
f 736 727 737
f 737 727 728
f 737 728 738
f 738 728 729
f 738 729 739
f 739 729 730
f 739 730 740
f 740 730 731
f 732 733 741
f 741 733 742
f 742 733 734
f 742 734 743
f 743 734 735
f 743 735 744
f 744 735 736
f 744 736 745
f 745 736 737
f 745 737 746
f 746 737 738
f 746 738 747
f 747 738 739
f 747 739 748
f 748 739 740
f 748 740 749
f 741 742 750
f 750 742 751
f 751 742 743
f 751 743 752
f 752 743 744
f 752 744 753
f 753 744 745
f 753 745 754
f 754 745 746
f 754 746 755
f 755 746 747
f 755 747 756
f 756 747 748
f 756 748 757
f 757 748 749
f 757 749 758
f 759 760 761
f 762 750 763
f 760 764 765
f 760 765 766
f 751 763 750
f 759 750 762
f 760 759 764
f 761 750 759
f 767 768 762
f 766 765 769
f 764 759 770
f 770 771 764
f 768 770 759
f 772 767 763
f 762 763 767
f 763 752 772
f 763 751 752
f 771 769 765
f 759 762 768
f 765 764 771
f 771 770 773
f 769 771 774
f 773 774 771
f 772 752 753
f 770 768 775
f 776 777 767
f 777 775 768
f 775 773 770
f 768 767 777
f 778 776 772
f 767 772 776
f 772 753 778
f 779 780 777
f 773 775 781
f 780 781 775
f 782 779 776
f 777 776 779
f 774 773 783
f 775 777 780
f 784 782 778
f 776 778 782
f 778 754 784
f 778 753 754
f 781 783 773
f 781 780 785
f 786 787 779
f 787 785 780
f 782 784 788
f 783 781 789
f 780 779 787
f 788 786 782
f 779 782 786
f 785 789 781
f 784 754 755
f 784 755 790
f 790 788 784
f 789 785 791
f 786 788 792
f 785 787 793
f 794 793 787
f 792 794 786
f 787 786 794
f 793 791 785
f 790 756 795
f 795 796 790
f 796 792 788
f 790 755 756
f 788 790 796
f 794 792 797
f 795 757 798
f 797 799 794
f 791 793 800
f 799 800 793
f 793 794 799
f 798 801 795
f 802 797 792
f 801 802 796
f 795 756 757
f 796 795 801
f 792 796 802
f 802 758 803
f 803 804 802
f 758 801 798
f 798 757 758
f 758 802 801
f 802 804 797
f 797 804 799
f 800 799 804
f 805 760 806
f 806 760 766
f 806 766 807
f 807 766 769
f 807 769 808
f 808 769 774
f 808 774 809
f 809 774 783
f 809 783 810
f 810 783 789
f 810 789 811
f 811 789 791
f 811 791 812
f 812 791 800
f 812 800 813
f 813 800 804
f 814 805 815
f 815 805 806
f 815 806 816
f 816 806 807
f 816 807 817
f 817 807 808
f 817 808 818
f 818 808 809
f 818 809 819
f 819 809 810
f 819 810 820
f 820 810 811
f 820 811 821
f 821 811 812
f 821 812 822
f 822 812 813
f 814 815 823
f 823 815 824
f 824 815 816
f 824 816 825
f 825 816 817
f 825 817 826
f 826 817 818
f 826 818 827
f 827 818 819
f 827 819 828
f 828 819 820
f 828 820 829
f 829 820 821
f 829 821 830
f 830 821 822
f 830 822 831
f 823 824 832
f 832 824 833
f 833 824 825
f 833 825 834
f 834 825 826
f 834 826 835
f 835 826 827
f 835 827 836
f 836 827 828
f 836 828 837
f 837 828 829
f 837 829 838
f 838 829 830
f 838 830 839
f 839 830 831
f 839 831 840
f 841 832 842
f 842 832 833
f 842 833 843
f 843 833 834
f 843 834 844
f 844 834 835
f 844 835 845
f 845 835 836
f 845 836 846
f 846 836 837
f 846 837 847
f 847 837 838
f 847 838 848
f 848 838 839
f 848 839 849
f 849 839 840
f 850 841 851
f 851 841 842
f 851 842 852
f 852 842 843
f 852 843 853
f 853 843 844
f 853 844 854
f 854 844 845
f 854 845 855
f 855 845 846
f 855 846 856
f 856 846 847
f 856 847 857
f 857 847 848
f 857 848 858
f 858 848 849
f 850 851 859
f 859 851 860
f 860 851 852
f 860 852 861
f 861 852 853
f 861 853 862
f 862 853 854
f 862 854 863
f 863 854 855
f 863 855 864
f 864 855 856
f 864 856 865
f 865 856 857
f 865 857 866
f 866 857 858
f 866 858 867
f 868 859 869
f 869 859 860
f 869 860 870
f 870 860 861
f 870 861 871
f 871 861 862
f 871 862 872
f 872 862 863
f 872 863 873
f 873 863 864
f 873 864 874
f 874 864 865
f 874 865 875
f 875 865 866
f 875 866 876
f 876 866 867
f 868 869 877
f 877 869 878
f 878 869 870
f 878 870 879
f 879 870 871
f 879 871 880
f 880 871 872
f 880 872 881
f 881 872 873
f 881 873 882
f 882 873 874
f 882 874 883
f 883 874 875
f 883 875 884
f 884 875 876
f 884 876 885
f 886 877 887
f 887 877 878
f 887 878 888
f 888 878 879
f 888 879 889
f 889 879 880
f 889 880 890
f 890 880 881
f 890 881 891
f 891 881 882
f 891 882 892
f 892 882 883
f 892 883 893
f 893 883 884
f 893 884 894
f 894 884 885
f 886 887 895
f 895 887 896
f 896 887 888
f 896 888 897
f 897 888 889
f 897 889 898
f 898 889 890
f 898 890 899
f 899 890 891
f 899 891 900
f 900 891 892
f 900 892 901
f 901 892 893
f 901 893 902
f 902 893 894
f 902 894 903
f 895 896 904
f 904 896 905
f 905 896 897
f 905 897 906
f 906 897 898
f 906 898 907
f 907 898 899
f 907 899 908
f 908 899 900
f 908 900 909
f 909 900 901
f 909 901 910
f 910 901 902
f 910 902 911
f 911 902 903
f 911 903 912
f 905 913 904
f 914 904 913
f 906 915 905
f 913 905 915
f 907 916 906
f 915 906 916
f 908 917 907
f 916 907 917
f 909 918 908
f 917 908 918
f 909 910 919
f 919 918 909
f 910 911 920
f 920 919 910
f 911 912 921
f 921 920 911
f 922 914 923
f 923 914 913
f 923 913 924
f 924 913 915
f 924 915 925
f 925 915 916
f 925 916 926
f 926 916 917
f 926 917 927
f 927 917 918
f 927 918 928
f 928 918 919
f 928 919 929
f 929 919 920
f 929 920 930
f 930 920 921
f 931 922 932
f 932 922 923
f 932 923 933
f 933 923 924
f 933 924 934
f 934 924 925
f 934 925 935
f 935 925 926
f 935 926 936
f 936 926 927
f 936 927 937
f 937 927 928
f 937 928 938
f 938 928 929
f 938 929 939
f 939 929 930
f 931 932 940
f 940 932 941
f 941 932 933
f 941 933 942
f 942 933 934
f 942 934 943
f 943 934 935
f 943 935 944
f 944 935 936
f 944 936 945
f 945 936 937
f 945 937 946
f 946 937 938
f 946 938 947
f 947 938 939
f 947 939 948
f 949 940 950
f 950 940 941
f 950 941 951
f 951 941 942
f 951 942 952
f 952 942 943
f 952 943 953
f 953 943 944
f 953 944 954
f 954 944 945
f 954 945 955
f 955 945 946
f 955 946 956
f 956 946 947
f 956 947 957
f 957 947 948
f 949 950 958
f 958 950 959
f 959 950 951
f 959 951 960
f 960 951 952
f 960 952 961
f 961 952 953
f 961 953 962
f 962 953 954
f 962 954 963
f 963 954 955
f 963 955 964
f 964 955 956
f 964 956 965
f 965 956 957
f 965 957 966
f 967 958 968
f 968 958 959
f 968 959 969
f 969 959 960
f 969 960 970
f 970 960 961
f 970 961 971
f 971 961 962
f 971 962 972
f 972 962 963
f 972 963 973
f 973 963 964
f 973 964 974
f 974 964 965
f 974 965 975
f 975 965 966
f 967 968 976
f 976 968 977
f 977 968 969
f 977 969 978
f 978 969 970
f 978 970 979
f 979 970 971
f 979 971 980
f 980 971 972
f 980 972 981
f 981 972 973
f 981 973 982
f 982 973 974
f 982 974 983
f 983 974 975
f 983 975 984
f 976 977 985
f 985 977 986
f 986 977 978
f 986 978 987
f 987 978 979
f 987 979 988
f 988 979 980
f 988 980 989
f 989 980 981
f 989 981 990
f 990 981 982
f 990 982 991
f 991 982 983
f 991 983 992
f 992 983 984
f 992 984 993
f 994 985 995
f 995 985 986
f 995 986 996
f 996 986 987
f 996 987 997
f 997 987 988
f 997 988 998
f 998 988 989
f 998 989 999
f 999 989 990
f 999 990 1000
f 1000 990 991
f 1000 991 1001
f 1001 991 992
f 1001 992 1002
f 1002 992 993
f 1003 994 1004
f 1004 994 995
f 1004 995 1005
f 1005 995 996
f 1005 996 1006
f 1006 996 997
f 1006 997 1007
f 1007 997 998
f 1007 998 1008
f 1008 998 999
f 1008 999 1009
f 1009 999 1000
f 1009 1000 1010
f 1010 1000 1001
f 1010 1001 1011
f 1011 1001 1002
f 1003 1004 1012
f 1012 1004 1013
f 1013 1004 1005
f 1013 1005 1014
f 1014 1005 1006
f 1014 1006 1015
f 1015 1006 1007
f 1015 1007 1016
f 1016 1007 1008
f 1016 1008 1017
f 1017 1008 1009
f 1017 1009 1018
f 1018 1009 1010
f 1018 1010 1019
f 1019 1010 1011
f 1019 1011 1020
f 1012 1013 1021
f 1021 1013 1022
f 1022 1013 1014
f 1022 1014 1023
f 1023 1014 1015
f 1023 1015 1024
f 1024 1015 1016
f 1024 1016 1025
f 1025 1016 1017
f 1025 1017 1026
f 1026 1017 1018
f 1026 1018 1027
f 1027 1018 1019
f 1027 1019 1028
f 1028 1019 1020
f 1028 1020 1029
f 1030 1031 2
f 4 2 1032
f 1032 2 1033
f 1031 1021 1034
f 1021 1031 1030
f 1034 1021 1035
f 1035 1021 1022
f 1033 2 1031
f 1036 1034 1037
f 1038 1033 1039
f 1034 1036 1031
f 1040 1035 1023
f 1031 1039 1033
f 1035 1037 1034
f 1039 1031 1036
f 1037 1035 1040
f 1032 6 4
f 1033 1038 1032
f 1022 1023 1035
f 6 1032 1038
f 1040 1041 1037
f 8 1038 1042
f 1039 1042 1038
f 1043 1036 1044
f 1037 1044 1036
f 1044 1037 1041
f 1045 1040 1024
f 1036 1043 1039
f 1041 1040 1045
f 1042 1039 1043
f 1023 1024 1040
f 1038 8 6
f 1046 1044 1047
f 1041 1047 1044
f 1048 1043 1046
f 1044 1046 1043
f 1047 1041 1049
f 10 1042 1048
f 1043 1048 1042
f 1045 1049 1041
f 1049 1045 1050
f 1050 1045 1025
f 1024 1025 1045
f 1042 10 8
f 1051 1046 1052
f 1047 1052 1046
f 1052 1047 1053
f 12 1048 1051
f 1046 1051 1048
f 1049 1053 1047
f 1053 1049 1054
f 1050 1054 1049
f 1055 1050 1026
f 1025 1026 1050
f 1054 1050 1055
f 1048 12 10
f 1056 1052 1057
f 14 1051 1056
f 1052 1056 1051
f 1053 1057 1052
f 1057 1053 1058
f 1054 1058 1053
f 1059 1055 1060
f 1060 1055 1027
f 1026 1027 1055
f 1055 1059 1054
f 1058 1054 1059
f 1051 14 12
f 16 1056 1061
f 1057 1061 1056
f 1061 1057 1062
f 1058 1062 1057
f 1063 1060 1064
f 1065 1059 1063
f 1064 1060 1028
f 1027 1028 1060
f 1060 1063 1059
f 1059 1065 1058
f 1062 1058 1065
f 1056 16 14
f 18 1065 1066
f 1028 1029 1064
f 1066 1065 1029
f 1064 1029 1063
f 1063 1029 1065
f 1065 18 1062
f 1062 18 1061
f 1061 18 16
f 1067 1068 496
f 542 541 1068
f 1069 1070 542
f 1070 1071 542
f 541 496 1068
f 1072 1067 496
f 1073 1072 496
f 1068 1069 542
f 1074 1075 1072
f 1075 1076 1067
f 1069 1068 1077
f 1076 1077 1068
f 1067 1072 1075
f 1077 1078 1069
f 1068 1067 1076
f 1071 1070 1079
f 1078 1079 1070
f 1072 1073 1080
f 1080 1074 1072
f 1070 1069 1078
f 1078 1077 1081
f 1082 1083 1075
f 1083 1084 1076
f 1085 1082 1074
f 1076 1075 1083
f 1075 1074 1082
f 1084 1081 1077
f 1077 1076 1084
f 1074 1080 1086
f 1086 1085 1074
f 1081 1087 1078
f 1079 1078 1087
f 1088 1089 1084
f 1090 1091 1082
f 1091 1088 1083
f 1083 1082 1091
f 1085 1086 1092
f 1093 1090 1085
f 1084 1083 1088
f 1082 1085 1090
f 1081 1084 1089
f 1092 1093 1085
f 1089 1094 1081
f 1087 1081 1094
f 1095 1096 1088
f 1097 1095 1091
f 1098 1097 1090
f 1088 1091 1095
f 1091 1090 1097
f 1090 1093 1098
f 1089 1088 1096
f 1099 1100 1093
f 1093 1092 1099
f 1100 1098 1093
f 1096 1101 1089
f 1094 1089 1101
f 1102 1103 1097
f 1103 1104 1095
f 1095 1097 1103
f 1097 1098 1102
f 1105 1106 1100
f 1096 1095 1104
f 1106 1102 1098
f 1107 1105 1100
f 1100 1099 1107
f 1098 1100 1106
f 1104 1108 1096
f 1101 1096 1108
f 1109 1110 1103
f 1103 1102 1109
f 1111 1112 1105
f 1104 1103 1110
f 1113 1111 1105
f 1105 1107 1113
f 1112 1114 1106
f 1114 1109 1102
f 1106 1105 1112
f 1102 1106 1114
f 1110 1115 1104
f 1108 1104 1115
f 1116 1117 1114
f 1117 1118 1114
f 1111 1113 1116
f 1114 1112 1116
f 1112 1111 1116
f 1109 1114 1118
f 1110 1109 1118
f 1115 1110 1118
f 487 1119 496
f 496 1119 1073
f 1073 1119 1120
f 1073 1120 1080
f 1080 1120 1121
f 1080 1121 1086
f 1086 1121 1122
f 1086 1122 1092
f 1092 1122 1123
f 1092 1123 1099
f 1099 1123 1124
f 1099 1124 1107
f 1107 1124 1125
f 1107 1125 1113
f 1113 1125 1126
f 1113 1126 1116
f 478 1127 487
f 487 1127 1119
f 1119 1127 1128
f 1119 1128 1120
f 1120 1128 1129
f 1120 1129 1121
f 1121 1129 1130
f 1121 1130 1122
f 1122 1130 1131
f 1122 1131 1123
f 1123 1131 1132
f 1123 1132 1124
f 1124 1132 1133
f 1124 1133 1125
f 1125 1133 1134
f 1125 1134 1126
f 478 469 1127
f 1127 469 1135
f 1127 1135 1128
f 1128 1135 1136
f 1128 1136 1129
f 1129 1136 1137
f 1129 1137 1130
f 1130 1137 1138
f 1130 1138 1131
f 1131 1138 1139
f 1131 1139 1132
f 1132 1139 1140
f 1132 1140 1133
f 1133 1140 1141
f 1133 1141 1134
f 1134 1141 1142
f 469 460 1135
f 1135 460 1143
f 1135 1143 1136
f 1136 1143 1144
f 1136 1144 1137
f 1137 1144 1145
f 1137 1145 1138
f 1138 1145 1146
f 1138 1146 1139
f 1139 1146 1147
f 1139 1147 1140
f 1140 1147 1148
f 1140 1148 1141
f 1141 1148 1149
f 1141 1149 1142
f 1142 1149 1150
f 451 1151 460
f 460 1151 1143
f 1143 1151 1152
f 1143 1152 1144
f 1144 1152 1153
f 1144 1153 1145
f 1145 1153 1154
f 1145 1154 1146
f 1146 1154 1155
f 1146 1155 1147
f 1147 1155 1156
f 1147 1156 1148
f 1148 1156 1157
f 1148 1157 1149
f 1149 1157 1158
f 1149 1158 1150
f 451 442 1151
f 1151 442 1159
f 1151 1159 1152
f 1152 1159 1160
f 1152 1160 1153
f 1153 1160 1161
f 1153 1161 1154
f 1154 1161 1162
f 1154 1162 1155
f 1155 1162 1163
f 1155 1163 1156
f 1156 1163 1164
f 1156 1164 1157
f 1157 1164 1165
f 1157 1165 1158
f 1158 1165 1166
f 433 1167 442
f 442 1167 1159
f 1159 1167 1168
f 1159 1168 1160
f 1160 1168 1169
f 1160 1169 1161
f 1161 1169 1170
f 1161 1170 1162
f 1162 1170 1171
f 1162 1171 1163
f 1163 1171 1172
f 1163 1172 1164
f 1164 1172 1173
f 1164 1173 1165
f 1165 1173 1174
f 1165 1174 1166
f 433 424 1167
f 1167 424 1175
f 1167 1175 1168
f 1168 1175 1176
f 1168 1176 1169
f 1169 1176 1177
f 1169 1177 1170
f 1170 1177 1178
f 1170 1178 1171
f 1171 1178 1179
f 1171 1179 1172
f 1172 1179 1180
f 1172 1180 1173
f 1173 1180 1181
f 1173 1181 1174
f 1174 1181 1182
f 424 415 1175
f 1175 415 1183
f 1175 1183 1176
f 1176 1183 1184
f 1176 1184 1177
f 1177 1184 1185
f 1177 1185 1178
f 1178 1185 1186
f 1178 1186 1179
f 1179 1186 1187
f 1179 1187 1180
f 1180 1187 1188
f 1180 1188 1181
f 1181 1188 1189
f 1181 1189 1182
f 1182 1189 1190
f 406 1191 415
f 415 1191 1183
f 1183 1191 1192
f 1183 1192 1184
f 1184 1192 1193
f 1184 1193 1185
f 1185 1193 1194
f 1185 1194 1186
f 1186 1194 1195
f 1186 1195 1187
f 1187 1195 1196
f 1187 1196 1188
f 1188 1196 1197
f 1188 1197 1189
f 1189 1197 1198
f 1189 1198 1190
f 397 1199 406
f 406 1199 1191
f 1191 1199 1200
f 1191 1200 1192
f 1192 1200 1201
f 1192 1201 1193
f 1193 1201 1202
f 1193 1202 1194
f 1194 1202 1203
f 1194 1203 1195
f 1195 1203 1204
f 1195 1204 1196
f 1196 1204 1205
f 1196 1205 1197
f 1197 1205 1206
f 1197 1206 1198
f 397 388 1199
f 1199 388 1207
f 1199 1207 1200
f 1200 1207 1208
f 1200 1208 1201
f 1201 1208 1209
f 1201 1209 1202
f 1202 1209 1210
f 1202 1210 1203
f 1203 1210 1211
f 1203 1211 1204
f 1204 1211 1212
f 1204 1212 1205
f 1205 1212 1213
f 1205 1213 1206
f 1206 1213 1214
f 379 1215 388
f 388 1215 1207
f 1207 1215 1216
f 1207 1216 1208
f 1208 1216 1217
f 1208 1217 1209
f 1209 1217 1218
f 1209 1218 1210
f 1210 1218 1219
f 1210 1219 1211
f 1211 1219 1220
f 1211 1220 1212
f 1212 1220 1221
f 1212 1221 1213
f 1213 1221 1222
f 1213 1222 1214
f 379 370 1215
f 1215 370 1223
f 1215 1223 1216
f 1216 1223 1224
f 1216 1224 1217
f 1217 1224 1225
f 1217 1225 1218
f 1218 1225 1226
f 1218 1226 1219
f 1219 1226 1227
f 1219 1227 1220
f 1220 1227 1228
f 1220 1228 1221
f 1221 1228 1229
f 1221 1229 1222
f 1222 1229 1230
f 370 361 1223
f 1223 361 1231
f 1223 1231 1224
f 1224 1231 1232
f 1224 1232 1225
f 1225 1232 1233
f 1225 1233 1226
f 1226 1233 1234
f 1226 1234 1227
f 1227 1234 1235
f 1227 1235 1228
f 1228 1235 1236
f 1228 1236 1229
f 1229 1236 1237
f 1229 1237 1230
f 1230 1237 1238
f 352 1239 361
f 361 1239 1231
f 1231 1239 1240
f 1231 1240 1232
f 1232 1240 1241
f 1232 1241 1233
f 1233 1241 1242
f 1233 1242 1234
f 1234 1242 1243
f 1234 1243 1235
f 1235 1243 1244
f 1235 1244 1236
f 1236 1244 1245
f 1236 1245 1237
f 1237 1245 1246
f 1237 1246 1238
f 343 1247 352
f 352 1247 1239
f 1239 1247 1248
f 1239 1248 1240
f 1240 1248 1249
f 1240 1249 1241
f 1241 1249 1250
f 1241 1250 1242
f 1242 1250 1251
f 1242 1251 1243
f 1243 1251 1252
f 1243 1252 1244
f 1244 1252 1253
f 1244 1253 1245
f 1245 1253 1254
f 1245 1254 1246
f 343 334 1247
f 1247 334 1255
f 1247 1255 1248
f 1248 1255 1256
f 1248 1256 1249
f 1249 1256 1257
f 1249 1257 1250
f 1250 1257 1258
f 1250 1258 1251
f 1251 1258 1259
f 1251 1259 1252
f 1252 1259 1260
f 1252 1260 1253
f 1253 1260 1261
f 1253 1261 1254
f 1254 1261 1262
f 325 1263 334
f 334 1263 1255
f 1255 1263 1264
f 1255 1264 1256
f 1256 1264 1265
f 1256 1265 1257
f 1257 1265 1266
f 1257 1266 1258
f 1258 1266 1267
f 1258 1267 1259
f 1259 1267 1268
f 1259 1268 1260
f 1260 1268 1269
f 1260 1269 1261
f 1261 1269 1270
f 1261 1270 1262
f 325 316 1263
f 1263 316 1271
f 1263 1271 1264
f 1264 1271 1272
f 1264 1272 1265
f 1265 1272 1273
f 1265 1273 1266
f 1266 1273 1274
f 1266 1274 1267
f 1267 1274 1275
f 1267 1275 1268
f 1268 1275 1276
f 1268 1276 1269
f 1269 1276 1277
f 1269 1277 1270
f 1270 1277 1278
f 307 1279 316
f 316 1279 1271
f 1271 1279 1280
f 1271 1280 1272
f 1272 1280 1281
f 1272 1281 1273
f 1273 1281 1282
f 1273 1282 1274
f 1274 1282 1283
f 1274 1283 1275
f 1275 1283 1284
f 1275 1284 1276
f 1276 1284 1285
f 1276 1285 1277
f 1277 1285 1286
f 1277 1286 1278
f 298 1287 307
f 307 1287 1279
f 1279 1287 1288
f 1279 1288 1280
f 1280 1288 1289
f 1280 1289 1281
f 1281 1289 1290
f 1281 1290 1282
f 1282 1290 1291
f 1282 1291 1283
f 1283 1291 1292
f 1283 1292 1284
f 1284 1292 1293
f 1284 1293 1285
f 1285 1293 1294
f 1285 1294 1286
f 298 289 1287
f 1287 289 1295
f 1287 1295 1288
f 1288 1295 1296
f 1288 1296 1289
f 1289 1296 1297
f 1289 1297 1290
f 1290 1297 1298
f 1290 1298 1291
f 1291 1298 1299
f 1291 1299 1292
f 1292 1299 1300
f 1292 1300 1293
f 1293 1300 1301
f 1293 1301 1294
f 1294 1301 1302
f 289 280 1295
f 1295 280 1303
f 1295 1303 1296
f 1296 1303 1304
f 1296 1304 1297
f 1297 1304 1305
f 1297 1305 1298
f 1298 1305 1306
f 1298 1306 1299
f 1299 1306 1307
f 1299 1307 1300
f 1300 1307 1308
f 1300 1308 1301
f 1301 1308 1309
f 1301 1309 1302
f 1302 1309 1310
f 234 1311 1312
f 234 1313 1314
f 234 1314 1311
f 279 1312 280
f 1315 1303 280
f 1312 279 234
f 1312 1316 280
f 1316 1315 280
f 1316 1317 1318
f 1318 1315 1316
f 1317 1316 1312
f 1311 1319 1320
f 1319 1311 1314
f 1312 1320 1317
f 1314 1321 1319
f 1315 1318 1304
f 1315 1304 1303
f 1320 1312 1311
f 1313 1322 1314
f 1321 1314 1322
f 1318 1323 1305
f 1319 1324 1325
f 1323 1318 1317
f 1321 1326 1324
f 1320 1325 1327
f 1317 1327 1323
f 1325 1320 1319
f 1324 1319 1321
f 1327 1317 1320
f 1318 1305 1304
f 1322 1328 1321
f 1326 1321 1328
f 1324 1329 1330
f 1330 1325 1324
f 1323 1331 1306
f 1325 1330 1332
f 1332 1327 1325
f 1329 1324 1326
f 1327 1332 1331
f 1326 1333 1329
f 1331 1323 1327
f 1323 1306 1305
f 1328 1334 1326
f 1333 1326 1334
f 1330 1335 1336
f 1331 1337 1307
f 1333 1338 1339
f 1336 1332 1330
f 1335 1330 1329
f 1332 1336 1337
f 1329 1339 1335
f 1339 1329 1333
f 1337 1331 1332
f 1338 1333 1340
f 1334 1340 1333
f 1331 1307 1306
f 1337 1341 1308
f 1336 1342 1341
f 1342 1336 1335
f 1335 1343 1342
f 1343 1335 1339
f 1341 1337 1336
f 1344 1339 1338
f 1338 1345 1344
f 1345 1338 1346
f 1337 1308 1307
f 1339 1344 1343
f 1340 1346 1338
f 1342 1347 1348
f 1347 1342 1343
f 1341 1348 1309
f 1348 1341 1342
f 1349 1344 1345
f 1344 1349 1350
f 1350 1343 1344
f 1351 1345 1352
f 1345 1351 1349
f 1346 1352 1345
f 1341 1309 1308
f 1343 1350 1347
f 1353 1350 1354
f 1350 1349 1354
f 1349 1351 1354
f 1352 1354 1351
f 1350 1353 1310
f 1310 1347 1350
f 1310 1348 1347
f 1310 1309 1348
f 225 1355 234
f 234 1355 1313
f 1313 1355 1356
f 1313 1356 1322
f 1322 1356 1357
f 1322 1357 1328
f 1328 1357 1358
f 1328 1358 1334
f 1334 1358 1359
f 1334 1359 1340
f 1340 1359 1360
f 1340 1360 1346
f 1346 1360 1361
f 1346 1361 1352
f 1354 1352 1362
f 1361 1362 1352
f 216 1363 225
f 225 1363 1355
f 1355 1363 1364
f 1355 1364 1356
f 1356 1364 1365
f 1356 1365 1357
f 1357 1365 1366
f 1357 1366 1358
f 1358 1366 1367
f 1358 1367 1359
f 1359 1367 1368
f 1359 1368 1360
f 1360 1368 1369
f 1360 1369 1361
f 1361 1369 1370
f 1361 1370 1362
f 216 207 1363
f 1363 207 1371
f 1363 1371 1364
f 1364 1371 1372
f 1364 1372 1365
f 1365 1372 1373
f 1365 1373 1366
f 1366 1373 1374
f 1366 1374 1367
f 1367 1374 1375
f 1367 1375 1368
f 1368 1375 1376
f 1368 1376 1369
f 1369 1376 1377
f 1369 1377 1370
f 1370 1377 1378
f 207 198 1371
f 1371 198 1379
f 1371 1379 1372
f 1372 1379 1380
f 1372 1380 1373
f 1373 1380 1381
f 1373 1381 1374
f 1374 1381 1382
f 1374 1382 1375
f 1375 1382 1383
f 1375 1383 1376
f 1376 1383 1384
f 1376 1384 1377
f 1377 1384 1385
f 1377 1385 1378
f 1378 1385 1386
f 189 1387 198
f 198 1387 1379
f 1379 1387 1388
f 1379 1388 1380
f 1380 1388 1389
f 1380 1389 1381
f 1381 1389 1390
f 1381 1390 1382
f 1382 1390 1391
f 1382 1391 1383
f 1383 1391 1392
f 1383 1392 1384
f 1384 1392 1393
f 1384 1393 1385
f 1386 1385 1394
f 1393 1394 1385
f 180 1395 189
f 189 1395 1387
f 1387 1395 1396
f 1387 1396 1388
f 1388 1396 1397
f 1388 1397 1389
f 1389 1397 1398
f 1389 1398 1390
f 1390 1398 1399
f 1390 1399 1391
f 1391 1399 1400
f 1391 1400 1392
f 1392 1400 1401
f 1392 1401 1393
f 1393 1401 1402
f 1393 1402 1394
f 180 171 1395
f 1395 171 1403
f 1395 1403 1396
f 1396 1403 1404
f 1396 1404 1397
f 1397 1404 1405
f 1397 1405 1398
f 1398 1405 1406
f 1398 1406 1399
f 1399 1406 1407
f 1399 1407 1400
f 1400 1407 1408
f 1400 1408 1401
f 1401 1408 1409
f 1401 1409 1402
f 1402 1409 1410
f 162 1411 171
f 171 1411 1403
f 1403 1411 1412
f 1403 1412 1404
f 1404 1412 1413
f 1404 1413 1405
f 1405 1413 1414
f 1405 1414 1406
f 1406 1414 1415
f 1406 1415 1407
f 1407 1415 1416
f 1407 1416 1408
f 1408 1416 1417
f 1408 1417 1409
f 1409 1417 1418
f 1409 1418 1410
f 162 153 1411
f 1411 153 1419
f 1411 1419 1412
f 1412 1419 1420
f 1412 1420 1413
f 1413 1420 1421
f 1413 1421 1414
f 1414 1421 1422
f 1414 1422 1415
f 1415 1422 1423
f 1415 1423 1416
f 1416 1423 1424
f 1416 1424 1417
f 1417 1424 1425
f 1417 1425 1418
f 1418 1425 1426
f 144 1427 153
f 153 1427 1419
f 1419 1427 1428
f 1419 1428 1420
f 1420 1428 1429
f 1420 1429 1421
f 1421 1429 1430
f 1421 1430 1422
f 1422 1430 1431
f 1422 1431 1423
f 1423 1431 1432
f 1423 1432 1424
f 1424 1432 1433
f 1424 1433 1425
f 1425 1433 1434
f 1425 1434 1426
f 144 135 1427
f 1427 135 1435
f 1427 1435 1428
f 1428 1435 1436
f 1428 1436 1429
f 1429 1436 1437
f 1429 1437 1430
f 1430 1437 1438
f 1430 1438 1431
f 1431 1438 1439
f 1431 1439 1432
f 1432 1439 1440
f 1432 1440 1433
f 1433 1440 1441
f 1433 1441 1434
f 1434 1441 1442
f 135 126 1435
f 1435 126 1443
f 1435 1443 1436
f 1436 1443 1444
f 1436 1444 1437
f 1437 1444 1445
f 1437 1445 1438
f 1438 1445 1446
f 1438 1446 1439
f 1439 1446 1447
f 1439 1447 1440
f 1440 1447 1448
f 1440 1448 1441
f 1441 1448 1449
f 1441 1449 1442
f 1442 1449 1450
f 126 117 1443
f 1451 1443 117
f 1443 1451 1444
f 1444 1451 1452
f 1444 1452 1445
f 1445 1452 1453
f 1445 1453 1446
f 1446 1453 1454
f 1446 1454 1447
f 1447 1454 1455
f 1447 1455 1448
f 1448 1455 1456
f 1448 1456 1449
f 1449 1456 1457
f 1449 1457 1450
f 1450 1457 1458
f 108 1459 117
f 117 1459 1451
f 1451 1459 1460
f 1451 1460 1452
f 1452 1460 1461
f 1452 1461 1453
f 1453 1461 1462
f 1453 1462 1454
f 1454 1462 1463
f 1454 1463 1455
f 1455 1463 1464
f 1455 1464 1456
f 1456 1464 1465
f 1456 1465 1457
f 1457 1465 1466
f 1457 1466 1458
f 99 1467 108
f 108 1467 1459
f 1459 1467 1468
f 1459 1468 1460
f 1460 1468 1469
f 1460 1469 1461
f 1461 1469 1470
f 1461 1470 1462
f 1462 1470 1471
f 1462 1471 1463
f 1463 1471 1472
f 1463 1472 1464
f 1464 1472 1473
f 1464 1473 1465
f 1465 1473 1474
f 1465 1474 1466
f 99 90 1467
f 1467 90 1475
f 1467 1475 1468
f 1468 1475 1476
f 1468 1476 1469
f 1469 1476 1477
f 1469 1477 1470
f 1470 1477 1478
f 1470 1478 1471
f 1471 1478 1479
f 1471 1479 1472
f 1472 1479 1480
f 1480 1473 1472
f 1473 1480 1481
f 1473 1481 1474
f 1474 1481 1482
f 81 1483 90
f 90 1483 1475
f 1475 1483 1484
f 1475 1484 1476
f 1476 1484 1485
f 1476 1485 1477
f 1477 1485 1486
f 1477 1486 1478
f 1478 1486 1487
f 1478 1487 1479
f 1479 1487 1488
f 1479 1488 1480
f 1480 1488 1489
f 1480 1489 1481
f 1481 1489 1490
f 1481 1490 1482
f 81 72 1483
f 1483 72 1491
f 1483 1491 1484
f 1484 1491 1492
f 1484 1492 1485
f 1485 1492 1493
f 1485 1493 1486
f 1486 1493 1494
f 1494 1487 1486
f 1487 1494 1495
f 1487 1495 1488
f 1488 1495 1496
f 1488 1496 1489
f 1489 1496 1497
f 1489 1497 1490
f 1490 1497 1498
f 63 1499 72
f 72 1499 1491
f 1491 1499 1500
f 1491 1500 1492
f 1492 1500 1501
f 1492 1501 1493
f 1493 1501 1502
f 1493 1502 1494
f 1494 1502 1503
f 1494 1503 1495
f 1495 1503 1504
f 1495 1504 1496
f 1496 1504 1505
f 1496 1505 1497
f 1498 1497 1506
f 1505 1506 1497
f 63 54 1499
f 1499 54 1507
f 1499 1507 1500
f 1500 1507 1508
f 1500 1508 1501
f 1501 1508 1509
f 1501 1509 1502
f 1502 1509 1510
f 1502 1510 1503
f 1503 1510 1511
f 1503 1511 1504
f 1504 1511 1512
f 1504 1512 1505
f 1505 1512 1513
f 1505 1513 1506
f 1506 1513 1514
f 54 45 1507
f 1507 45 1515
f 1507 1515 1508
f 1508 1515 1516
f 1508 1516 1509
f 1509 1516 1517
f 1509 1517 1510
f 1510 1517 1518
f 1510 1518 1511
f 1511 1518 1519
f 1511 1519 1512
f 1512 1519 1520
f 1512 1520 1513
f 1513 1520 1521
f 1513 1521 1514
f 1514 1521 1522
f 36 1523 45
f 45 1523 1515
f 1515 1523 1524
f 1515 1524 1516
f 1516 1524 1525
f 1516 1525 1517
f 1517 1525 1526
f 1517 1526 1518
f 1518 1526 1527
f 1518 1527 1519
f 1519 1527 1528
f 1519 1528 1520
f 1520 1528 1529
f 1520 1529 1521
f 1521 1529 1530
f 1521 1530 1522
f 27 1531 36
f 36 1531 1523
f 1523 1531 1532
f 1523 1532 1524
f 1524 1532 1533
f 1524 1533 1525
f 1525 1533 1534
f 1525 1534 1526
f 1526 1534 1535
f 1526 1535 1527
f 1527 1535 1536
f 1527 1536 1528
f 1528 1536 1537
f 1528 1537 1529
f 1529 1537 1538
f 1529 1538 1530
f 27 17 1531
f 1531 17 1539
f 1531 1539 1532
f 1532 1539 1540
f 1532 1540 1533
f 1533 1540 1541
f 1533 1541 1534
f 1534 1541 1542
f 1534 1542 1535
f 1535 1542 1543
f 1535 1543 1536
f 1536 1543 1544
f 1536 1544 1537
f 1537 1544 1545
f 1537 1545 1538
f 1538 1545 1546
f 17 18 1539
f 1539 18 1547
f 1539 1547 1540
f 1540 1547 1548
f 1540 1548 1541
f 1541 1548 1549
f 1541 1549 1542
f 1542 1549 1550
f 1542 1550 1543
f 1543 1550 1551
f 1543 1551 1544
f 1544 1551 1552
f 1544 1552 1545
f 1545 1552 1553
f 1545 1553 1546
f 1546 1553 1554
f 543 552 1555
f 1556 1555 552
f 552 561 1556
f 1557 1556 561
f 561 570 1557
f 1558 1557 570
f 570 579 1558
f 1559 1558 579
f 579 588 1559
f 1560 1559 588
f 588 597 1560
f 1561 1560 597
f 597 606 1561
f 1562 1561 606
f 606 615 1562
f 1563 1562 615
f 615 624 1563
f 1564 1563 624
f 624 633 1564
f 1565 1564 633
f 633 642 1565
f 1566 1565 642
f 642 651 1566
f 1567 1566 651
f 651 660 1567
f 1568 1567 660
f 660 669 1568
f 1569 1568 669
f 669 678 1569
f 1570 1569 678
f 678 687 1570
f 1571 1570 687
f 687 696 1571
f 1572 1571 696
f 696 705 1572
f 1573 1572 705
f 705 715 1573
f 1574 1573 715
f 715 723 1574
f 1575 1574 723
f 723 732 1575
f 1576 1575 732
f 732 741 1576
f 1577 1576 741
f 741 750 1577
f 1578 1577 750
f 1579 1580 1581
f 1581 1578 1579
f 1580 1579 760
f 1579 750 761
f 761 760 1579
f 750 1579 1578
f 760 805 1580
f 1582 1580 805
f 805 814 1582
f 1583 1582 814
f 814 823 1583
f 1584 1583 823
f 823 832 1584
f 1585 1584 832
f 832 841 1585
f 1586 1585 841
f 841 850 1586
f 1587 1586 850
f 850 859 1587
f 1588 1587 859
f 859 868 1588
f 1589 1588 868
f 868 877 1589
f 1590 1589 877
f 877 886 1590
f 1591 1590 886
f 886 895 1591
f 1592 1591 895
f 895 904 1592
f 1593 1592 904
f 904 914 1593
f 1594 1593 914
f 1594 922 1595
f 922 1594 914
f 1595 931 1596
f 931 1595 922
f 1596 940 1597
f 940 1596 931
f 1597 949 1598
f 949 1597 940
f 1598 958 1599
f 958 1598 949
f 1599 967 1600
f 967 1599 958
f 1600 976 1601
f 976 1600 967
f 1601 985 1602
f 985 1601 976
f 1602 994 1603
f 994 1602 985
f 1603 1003 1604
f 1003 1603 994
f 1604 1012 1605
f 1012 1604 1003
f 1605 1021 1606
f 1021 1605 1012
f 1607 1608 1609
f 2 1609 1608
f 2 1608 1030
f 1030 1608 1021
f 1606 1608 1607
f 1606 1021 1608
f 1609 1 1610
f 1 1609 2
f 1066 1611 18
f 1547 18 1612
f 1612 18 1613
f 1611 1029 1614
f 1029 1611 1066
f 1614 1029 1615
f 1615 1029 1616
f 1613 18 1611
f 1617 1614 1618
f 1619 1613 1620
f 1614 1617 1611
f 1621 1615 1622
f 1611 1620 1613
f 1615 1618 1614
f 1620 1611 1617
f 1618 1615 1621
f 1612 1548 1547
f 1613 1619 1612
f 1616 1622 1615
f 1548 1612 1619
f 1621 1623 1618
f 1549 1619 1624
f 1620 1624 1619
f 1625 1617 1626
f 1618 1626 1617
f 1626 1618 1623
f 1627 1621 1628
f 1617 1625 1620
f 1623 1621 1627
f 1624 1620 1625
f 1622 1628 1621
f 1619 1549 1548
f 1629 1626 1630
f 1623 1630 1626
f 1631 1625 1629
f 1626 1629 1625
f 1630 1623 1632
f 1550 1624 1631
f 1625 1631 1624
f 1627 1632 1623
f 1632 1627 1633
f 1633 1627 1634
f 1628 1634 1627
f 1624 1550 1549
f 1635 1629 1636
f 1630 1636 1629
f 1636 1630 1637
f 1551 1631 1635
f 1629 1635 1631
f 1632 1637 1630
f 1637 1632 1638
f 1633 1638 1632
f 1639 1633 1640
f 1634 1640 1633
f 1638 1633 1639
f 1631 1551 1550
f 1641 1636 1642
f 1552 1635 1641
f 1636 1641 1635
f 1637 1642 1636
f 1642 1637 1643
f 1638 1643 1637
f 1644 1639 1645
f 1645 1639 1646
f 1640 1646 1639
f 1639 1644 1638
f 1643 1638 1644
f 1635 1552 1551
f 1553 1641 1647
f 1642 1647 1641
f 1647 1642 1648
f 1643 1648 1642
f 1649 1645 1650
f 1651 1644 1649
f 1650 1645 1652
f 1646 1652 1645
f 1645 1649 1644
f 1644 1651 1643
f 1648 1643 1651
f 1641 1553 1552
f 1554 1651 1653
f 1652 1654 1650
f 1653 1651 1654
f 1650 1654 1649
f 1649 1654 1651
f 1651 1554 1648
f 1648 1554 1647
f 1647 1554 1553
f 1020 1655 1029
f 1029 1655 1616
f 1616 1655 1656
f 1616 1656 1622
f 1622 1656 1657
f 1622 1657 1628
f 1628 1657 1658
f 1628 1658 1634
f 1634 1658 1659
f 1634 1659 1640
f 1640 1659 1660
f 1640 1660 1646
f 1646 1660 1661
f 1646 1661 1652
f 1652 1661 1662
f 1652 1662 1654
f 1011 1663 1020
f 1020 1663 1655
f 1655 1663 1664
f 1655 1664 1656
f 1656 1664 1665
f 1656 1665 1657
f 1657 1665 1666
f 1657 1666 1658
f 1658 1666 1667
f 1658 1667 1659
f 1659 1667 1668
f 1659 1668 1660
f 1660 1668 1669
f 1660 1669 1661
f 1661 1669 1670
f 1661 1670 1662
f 1011 1002 1663
f 1663 1002 1671
f 1663 1671 1664
f 1664 1671 1672
f 1664 1672 1665
f 1665 1672 1673
f 1665 1673 1666
f 1666 1673 1674
f 1666 1674 1667
f 1667 1674 1675
f 1667 1675 1668
f 1668 1675 1676
f 1668 1676 1669
f 1669 1676 1677
f 1669 1677 1670
f 1670 1677 1678
f 1002 993 1671
f 1671 993 1679
f 1671 1679 1672
f 1672 1679 1680
f 1672 1680 1673
f 1673 1680 1681
f 1673 1681 1674
f 1674 1681 1682
f 1674 1682 1675
f 1675 1682 1683
f 1675 1683 1676
f 1676 1683 1684
f 1676 1684 1677
f 1677 1684 1685
f 1677 1685 1678
f 1678 1685 1686
f 984 1687 993
f 993 1687 1679
f 1679 1687 1688
f 1679 1688 1680
f 1680 1688 1689
f 1680 1689 1681
f 1681 1689 1690
f 1681 1690 1682
f 1682 1690 1691
f 1682 1691 1683
f 1683 1691 1692
f 1683 1692 1684
f 1684 1692 1693
f 1684 1693 1685
f 1685 1693 1694
f 1685 1694 1686
f 975 1695 984
f 984 1695 1687
f 1687 1695 1696
f 1687 1696 1688
f 1688 1696 1697
f 1688 1697 1689
f 1689 1697 1698
f 1689 1698 1690
f 1690 1698 1699
f 1690 1699 1691
f 1691 1699 1700
f 1691 1700 1692
f 1692 1700 1701
f 1692 1701 1693
f 1693 1701 1702
f 1693 1702 1694
f 975 966 1695
f 1695 966 1703
f 1695 1703 1696
f 1696 1703 1704
f 1696 1704 1697
f 1697 1704 1705
f 1697 1705 1698
f 1698 1705 1706
f 1698 1706 1699
f 1699 1706 1707
f 1699 1707 1700
f 1700 1707 1708
f 1700 1708 1701
f 1701 1708 1709
f 1701 1709 1702
f 1702 1709 1710
f 957 1711 966
f 966 1711 1703
f 1703 1711 1712
f 1703 1712 1704
f 1704 1712 1713
f 1704 1713 1705
f 1705 1713 1714
f 1705 1714 1706
f 1707 1706 1715
f 1714 1715 1706
f 1707 1715 1716
f 1707 1716 1708
f 1708 1716 1717
f 1708 1717 1709
f 1709 1717 1718
f 1709 1718 1710
f 957 948 1711
f 1711 948 1719
f 1711 1719 1712
f 1712 1719 1720
f 1712 1720 1713
f 1713 1720 1721
f 1713 1721 1714
f 1714 1721 1722
f 1714 1722 1715
f 1715 1722 1723
f 1715 1723 1716
f 1716 1723 1724
f 1716 1724 1717
f 1717 1724 1725
f 1717 1725 1718
f 1718 1725 1726
f 939 1727 948
f 948 1727 1719
f 1719 1727 1728
f 1719 1728 1720
f 1720 1728 1729
f 1720 1729 1721
f 1721 1729 1730
f 1721 1730 1722
f 1722 1730 1731
f 1722 1731 1723
f 1723 1731 1732
f 1723 1732 1724
f 1725 1724 1733
f 1732 1733 1724
f 1726 1725 1734
f 1733 1734 1725
f 939 930 1727
f 1727 930 1735
f 1727 1735 1728
f 1728 1735 1736
f 1728 1736 1729
f 1729 1736 1737
f 1729 1737 1730
f 1730 1737 1738
f 1730 1738 1731
f 1731 1738 1739
f 1731 1739 1732
f 1732 1739 1740
f 1732 1740 1733
f 1733 1740 1741
f 1733 1741 1734
f 1734 1741 1742
f 930 921 1735
f 1735 921 1743
f 1735 1743 1736
f 1736 1743 1744
f 1736 1744 1737
f 1737 1744 1745
f 1737 1745 1738
f 1738 1745 1746
f 1738 1746 1739
f 1739 1746 1747
f 1739 1747 1740
f 1740 1747 1748
f 1740 1748 1741
f 1741 1748 1749
f 1741 1749 1742
f 1742 1749 1750
f 912 1751 1743
f 1743 921 912
f 1751 1752 1744
f 1744 1743 1751
f 1752 1753 1745
f 1745 1744 1752
f 1753 1754 1746
f 1746 1745 1753
f 1754 1755 1747
f 1747 1746 1754
f 1755 1756 1748
f 1748 1747 1755
f 1757 1749 1756
f 1748 1756 1749
f 1758 1750 1757
f 1749 1757 1750
f 903 1759 912
f 912 1759 1751
f 1751 1759 1760
f 1751 1760 1752
f 1752 1760 1761
f 1752 1761 1753
f 1753 1761 1762
f 1753 1762 1754
f 1754 1762 1763
f 1754 1763 1755
f 1755 1763 1764
f 1755 1764 1756
f 1756 1764 1765
f 1756 1765 1757
f 1757 1765 1766
f 1757 1766 1758
f 894 1767 903
f 903 1767 1759
f 1759 1767 1768
f 1759 1768 1760
f 1760 1768 1769
f 1760 1769 1761
f 1761 1769 1770
f 1761 1770 1762
f 1762 1770 1771
f 1762 1771 1763
f 1763 1771 1772
f 1763 1772 1764
f 1764 1772 1773
f 1764 1773 1765
f 1765 1773 1774
f 1765 1774 1766
f 894 885 1767
f 1767 885 1775
f 1767 1775 1768
f 1768 1775 1776
f 1768 1776 1769
f 1769 1776 1777
f 1769 1777 1770
f 1770 1777 1778
f 1770 1778 1771
f 1771 1778 1779
f 1771 1779 1772
f 1772 1779 1780
f 1781 1773 1780
f 1772 1780 1773
f 1782 1774 1781
f 1773 1781 1774
f 876 1783 885
f 885 1783 1775
f 1775 1783 1784
f 1775 1784 1776
f 1776 1784 1785
f 1776 1785 1777
f 1777 1785 1786
f 1777 1786 1778
f 1778 1786 1787
f 1778 1787 1779
f 1779 1787 1788
f 1779 1788 1780
f 1780 1788 1789
f 1780 1789 1781
f 1781 1789 1790
f 1781 1790 1782
f 876 867 1783
f 1783 867 1791
f 1783 1791 1784
f 1784 1791 1792
f 1784 1792 1785
f 1785 1792 1793
f 1785 1793 1786
f 1786 1793 1794
f 1795 1787 1794
f 1786 1794 1787
f 1787 1795 1788
f 1788 1795 1796
f 1788 1796 1789
f 1789 1796 1797
f 1789 1797 1790
f 1790 1797 1798
f 858 1799 867
f 867 1799 1791
f 1791 1799 1800
f 1791 1800 1792
f 1792 1800 1801
f 1792 1801 1793
f 1793 1801 1802
f 1793 1802 1794
f 1794 1802 1803
f 1794 1803 1795
f 1795 1803 1804
f 1795 1804 1796
f 1796 1804 1805
f 1796 1805 1797
f 1797 1805 1806
f 1797 1806 1798
f 858 849 1799
f 1799 849 1807
f 1799 1807 1800
f 1800 1807 1808
f 1800 1808 1801
f 1801 1808 1809
f 1801 1809 1802
f 1802 1809 1810
f 1802 1810 1803
f 1803 1810 1811
f 1803 1811 1804
f 1804 1811 1812
f 1804 1812 1805
f 1805 1812 1813
f 1805 1813 1806
f 1806 1813 1814
f 849 840 1807
f 1807 840 1815
f 1807 1815 1808
f 1808 1815 1816
f 1808 1816 1809
f 1809 1816 1817
f 1809 1817 1810
f 1810 1817 1818
f 1810 1818 1811
f 1811 1818 1819
f 1811 1819 1812
f 1812 1819 1820
f 1812 1820 1813
f 1813 1820 1821
f 1813 1821 1814
f 1814 1821 1822
f 831 1823 840
f 840 1823 1815
f 1815 1823 1824
f 1815 1824 1816
f 1816 1824 1825
f 1816 1825 1817
f 1817 1825 1826
f 1817 1826 1818
f 1818 1826 1827
f 1818 1827 1819
f 1819 1827 1828
f 1819 1828 1820
f 1820 1828 1829
f 1820 1829 1821
f 1821 1829 1830
f 1821 1830 1822
f 822 1831 831
f 831 1831 1823
f 1823 1831 1832
f 1823 1832 1824
f 1824 1832 1833
f 1824 1833 1825
f 1825 1833 1834
f 1825 1834 1826
f 1826 1834 1835
f 1826 1835 1827
f 1827 1835 1836
f 1827 1836 1828
f 1828 1836 1837
f 1828 1837 1829
f 1829 1837 1838
f 1829 1838 1830
f 822 813 1831
f 1831 813 1839
f 1831 1839 1832
f 1832 1839 1840
f 1832 1840 1833
f 1833 1840 1841
f 1833 1841 1834
f 1834 1841 1842
f 1834 1842 1835
f 1835 1842 1843
f 1835 1843 1836
f 1836 1843 1844
f 1836 1844 1837
f 1837 1844 1845
f 1837 1845 1838
f 1838 1845 1846
f 813 804 1839
f 1839 804 1847
f 1839 1847 1840
f 1840 1847 1848
f 1840 1848 1841
f 1841 1848 1849
f 1841 1849 1842
f 1842 1849 1850
f 1842 1850 1843
f 1843 1850 1851
f 1843 1851 1844
f 1844 1851 1852
f 1844 1852 1845
f 1845 1852 1853
f 1845 1853 1846
f 1846 1853 1854
f 1855 804 803
f 1856 758 1857
f 1857 758 1858
f 804 1859 1860
f 804 1860 1847
f 1855 758 1856
f 804 1855 1859
f 803 758 1855
f 1861 1862 1856
f 1847 1860 1848
f 1859 1855 1863
f 1863 1864 1859
f 1862 1863 1855
f 1865 1861 1857
f 1856 1857 1861
f 1857 1866 1865
f 1857 1858 1866
f 1864 1848 1860
f 1855 1856 1862
f 1860 1859 1864
f 1864 1863 1867
f 1848 1864 1849
f 1867 1849 1864
f 1865 1866 1868
f 1863 1862 1869
f 1870 1871 1861
f 1871 1869 1862
f 1869 1867 1863
f 1862 1861 1871
f 1872 1870 1865
f 1861 1865 1870
f 1865 1868 1872
f 1873 1874 1871
f 1867 1869 1875
f 1874 1875 1869
f 1876 1873 1870
f 1871 1870 1873
f 1849 1867 1850
f 1869 1871 1874
f 1877 1876 1872
f 1870 1872 1876
f 1872 1878 1877
f 1872 1868 1878
f 1875 1850 1867
f 1875 1874 1879
f 1880 1881 1873
f 1881 1879 1874
f 1876 1877 1882
f 1850 1875 1851
f 1874 1873 1881
f 1882 1880 1876
f 1873 1876 1880
f 1879 1851 1875
f 1877 1878 1883
f 1877 1883 1884
f 1884 1882 1877
f 1851 1879 1852
f 1880 1882 1885
f 1879 1881 1886
f 1887 1886 1881
f 1885 1887 1880
f 1881 1880 1887
f 1886 1852 1879
f 1884 1888 1889
f 1889 1890 1884
f 1890 1885 1882
f 1884 1883 1888
f 1882 1884 1890
f 1887 1885 1891
f 1889 1892 1893
f 1891 1894 1887
f 1852 1886 1853
f 1894 1853 1886
f 1886 1887 1894
f 1893 1895 1889
f 1896 1891 1885
f 1895 1896 1890
f 1889 1888 1892
f 1890 1889 1895
f 1885 1890 1896
f 1897 1893 1892
f 1896 1897 1898
f 1897 1895 1893
f 1898 1854 1896
f 1897 1896 1895
f 1896 1854 1891
f 1891 1854 1894
f 1853 1894 1854
f 749 1899 758
f 758 1899 1858
f 1858 1899 1900
f 1858 1900 1866
f 1866 1900 1901
f 1866 1901 1868
f 1868 1901 1902
f 1868 1902 1878
f 1878 1902 1903
f 1878 1903 1883
f 1883 1903 1904
f 1883 1904 1888
f 1888 1904 1905
f 1888 1905 1892
f 1892 1905 1906
f 1892 1906 1897
f 740 1907 749
f 749 1907 1899
f 1899 1907 1908
f 1899 1908 1900
f 1900 1908 1909
f 1900 1909 1901
f 1901 1909 1910
f 1901 1910 1902
f 1902 1910 1911
f 1902 1911 1903
f 1903 1911 1912
f 1903 1912 1904
f 1904 1912 1913
f 1904 1913 1905
f 1905 1913 1914
f 1905 1914 1906
f 740 731 1907
f 1907 731 1915
f 1907 1915 1908
f 1908 1915 1916
f 1908 1916 1909
f 1909 1916 1917
f 1909 1917 1910
f 1910 1917 1918
f 1910 1918 1911
f 1911 1918 1919
f 1911 1919 1912
f 1912 1919 1920
f 1912 1920 1913
f 1913 1920 1921
f 1913 1921 1914
f 1914 1921 1922
f 731 722 1915
f 1915 722 1923
f 1915 1923 1916
f 1916 1923 1924
f 1916 1924 1917
f 1917 1924 1925
f 1917 1925 1918
f 1918 1925 1926
f 1918 1926 1919
f 1919 1926 1927
f 1919 1927 1920
f 1920 1927 1928
f 1920 1928 1921
f 1921 1928 1929
f 1922 1929 1930
f 1929 1922 1921
f 713 1931 722
f 722 1931 1923
f 1923 1931 1932
f 1923 1932 1924
f 1924 1932 1933
f 1924 1933 1925
f 1925 1933 1934
f 1925 1934 1926
f 1926 1934 1935
f 1926 1935 1927
f 1927 1935 1936
f 1927 1936 1928
f 1928 1936 1937
f 1928 1937 1929
f 1929 1937 1938
f 1929 1938 1930
f 713 704 1931
f 1931 704 1939
f 1931 1939 1932
f 1932 1939 1940
f 1932 1940 1933
f 1933 1940 1941
f 1933 1941 1934
f 1934 1941 1942
f 1934 1942 1935
f 1935 1942 1943
f 1935 1943 1936
f 1936 1943 1944
f 1936 1944 1937
f 1937 1944 1945
f 1937 1945 1938
f 1938 1945 1946
f 695 1947 704
f 704 1947 1939
f 1939 1947 1948
f 1939 1948 1940
f 1940 1948 1949
f 1940 1949 1941
f 1941 1949 1950
f 1941 1950 1942
f 1942 1950 1951
f 1942 1951 1943
f 1943 1951 1952
f 1943 1952 1944
f 1944 1952 1953
f 1944 1953 1945
f 1945 1953 1954
f 1945 1954 1946
f 695 686 1947
f 1947 686 1955
f 1947 1955 1948
f 1948 1955 1956
f 1948 1956 1949
f 1949 1956 1957
f 1949 1957 1950
f 1950 1957 1958
f 1950 1958 1951
f 1951 1958 1959
f 1951 1959 1952
f 1952 1959 1960
f 1952 1960 1953
f 1953 1960 1961
f 1953 1961 1954
f 1954 1961 1962
f 686 677 1955
f 1955 677 1963
f 1955 1963 1956
f 1956 1963 1964
f 1956 1964 1957
f 1957 1964 1965
f 1957 1965 1958
f 1958 1965 1966
f 1958 1966 1959
f 1959 1966 1967
f 1959 1967 1960
f 1960 1967 1968
f 1960 1968 1961
f 1961 1968 1969
f 1961 1969 1962
f 1962 1969 1970
f 668 1971 677
f 677 1971 1963
f 1963 1971 1972
f 1963 1972 1964
f 1964 1972 1973
f 1964 1973 1965
f 1965 1973 1974
f 1965 1974 1966
f 1966 1974 1975
f 1966 1975 1967
f 1967 1975 1976
f 1967 1976 1968
f 1968 1976 1977
f 1968 1977 1969
f 1969 1977 1978
f 1969 1978 1970
f 659 1979 668
f 668 1979 1971
f 1971 1979 1980
f 1971 1980 1972
f 1972 1980 1981
f 1972 1981 1973
f 1973 1981 1982
f 1973 1982 1974
f 1974 1982 1983
f 1974 1983 1975
f 1975 1983 1984
f 1975 1984 1976
f 1976 1984 1985
f 1976 1985 1977
f 1977 1985 1986
f 1977 1986 1978
f 659 650 1979
f 1979 650 1987
f 1979 1987 1980
f 1980 1987 1988
f 1980 1988 1981
f 1981 1988 1989
f 1981 1989 1982
f 1982 1989 1990
f 1982 1990 1983
f 1983 1990 1991
f 1983 1991 1984
f 1984 1991 1992
f 1984 1992 1985
f 1985 1992 1993
f 1985 1993 1986
f 1986 1993 1994
f 641 1995 650
f 650 1995 1987
f 1987 1995 1996
f 1987 1996 1988
f 1988 1996 1997
f 1988 1997 1989
f 1989 1997 1998
f 1989 1998 1990
f 1990 1998 1999
f 1990 1999 1991
f 1991 1999 2000
f 1991 2000 1992
f 1992 2000 2001
f 1992 2001 1993
f 1993 2001 2002
f 1993 2002 1994
f 641 632 1995
f 1995 632 2003
f 1995 2003 1996
f 1996 2003 2004
f 1996 2004 1997
f 1997 2004 2005
f 1997 2005 1998
f 1998 2005 2006
f 1998 2006 1999
f 1999 2006 2007
f 1999 2007 2000
f 2000 2007 2008
f 2000 2008 2001
f 2001 2008 2009
f 2001 2009 2002
f 2002 2009 2010
f 632 623 2003
f 2003 623 2011
f 2003 2011 2004
f 2004 2011 2012
f 2004 2012 2005
f 2005 2012 2013
f 2005 2013 2006
f 2006 2013 2014
f 2006 2014 2007
f 2007 2014 2015
f 2007 2015 2008
f 2008 2015 2016
f 2008 2016 2009
f 2009 2016 2017
f 2009 2017 2010
f 2010 2017 2018
f 614 2019 623
f 623 2019 2011
f 2011 2019 2020
f 2011 2020 2012
f 2012 2020 2021
f 2012 2021 2013
f 2013 2021 2022
f 2013 2022 2014
f 2014 2022 2023
f 2014 2023 2015
f 2015 2023 2024
f 2015 2024 2016
f 2016 2024 2025
f 2016 2025 2017
f 2017 2025 2026
f 2017 2026 2018
f 605 2027 614
f 614 2027 2019
f 2019 2027 2028
f 2019 2028 2020
f 2020 2028 2029
f 2020 2029 2021
f 2021 2029 2030
f 2021 2030 2022
f 2022 2030 2031
f 2022 2031 2023
f 2023 2031 2032
f 2023 2032 2024
f 2024 2032 2033
f 2024 2033 2025
f 2025 2033 2034
f 2025 2034 2026
f 605 596 2027
f 2027 596 2035
f 2027 2035 2028
f 2028 2035 2036
f 2028 2036 2029
f 2029 2036 2037
f 2029 2037 2030
f 2030 2037 2038
f 2030 2038 2031
f 2031 2038 2039
f 2031 2039 2032
f 2032 2039 2040
f 2032 2040 2033
f 2033 2040 2041
f 2033 2041 2034
f 2034 2041 2042
f 587 2043 596
f 596 2043 2035
f 2035 2043 2044
f 2035 2044 2036
f 2036 2044 2045
f 2036 2045 2037
f 2037 2045 2046
f 2037 2046 2038
f 2038 2046 2047
f 2038 2047 2039
f 2039 2047 2048
f 2039 2048 2040
f 2040 2048 2049
f 2040 2049 2041
f 2041 2049 2050
f 2041 2050 2042
f 587 578 2043
f 2043 578 2051
f 2043 2051 2044
f 2044 2051 2052
f 2044 2052 2045
f 2045 2052 2053
f 2045 2053 2046
f 2046 2053 2054
f 2046 2054 2047
f 2047 2054 2055
f 2047 2055 2048
f 2048 2055 2056
f 2048 2056 2049
f 2049 2056 2057
f 2049 2057 2050
f 2050 2057 2058
f 569 2059 578
f 578 2059 2051
f 2051 2059 2060
f 2051 2060 2052
f 2052 2060 2061
f 2052 2061 2053
f 2053 2061 2062
f 2053 2062 2054
f 2054 2062 2063
f 2054 2063 2055
f 2055 2063 2064
f 2055 2064 2056
f 2056 2064 2065
f 2056 2065 2057
f 2057 2065 2066
f 2057 2066 2058
f 560 2067 569
f 569 2067 2059
f 2059 2067 2068
f 2059 2068 2060
f 2060 2068 2069
f 2060 2069 2061
f 2061 2069 2070
f 2061 2070 2062
f 2062 2070 2071
f 2062 2071 2063
f 2063 2071 2072
f 2063 2072 2064
f 2064 2072 2073
f 2064 2073 2065
f 2065 2073 2074
f 2065 2074 2066
f 560 551 2067
f 2067 551 2075
f 2067 2075 2068
f 2068 2075 2076
f 2068 2076 2069
f 2069 2076 2077
f 2069 2077 2070
f 2070 2077 2078
f 2070 2078 2071
f 2071 2078 2079
f 2071 2079 2072
f 2072 2079 2080
f 2072 2080 2073
f 2073 2080 2081
f 2073 2081 2074
f 2074 2081 2082
f 551 542 2075
f 2075 542 1071
f 2075 1071 2076
f 2076 1071 1079
f 2076 1079 2077
f 2077 1079 1087
f 2077 1087 2078
f 2078 1087 1094
f 2078 1094 2079
f 2079 1094 1101
f 2079 1101 2080
f 2080 1101 1108
f 2080 1108 2081
f 2081 1108 1115
f 2081 1115 2082
f 2082 1115 1118
f 2083 2084 2085
f 2084 2083 2086
f 1686 2087 1678
f 2087 1686 2088
f 2089 2086 2083
f 2086 2089 2090
f 1694 2088 1686
f 2088 1694 2091
f 2092 2090 2089
f 2090 2092 2093
f 1702 2091 1694
f 2091 1702 2094
f 2095 2093 2092
f 2093 2095 2096
f 1710 2094 1702
f 2094 1710 2097
f 2098 2096 2095
f 2096 2098 2099
f 1718 2097 1710
f 2097 1718 2100
f 2101 2099 2098
f 2099 2101 2102
f 1726 2100 1718
f 2100 1726 2103
f 2104 2102 2101
f 2102 2104 2105
f 1734 2103 1726
f 2103 1734 2106
f 2107 2105 2104
f 2105 2107 2108
f 1742 2106 1734
f 2106 1742 2109
f 2110 2108 2107
f 2108 2110 2111
f 1750 2109 1742
f 2109 1750 2112
f 2113 2111 2114
f 2110 2114 2111
f 1750 1758 2112
f 2115 2112 1758
f 2116 2113 2117
f 2114 2117 2113
f 1758 1766 2115
f 2118 2115 1766
f 2119 2116 2120
f 2117 2120 2116
f 1766 1774 2118
f 2121 2118 1774
f 2122 2119 2123
f 2120 2123 2119
f 1774 1782 2121
f 2124 2121 1782
f 2125 2122 2126
f 2123 2126 2122
f 1782 1790 2124
f 2127 2124 1790
f 2128 2125 2129
f 2126 2129 2125
f 1790 1798 2127
f 2130 2127 1798
f 2131 2128 2132
f 2129 2132 2128
f 1798 1806 2130
f 2133 2130 1806
f 2134 2131 2135
f 2132 2135 2131
f 1806 1814 2133
f 2136 2133 1814
f 2137 2134 2138
f 2135 2138 2134
f 1814 1822 2136
f 2139 2136 1822
f 2140 2137 2141
f 2138 2141 2137
f 1822 1830 2139
f 2142 2139 1830
f 2143 2140 2144
f 2141 2144 2140
f 1830 1838 2142
f 2145 2142 1838
f 2146 2143 2147
f 2144 2147 2143
f 1838 1846 2145
f 2148 2145 1846
f 2149 2146 2150
f 2147 2150 2146
f 1846 1854 2148
f 2151 2148 1854
f 2152 2153 2154
f 1854 2155 2151
f 2150 2152 2149
f 2152 2150 2156
f 2156 2157 2152
f 2154 2149 2152
f 2158 2151 2155
f 2159 2160 2161
f 1854 1898 2155
f 2153 2152 2157
f 2160 2159 1897
f 2155 1897 2159
f 1897 2155 1898
f 2162 2153 2163
f 2157 2163 2153
f 1897 1906 2160
f 2164 2160 1906
f 2165 2162 2166
f 2163 2166 2162
f 1906 1914 2164
f 2167 2164 1914
f 2168 2165 2169
f 2166 2169 2165
f 1914 1922 2167
f 2170 2167 1922
f 2171 2168 2172
f 2169 2172 2168
f 1922 1930 2170
f 2173 2170 1930
f 2174 2171 2175
f 2172 2175 2171
f 1930 1938 2173
f 2176 2173 1938
f 2177 2174 2178
f 2175 2178 2174
f 1938 1946 2176
f 2179 2176 1946
f 2180 2177 2181
f 2178 2181 2177
f 1946 1954 2179
f 2182 2179 1954
f 2183 2180 2184
f 2181 2184 2180
f 1954 1962 2182
f 2185 2182 1962
f 2186 2183 2187
f 2184 2187 2183
f 1962 1970 2185
f 2188 2185 1970
f 2189 2186 2190
f 2187 2190 2186
f 1970 1978 2188
f 2191 2188 1978
f 2192 2189 2193
f 2190 2193 2189
f 1978 1986 2191
f 2194 2191 1986
f 2195 2192 2196
f 2193 2196 2192
f 1986 1994 2194
f 2197 2194 1994
f 2198 2195 2199
f 2196 2199 2195
f 2200 2197 2002
f 1994 2002 2197
f 2201 2198 2202
f 2199 2202 2198
f 2203 2200 2010
f 2002 2010 2200
f 2204 2201 2205
f 2202 2205 2201
f 2206 2203 2018
f 2010 2018 2203
f 2207 2204 2208
f 2205 2208 2204
f 2209 2206 2026
f 2018 2026 2206
f 2210 2207 2211
f 2208 2211 2207
f 2212 2209 2034
f 2026 2034 2209
f 2213 2210 2214
f 2211 2214 2210
f 2215 2212 2042
f 2034 2042 2212
f 2216 2213 2217
f 2214 2217 2213
f 2218 2215 2050
f 2042 2050 2215
f 2219 2216 2220
f 2217 2220 2216
f 2221 2218 2058
f 2050 2058 2218
f 2222 2219 2223
f 2220 2223 2219
f 2224 2221 2066
f 2058 2066 2221
f 2225 2222 2226
f 2223 2226 2222
f 2227 2224 2074
f 2066 2074 2224
f 2228 2225 2229
f 2226 2229 2225
f 2230 2227 2082
f 2074 2082 2227
f 2231 2228 2232
f 2229 2232 2228
f 2233 2230 1118
f 2082 1118 2230
f 2234 2235 2236
f 2232 2236 2231
f 2237 2238 2236
f 2232 2237 2236
f 2239 2240 1116
f 1118 1117 2241
f 2235 2231 2236
f 2234 2236 2238
f 2239 2242 2240
f 2243 2233 2241
f 1117 1116 2241
f 2240 2241 1116
f 1118 2241 2233
f 2244 2234 2245
f 2238 2245 2234
f 2246 2239 1126
f 1116 1126 2239
f 2247 2244 2248
f 2245 2248 2244
f 2249 2246 1134
f 1126 1134 2246
f 2250 2247 2251
f 2248 2251 2247
f 2252 2249 1142
f 1134 1142 2249
f 2253 2254 2255
f 2256 2255 2257
f 2258 1600 1601
f 2231 2235 2259
f 2260 2257 2255
f 2258 1593 1594
f 1581 2261 1578
f 2262 2259 2234
f 2154 2261 2149
f 1606 2263 2258
f 2264 2265 2263
f 2263 1606 1607
f 2259 2262 2266
f 2234 2259 2235
f 2260 2267 2257
f 2268 2255 2254
f 2258 1594 1595
f 1607 1609 2263
f 2253 2255 2256
f 2258 2263 2265
f 2266 2269 2259
f 2259 2269 2231
f 2153 2261 2154
f 2258 1605 1606
f 2234 2270 2271
f 1580 2261 1581
f 2216 1560 2213
f 2234 2272 2262
f 2258 1602 1603
f 2234 2273 2274
f 2234 2275 2272
f 2234 2276 2275
f 2234 2277 2276
f 2234 2278 2277
f 2234 2271 2278
f 2234 2279 2280
f 2234 2281 2282
f 2234 2283 2270
f 2234 2280 2283
f 2258 1604 1605
f 2234 2284 2279
f 2234 2274 2284
f 2234 2285 2273
f 2234 2282 2285
f 2286 2264 1609
f 2286 1610 2287
f 2234 2288 2281
f 2258 1603 1604
f 2258 1601 1602
f 2258 1596 1597
f 2258 1599 1600
f 2258 1598 1599
f 2258 1597 1598
f 2258 1590 1591
f 2258 1595 1596
f 2263 1609 2264
f 2258 1592 1593
f 2258 1591 1592
f 2289 2287 1610
f 2258 1589 1590
f 2258 1588 1589
f 1582 2143 2146
f 1609 1610 2286
f 2287 2290 2291
f 2292 2244 2247
f 2290 2287 2289
f 2293 2291 2290
f 2291 2293 2294
f 2295 2296 2293
f 2294 2293 2296
f 2296 2295 2297
f 2292 2298 2299
f 2300 2297 2295
f 2301 2297 2300
f 2292 2302 2303
f 2297 2301 2304
f 2305 2306 2301
f 2307 2306 2305
f 2304 2301 2306
f 2306 2307 2308
f 2292 2309 2310
f 2308 2307 2311
f 2312 2311 2307
f 2311 2313 2314
f 2313 2311 2312
f 2315 2314 2313
f 2316 2317 2315
f 2314 2315 2317
f 2292 2318 2319
f 2317 2316 2320
f 2321 2322 2323
f 2320 2316 2324
f 2323 2324 2316
f 2324 2323 2322
f 2325 2322 2321
f 2326 2327 2292
f 2322 2325 2328
f 2329 2330 2325
f 2331 2330 2329
f 2328 2325 2330
f 2330 2331 2332
f 2292 2333 2334
f 2332 2331 2335
f 2336 2335 2331
f 2335 2337 2338
f 2337 2335 2336
f 2339 2338 2337
f 2338 2339 2340
f 2341 2342 2343
f 2344 2345 2346
f 2340 2339 2347
f 2346 2347 2339
f 2347 2346 2345
f 2345 2348 2349
f 2348 2345 2344
f 2254 2349 2348
f 2349 2254 2253
f 2260 2255 2268
f 2267 2260 2350
f 2350 2351 2267
f 2351 2350 2352
f 2351 2352 2353
f 2353 2343 2351
f 2343 2353 2341
f 2341 2326 2342
f 2326 2341 2327
f 2292 2354 2326
f 2292 2334 2354
f 2292 2355 2333
f 2292 2319 2355
f 2292 2356 2318
f 2292 2303 2356
f 2292 2357 2302
f 2292 2310 2357
f 2292 2358 2309
f 2292 2299 2358
f 2292 2250 2298
f 2292 2234 2244
f 2292 2247 2250
f 2234 2292 2288
f 2269 1555 2228
f 2228 2231 2269
f 2228 1555 2225
f 1556 2225 1555
f 1588 2084 2086
f 1557 2225 1556
f 2225 1557 2222
f 1558 2222 1557
f 2222 1558 2219
f 2213 1560 2210
f 1560 2216 1559
f 1559 2216 1558
f 1588 2093 2096
f 2219 1558 2216
f 1562 2210 1561
f 1561 2210 1560
f 2210 1562 2207
f 2207 1563 2204
f 1563 2207 1562
f 1588 2102 2105
f 2204 1563 2201
f 1565 2198 1564
f 1564 2201 1563
f 2201 1564 2198
f 1567 2192 1566
f 1566 2198 1565
f 2198 1566 2195
f 1588 2111 2113
f 2192 1568 2189
f 2195 1566 2192
f 1568 2192 1567
f 1569 2189 1568
f 1575 2168 1574
f 2189 1569 2186
f 1588 2119 2122
f 1570 2183 1569
f 2186 1569 2183
f 1571 2180 1570
f 2183 1570 2180
f 1572 2180 1571
f 2180 1572 2177
f 1574 2174 1573
f 2177 1572 2174
f 1588 2128 2131
f 1573 2174 1572
f 2174 1574 2171
f 1586 2131 2134
f 2171 1574 2168
f 1576 2165 1575
f 2168 1575 2165
f 1585 2137 2140
f 2165 1577 2162
f 1577 2165 1576
f 1578 2162 1577
f 2162 1578 2153
f 2153 1578 2261
f 1580 2149 2261
f 1580 2146 2149
f 2146 1580 1582
f 2143 1582 1583
f 2143 1583 1584
f 1584 2140 2143
f 2140 1584 1585
f 2134 1585 1586
f 1585 2134 2137
f 2131 1586 1587
f 1588 2125 2128
f 1588 2122 2125
f 2131 1587 1588
f 1588 2113 2116
f 1588 2116 2119
f 1588 2105 2108
f 1588 2108 2111
f 1588 2096 2099
f 1588 2099 2102
f 1588 2086 2090
f 1588 2090 2093
f 1588 2359 2360
f 1588 2360 2084
f 1588 2258 2359
f 1610 19 2289
f 19 1610 1
f 2298 2250 2361
f 2251 2361 2250
f 2362 2252 1150
f 1142 1150 2252
f 2299 2298 2363
f 2361 2363 2298
f 2364 2362 1158
f 1150 1158 2362
f 2358 2299 2365
f 2363 2365 2299
f 2366 2364 1166
f 1158 1166 2364
f 2309 2358 2367
f 2365 2367 2358
f 2368 2366 1174
f 1166 1174 2366
f 2310 2309 2369
f 2367 2369 2309
f 2370 2368 1182
f 1174 1182 2368
f 2357 2310 2371
f 2369 2371 2310
f 2372 2370 1190
f 1182 1190 2370
f 2302 2357 2373
f 2371 2373 2357
f 2374 2372 1198
f 1190 1198 2372
f 2303 2302 2375
f 2373 2375 2302
f 2376 2374 1206
f 1198 1206 2374
f 2356 2303 2377
f 2375 2377 2303
f 2378 2376 1214
f 1206 1214 2376
f 2379 2318 2356
f 2378 1214 1222
f 2356 2377 2379
f 1222 2380 2378
f 2381 2319 2318
f 2380 1222 1230
f 2318 2379 2381
f 1230 2382 2380
f 2383 2355 2319
f 2382 1230 1238
f 2319 2381 2383
f 1238 2384 2382
f 2385 2333 2355
f 2384 1238 1246
f 2355 2383 2385
f 1246 2386 2384
f 2387 2334 2333
f 2386 1246 1254
f 2333 2385 2387
f 1254 2388 2386
f 2389 2354 2334
f 2388 1254 1262
f 2334 2387 2389
f 1262 2390 2388
f 2391 2326 2354
f 2390 1262 1270
f 2354 2389 2391
f 1270 2392 2390
f 2393 2342 2326
f 2392 1270 1278
f 2326 2391 2393
f 1278 2394 2392
f 2395 2343 2342
f 2394 1278 1286
f 2342 2393 2395
f 1286 2396 2394
f 2397 2351 2343
f 2396 1286 1294
f 2343 2395 2397
f 1294 2398 2396
f 2399 2267 2351
f 2398 1294 1302
f 2351 2397 2399
f 1302 2400 2398
f 2401 2257 2267
f 2400 1302 1310
f 2267 2399 2401
f 1310 2402 2400
f 2257 2401 2403
f 2404 2403 2401
f 2256 2403 2253
f 2405 2406 2402
f 2403 2404 2407
f 2407 2253 2403
f 2408 2409 2410
f 2403 2256 2257
f 1310 1353 2409
f 1354 2410 2409
f 1354 2409 1353
f 2409 2405 1310
f 2402 1310 2405
f 2411 2349 2253
f 2410 1354 1362
f 2253 2407 2411
f 1362 2412 2410
f 2413 2345 2349
f 2412 1362 1370
f 2349 2411 2413
f 1370 2414 2412
f 2415 2347 2345
f 2414 1370 1378
f 2345 2413 2415
f 1378 2416 2414
f 2417 2340 2347
f 2416 1378 1386
f 2347 2415 2417
f 1386 2418 2416
f 2419 2338 2340
f 2418 1386 1394
f 2340 2417 2419
f 1394 2420 2418
f 2421 2335 2338
f 2420 1394 1402
f 2338 2419 2421
f 1402 2422 2420
f 2423 2332 2335
f 2422 1402 1410
f 2335 2421 2423
f 1410 2424 2422
f 2425 2330 2332
f 2424 1410 1418
f 2332 2423 2425
f 1418 2426 2424
f 2427 2328 2330
f 2426 1418 1426
f 2330 2425 2427
f 1426 2428 2426
f 2429 2322 2328
f 2428 1426 1434
f 2328 2427 2429
f 1434 2430 2428
f 2431 2324 2322
f 2430 1434 1442
f 2322 2429 2431
f 1442 2432 2430
f 2433 2320 2324
f 2432 1442 1450
f 2324 2431 2433
f 1450 2434 2432
f 2435 2320 2433
f 2320 2435 2317
f 1458 2434 1450
f 2434 1458 2436
f 2437 2317 2435
f 2317 2437 2314
f 1466 2436 1458
f 2436 1466 2438
f 2439 2314 2437
f 2314 2439 2311
f 1474 2438 1466
f 2438 1474 2440
f 2441 2311 2439
f 2311 2441 2308
f 1482 2440 1474
f 2440 1482 2442
f 2443 2308 2441
f 2308 2443 2306
f 1490 2442 1482
f 2442 1490 2444
f 2445 2306 2443
f 2306 2445 2304
f 1498 2444 1490
f 2444 1498 2446
f 2447 2304 2445
f 2304 2447 2297
f 1506 2446 1498
f 2446 1506 2448
f 2449 2297 2447
f 2297 2449 2296
f 1514 2448 1506
f 2448 1514 2450
f 2451 2296 2449
f 2296 2451 2294
f 1522 2450 1514
f 2450 1522 2452
f 2453 2294 2451
f 2294 2453 2291
f 1530 2452 1522
f 2452 1530 2454
f 2455 2291 2453
f 2291 2455 2287
f 1538 2454 1530
f 2454 1538 2456
f 2457 2287 2455
f 2287 2457 2286
f 1546 2456 1538
f 2456 1546 2458
f 2459 2286 2457
f 2286 2459 2264
f 1554 2458 1546
f 2458 1554 2460
f 1653 2461 1554
f 2462 2463 2459
f 2464 2258 2463
f 2265 2463 2258
f 2264 2459 2463
f 2264 2463 2265
f 1654 2461 1653
f 2464 2463 2462
f 2460 2461 2465
f 2461 1654 2466
f 2467 2466 2468
f 1654 2468 2466
f 2460 1554 2461
f 2469 2258 2464
f 2258 2469 2359
f 1662 2468 1654
f 2468 1662 2470
f 2471 2359 2469
f 2359 2471 2360
f 1670 2470 1662
f 2470 1670 2472
f 2473 2474 2475
f 2476 2475 2477
f 2478 2475 2474
f 2479 2477 2475
f 2475 2478 2480
f 2480 2479 2475
f 2480 2481 2479
f 2482 2483 2484
f 2483 2406 2405
f 2483 2482 2406
f 2406 2482 2485
f 2159 2161 2486
f 2487 2486 2161
f 2487 2161 2479
f 2477 2479 2161
f 1678 2472 1670
f 2472 1678 2087
f 2085 2360 2471
f 2360 2085 2084
f 499 543 2269
f 1555 2269 543
f 2289 28 2290
f 28 2289 19
f 2290 37 2293
f 37 2290 28
f 2293 46 2295
f 46 2293 37
f 2295 55 2300
f 55 2295 46
f 2300 64 2301
f 64 2300 55
f 2301 73 2305
f 73 2301 64
f 2305 82 2307
f 82 2305 73
f 2307 91 2312
f 91 2307 82
f 2312 101 2313
f 101 2312 91
f 2313 109 2315
f 109 2313 101
f 2315 118 2316
f 118 2315 109
f 127 2323 2316
f 2316 118 127
f 136 2321 2323
f 2323 127 136
f 145 2325 2321
f 2321 136 145
f 154 2329 2325
f 2325 145 154
f 163 2331 2329
f 2329 154 163
f 172 2336 2331
f 2331 163 172
f 181 2337 2336
f 2336 172 181
f 190 2339 2337
f 2337 181 190
f 199 2346 2339
f 2339 190 199
f 208 2344 2346
f 2346 199 208
f 217 2348 2344
f 2344 208 217
f 226 2254 2348
f 2348 217 226
f 241 2488 226
f 2488 241 239
f 2268 2488 2260
f 2254 226 2488
f 2488 2268 2254
f 239 2260 2488
f 281 2350 2260
f 2260 239 281
f 290 2352 2350
f 2350 281 290
f 299 2353 2352
f 2352 290 299
f 308 2341 2353
f 2353 299 308
f 317 2327 2341
f 2341 308 317
f 326 2292 2327
f 2327 317 326
f 335 2288 2292
f 2292 326 335
f 344 2281 2288
f 2288 335 344
f 353 2282 2281
f 2281 344 353
f 362 2285 2282
f 2282 353 362
f 371 2273 2285
f 2285 362 371
f 380 2274 2273
f 2273 371 380
f 380 389 2274
f 2284 2274 389
f 389 398 2284
f 2279 2284 398
f 398 407 2279
f 2280 2279 407
f 407 416 2280
f 2283 2280 416
f 416 425 2283
f 2270 2283 425
f 425 434 2270
f 2271 2270 434
f 434 443 2271
f 2278 2271 443
f 443 452 2278
f 2277 2278 452
f 452 461 2277
f 2276 2277 461
f 461 470 2276
f 2275 2276 470
f 470 479 2275
f 2272 2275 479
f 479 488 2272
f 2262 2272 488
f 488 2489 2262
f 2266 2262 2489
f 2269 2266 2489
f 488 500 2489
f 500 499 2489
f 2269 2489 499
f 2490 2491 2492
f 2493 2482 2490
f 2494 2490 2495
f 2491 2482 2496
f 2491 2490 2482
f 2482 2493 2485
f 2492 2495 2490
f 2497 2498 2499
f 2498 2497 2500
f 2501 2502 2503
f 2502 2504 2505
f 2506 2507 2508
f 2507 2506 2509
f 2510 2511 2468
f 2414 2512 2412
f 2513 2510 2514
f 2506 2233 2243
f 2502 2501 2511
f 2160 2477 2161
f 2502 2515 2516
f 2517 2518 2519
f 2501 2460 2465
f 2520 2400 2402
f 2521 2522 2523
f 2416 2512 2414
f 2512 2416 2524
f 2418 2524 2416
f 2521 2525 2522
f 2524 2418 2526
f 2420 2526 2418
f 2422 2526 2420
f 2424 2526 2422
f 2527 2521 2528
f 2526 2424 2529
f 2426 2529 2424
f 2428 2529 2426
f 2529 2428 2530
f 2430 2530 2428
f 2432 2530 2430
f 2434 2530 2432
f 2530 2434 2531
f 2436 2531 2434
f 2438 2531 2436
f 2440 2531 2438
f 2532 2392 2394
f 2531 2440 2533
f 2442 2533 2440
f 2444 2533 2442
f 2446 2533 2444
f 2448 2533 2446
f 2450 2533 2448
f 2452 2533 2450
f 2454 2533 2452
f 2533 2454 2534
f 2534 2454 2535
f 2535 2454 2536
f 2536 2454 2537
f 2537 2454 2538
f 2538 2454 2539
f 2539 2454 2540
f 2540 2454 2541
f 2541 2454 2542
f 2542 2454 2543
f 2543 2454 2544
f 2544 2454 2545
f 2545 2454 2546
f 2546 2454 2547
f 2547 2454 2548
f 2548 2454 2549
f 2549 2454 2550
f 2550 2454 2551
f 2551 2454 2552
f 2552 2454 2553
f 2553 2454 2554
f 2554 2454 2555
f 2555 2454 2556
f 2556 2454 2557
f 2557 2454 2558
f 2558 2454 2559
f 2559 2454 2560
f 2456 2560 2454
f 2560 2456 2561
f 2561 2456 2562
f 2562 2456 2563
f 2563 2456 2564
f 2564 2456 2565
f 2565 2456 2566
f 2566 2456 2567
f 2567 2456 2568
f 2568 2456 2569
f 2569 2456 2570
f 2570 2456 2571
f 2571 2456 2572
f 2572 2456 2573
f 2573 2456 2574
f 2458 2574 2456
f 2575 2576 2458
f 2502 2577 2578
f 2502 2579 2577
f 2577 2579 2580
f 2502 2505 2579
f 2579 2505 2581
f 2505 2504 2582
f 2502 2583 2504
f 2504 2583 2584
f 2502 2585 2583
f 2583 2585 2586
f 2502 2516 2585
f 2585 2516 2587
f 2516 2515 2588
f 2502 2589 2515
f 2515 2589 2590
f 2502 2591 2589
f 2589 2591 2592
f 2502 2593 2591
f 2591 2593 2594
f 2502 2595 2593
f 2593 2595 2596
f 2502 2597 2595
f 2595 2597 2598
f 2502 2599 2597
f 2597 2599 2600
f 2502 2513 2599
f 2599 2513 2601
f 2511 2510 2502
f 2468 2602 2603
f 2503 2575 2501
f 2574 2458 2576
f 2501 2575 2460
f 2458 2460 2575
f 2507 2517 2604
f 2502 2510 2513
f 2467 2468 2511
f 2468 2605 2510
f 2468 2606 2605
f 2468 2607 2608
f 2468 2609 2606
f 2468 2603 2609
f 2468 2610 2602
f 2468 2608 2610
f 2468 2611 2607
f 2611 2468 2470
f 2611 2470 2472
f 2611 2472 2087
f 2611 2087 2088
f 2611 2088 2091
f 2611 2091 2094
f 2611 2094 2097
f 2611 2097 2100
f 2611 2100 2103
f 2611 2103 2106
f 2611 2106 2109
f 2611 2109 2112
f 2611 2112 2115
f 2611 2115 2118
f 2611 2118 2121
f 2611 2121 2124
f 2611 2124 2127
f 2139 2612 2611
f 2611 2127 2130
f 2611 2130 2133
f 2145 2613 2614
f 2611 2133 2136
f 2611 2136 2139
f 2142 2615 2612
f 2612 2139 2142
f 2616 2617 2618
f 2142 2614 2615
f 2614 2142 2145
f 2158 2619 2151
f 2148 2617 2616
f 2145 2616 2613
f 2616 2145 2148
f 2617 2151 2619
f 2164 2620 2160
f 2617 2148 2151
f 2619 2158 2476
f 2477 2621 2619
f 2477 2619 2476
f 2621 2160 2620
f 2160 2621 2477
f 2167 2622 2164
f 2620 2164 2623
f 2623 2164 2622
f 2170 2624 2167
f 2622 2167 2625
f 2625 2167 2624
f 2173 2626 2170
f 2624 2170 2627
f 2627 2170 2626
f 2176 2628 2173
f 2626 2173 2629
f 2629 2173 2628
f 2179 2630 2176
f 2628 2176 2631
f 2631 2176 2630
f 2182 2632 2179
f 2630 2179 2633
f 2633 2179 2632
f 2185 2634 2182
f 2632 2182 2635
f 2635 2182 2634
f 2188 2636 2185
f 2634 2185 2637
f 2637 2185 2636
f 2191 2638 2188
f 2636 2188 2639
f 2639 2188 2638
f 2194 2640 2191
f 2638 2191 2641
f 2641 2191 2640
f 2197 2642 2194
f 2640 2194 2643
f 2643 2194 2642
f 2200 2644 2197
f 2642 2197 2645
f 2645 2197 2644
f 2203 2646 2200
f 2644 2200 2647
f 2647 2200 2646
f 2206 2648 2203
f 2646 2203 2649
f 2649 2203 2648
f 2209 2650 2206
f 2648 2206 2651
f 2651 2206 2650
f 2212 2652 2209
f 2650 2209 2653
f 2653 2209 2652
f 2215 2654 2212
f 2652 2212 2655
f 2655 2212 2654
f 2218 2656 2215
f 2654 2215 2657
f 2657 2215 2656
f 2221 2658 2218
f 2656 2218 2659
f 2659 2218 2658
f 2224 2660 2221
f 2658 2221 2661
f 2661 2221 2660
f 2227 2662 2224
f 2660 2224 2663
f 2663 2224 2662
f 2230 2664 2227
f 2662 2227 2665
f 2665 2227 2664
f 2233 2666 2230
f 2664 2230 2667
f 2667 2230 2666
f 2506 2668 2233
f 2508 2668 2506
f 2666 2233 2668
f 2527 2525 2521
f 2518 2527 2669
f 2518 2525 2527
f 2517 2525 2518
f 2400 2520 2670
f 2239 2671 2672
f 2239 2673 2674
f 2507 2675 2517
f 2239 2676 2677
f 2522 2525 2678
f 2522 2678 2679
f 2678 2525 2680
f 2678 2680 2681
f 2680 2525 2682
f 2680 2682 2683
f 2684 2525 2685
f 2684 2685 2686
f 2684 2686 2687
f 2682 2684 2688
f 2685 2525 2689
f 2690 2685 2691
f 2692 2685 2690
f 2686 2692 2693
f 2692 2690 2694
f 2686 2685 2692
f 2682 2525 2684
f 2674 2509 2239
f 2525 2675 2695
f 2517 2675 2525
f 2670 2398 2400
f 2507 2674 2675
f 2242 2239 2509
f 2509 2674 2507
f 2239 2677 2673
f 2696 2252 2362
f 2697 2239 2246
f 2239 2698 2676
f 2239 2672 2698
f 2699 2374 2376
f 2700 2388 2390
f 2239 2701 2671
f 2239 2697 2701
f 2697 2246 2249
f 2702 2368 2370
f 2697 2249 2252
f 2252 2696 2697
f 2696 2362 2364
f 2696 2364 2366
f 2696 2366 2368
f 2368 2702 2696
f 2703 2382 2384
f 2702 2370 2372
f 2702 2372 2374
f 2374 2699 2702
f 2699 2376 2378
f 2699 2378 2380
f 2699 2380 2382
f 2382 2703 2699
f 2703 2384 2386
f 2703 2386 2388
f 2388 2700 2703
f 2700 2390 2392
f 2392 2532 2700
f 2398 2670 2532
f 2532 2394 2396
f 2532 2396 2398
f 2493 2520 2485
f 2520 2402 2485
f 2406 2485 2402
f 2520 2493 2512
f 2408 2512 2493
f 2410 2512 2408
f 2412 2512 2410
f 2704 2705 2706
f 2707 2708 2709
f 2710 2711 2712
f 2713 2714 2715
f 2716 2715 2717
f 2718 2719 2720
f 2721 2722 2723
f 2721 2723 2724
f 2725 2726 2727
f 2728 2729 2730
f 2731 2732 2733
f 2730 2732 2731
f 2734 2735 2736
f 2737 2738 2739
f 2736 2735 2740
f 2740 2739 2741
f 2730 2742 2732
f 2729 2739 2742
f 2742 2740 2735
f 2741 2739 2738
f 2734 2733 2732
f 2740 2742 2739
f 2735 2732 2742
f 2734 2732 2735
f 2742 2730 2729
f 2737 2729 2728
f 2737 2739 2729
f 2743 2744 2745
f 2711 2746 2747
f 2711 2747 2748
f 2749 2750 2751
f 2750 2752 2751
f 2753 2754 2755
f 2756 2757 2758
f 2759 2760 2761
f 2762 2763 2764
f 2765 2766 2767
f 2768 2769 2770
f 2770 2771 2768
f 2772 2734 2736
f 2773 2774 2775
f 2772 2776 2768
f 2736 2740 2772
f 2769 2768 2776
f 2774 2773 2738
f 2777 2740 2741
f 2768 2771 2772
f 2741 2738 2777
f 2777 2738 2773
f 2773 2776 2777
f 2776 2772 2740
f 2776 2773 2769
f 2740 2777 2776
f 2734 2772 2771
f 2775 2769 2773
f 2238 2237 2778
f 2779 2780 2462
f 2781 2232 2782
f 2783 2784 2779
f 2464 2462 2780
f 2237 2232 2781
f 2778 2781 2785
f 2774 2157 2786
f 2782 2785 2781
f 2780 2779 2784
f 2787 2786 2788
f 2156 2786 2157
f 2156 2788 2786
f 2462 2459 2779
f 2157 2774 2163
f 2163 2774 2166
f 2404 2789 2407
f 2781 2778 2237
f 2238 2790 2791
f 2738 2232 2774
f 2464 2780 2792
f 2464 2150 2147
f 2166 2774 2169
f 2169 2774 2172
f 2172 2774 2175
f 2175 2774 2178
f 2178 2774 2181
f 2181 2774 2184
f 2184 2774 2187
f 2187 2774 2190
f 2190 2774 2193
f 2193 2774 2196
f 2196 2774 2199
f 2199 2774 2202
f 2202 2774 2205
f 2205 2774 2208
f 2208 2774 2211
f 2211 2774 2214
f 2214 2774 2217
f 2217 2774 2220
f 2220 2774 2223
f 2223 2774 2226
f 2238 2401 2245
f 2245 2401 2248
f 2248 2401 2251
f 2251 2401 2361
f 2361 2401 2363
f 2363 2401 2365
f 2365 2401 2367
f 2367 2401 2369
f 2369 2401 2371
f 2371 2401 2373
f 2373 2401 2375
f 2375 2401 2377
f 2377 2401 2379
f 2379 2401 2381
f 2381 2401 2383
f 2383 2401 2385
f 2385 2401 2387
f 2387 2401 2389
f 2389 2401 2391
f 2391 2401 2393
f 2395 2399 2397
f 2395 2401 2399
f 2393 2401 2395
f 2407 2459 2411
f 2411 2459 2413
f 2793 2407 2794
f 2413 2459 2415
f 2415 2459 2417
f 2417 2459 2419
f 2419 2459 2421
f 2421 2459 2423
f 2423 2459 2425
f 2425 2459 2427
f 2427 2459 2429
f 2429 2459 2431
f 2431 2459 2433
f 2433 2459 2435
f 2435 2459 2437
f 2437 2459 2439
f 2439 2459 2441
f 2441 2459 2443
f 2443 2459 2445
f 2445 2459 2447
f 2447 2459 2449
f 2453 2457 2455
f 2449 2459 2451
f 2453 2459 2457
f 2451 2459 2453
f 2464 2147 2144
f 2464 2144 2141
f 2464 2141 2138
f 2464 2138 2135
f 2464 2135 2132
f 2464 2132 2129
f 2464 2129 2126
f 2464 2126 2123
f 2464 2123 2120
f 2464 2120 2117
f 2464 2117 2114
f 2464 2114 2110
f 2464 2110 2107
f 2464 2107 2104
f 2464 2104 2101
f 2464 2101 2098
f 2464 2098 2095
f 2464 2095 2092
f 2464 2092 2089
f 2464 2089 2083
f 2464 2083 2085
f 2085 2471 2464
f 2469 2464 2471
f 2795 2789 2796
f 2238 2797 2798
f 2226 2774 2229
f 2229 2774 2232
f 2238 2778 2797
f 2754 2232 2738
f 2708 2738 2709
f 2737 2709 2738
f 2711 2738 2708
f 2748 2738 2711
f 2799 2738 2748
f 2757 2738 2799
f 2800 2738 2757
f 2760 2738 2800
f 2150 2788 2156
f 2801 2738 2760
f 2754 2738 2801
f 2802 2232 2754
f 2803 2232 2802
f 2804 2232 2803
f 2805 2232 2804
f 2806 2232 2805
f 2807 2232 2806
f 2808 2232 2807
f 2782 2232 2808
f 2238 2791 2809
f 2238 2798 2790
f 2238 2809 2810
f 2238 2810 2811
f 2238 2811 2812
f 2238 2812 2813
f 2813 2401 2238
f 2401 2814 2815
f 2401 2813 2816
f 2401 2817 2818
f 2401 2815 2817
f 2401 2816 2814
f 2401 2818 2819
f 2401 2819 2820
f 2401 2820 2821
f 2401 2821 2796
f 2401 2796 2789
f 2822 2407 2793
f 2401 2789 2404
f 2794 2407 2789
f 2823 2407 2822
f 2824 2407 2825
f 2826 2407 2823
f 2825 2407 2826
f 2827 2407 2824
f 2828 2407 2827
f 2829 2407 2828
f 2830 2459 2831
f 2831 2407 2829
f 2407 2831 2459
f 2832 2459 2830
f 2833 2459 2832
f 2834 2459 2833
f 2835 2459 2834
f 2836 2459 2835
f 2837 2459 2836
f 2838 2459 2837
f 2783 2459 2838
f 2779 2459 2783
f 2150 2839 2840
f 2841 2150 2464
f 2774 2786 2787
f 2464 2792 2842
f 2464 2842 2843
f 2464 2843 2844
f 2464 2844 2845
f 2464 2845 2846
f 2464 2846 2847
f 2464 2847 2848
f 2464 2848 2841
f 2150 2841 2839
f 2150 2840 2849
f 2150 2849 2850
f 2150 2850 2851
f 2150 2851 2852
f 2150 2852 2853
f 2150 2853 2854
f 2150 2854 2855
f 2150 2855 2788
f 2856 2242 2857
f 2242 2856 2240
f 2858 2857 2242
f 2858 2242 2509
f 2501 2465 2859
f 2860 2465 2861
f 2860 2859 2465
f 2461 2861 2465
f 2405 2862 2483
f 2863 2483 2862
f 2405 2409 2862
f 2155 2159 2486
f 2486 2864 2155
f 2240 2856 2865
f 2865 2241 2240
f 2466 2866 2861
f 2861 2461 2466
f 2867 2862 2868
f 2867 2795 2869
f 2869 2863 2867
f 2795 2867 2789
f 2868 2789 2867
f 2155 2864 2158
f 2408 2493 2490
f 2862 2409 2408
f 2490 2870 2408
f 2862 2408 2870
f 2862 2867 2863
f 2871 2158 2864
f 2871 2475 2158
f 2476 2158 2475
f 2466 2467 2866
f 2872 2866 2467
f 2872 2467 2873
f 2874 2243 2875
f 2511 2873 2467
f 2243 2241 2865
f 2865 2875 2243
f 2874 2506 2243
f 2876 2803 2877
f 2878 2804 2879
f 2880 2881 2882
f 2882 2881 2883
f 2880 2722 2884
f 2884 2881 2880
f 2882 2722 2880
f 2722 2883 2885
f 2883 2722 2882
f 2881 2885 2883
f 2884 2722 2721
f 2884 2721 2881
f 2886 2885 2881
f 2721 2885 2886
f 2881 2721 2886
f 2887 2721 2888
f 2619 2888 2721
f 2888 2889 2887
f 2889 2888 2621
f 2890 2885 2721
f 2621 2620 2889
f 2889 2620 2891
f 2620 2623 2891
f 2623 2622 2891
f 2891 2622 2892
f 2622 2625 2892
f 2625 2624 2892
f 2892 2624 2893
f 2624 2627 2893
f 2627 2626 2893
f 2893 2626 2894
f 2626 2629 2894
f 2629 2628 2894
f 2894 2628 2895
f 2628 2631 2895
f 2631 2630 2895
f 2895 2630 2896
f 2630 2633 2896
f 2633 2632 2896
f 2896 2632 2897
f 2632 2635 2897
f 2635 2634 2897
f 2897 2634 2898
f 2634 2637 2898
f 2637 2636 2898
f 2898 2636 2899
f 2636 2639 2899
f 2639 2638 2899
f 2899 2638 2900
f 2638 2641 2900
f 2641 2640 2900
f 2900 2640 2901
f 2640 2643 2901
f 2643 2642 2901
f 2901 2642 2902
f 2642 2645 2902
f 2645 2644 2902
f 2902 2644 2903
f 2644 2647 2903
f 2647 2646 2903
f 2903 2646 2904
f 2646 2649 2904
f 2649 2648 2904
f 2904 2648 2905
f 2648 2651 2905
f 2651 2650 2905
f 2653 2906 2650
f 2650 2906 2905
f 2653 2652 2906
f 2655 2907 2652
f 2652 2907 2906
f 2655 2654 2907
f 2907 2654 2908
f 2654 2657 2908
f 2657 2656 2908
f 2908 2656 2909
f 2656 2659 2909
f 2659 2658 2909
f 2909 2658 2910
f 2658 2661 2910
f 2661 2660 2910
f 2663 2911 2660
f 2660 2911 2910
f 2663 2662 2911
f 2911 2662 2912
f 2662 2665 2912
f 2665 2664 2912
f 2912 2664 2913
f 2664 2667 2913
f 2667 2666 2913
f 2913 2666 2914
f 2666 2668 2914
f 2915 2916 2917
f 2508 2507 2917
f 2916 2914 2917
f 2915 2917 2507
f 2668 2508 2917
f 2668 2917 2914
f 2918 2915 2507
f 2507 2604 2918
f 2604 2517 2918
f 2918 2517 2919
f 2517 2519 2919
f 2519 2518 2919
f 2919 2518 2920
f 2518 2669 2920
f 2669 2527 2920
f 2920 2527 2921
f 2527 2528 2921
f 2528 2521 2921
f 2921 2521 2922
f 2521 2523 2922
f 2523 2522 2922
f 2922 2522 2923
f 2522 2679 2923
f 2679 2678 2923
f 2923 2678 2924
f 2678 2681 2924
f 2681 2680 2924
f 2924 2680 2925
f 2680 2683 2925
f 2683 2682 2925
f 2925 2682 2926
f 2682 2688 2926
f 2688 2684 2926
f 2926 2684 2927
f 2684 2687 2927
f 2687 2686 2927
f 2927 2686 2928
f 2686 2693 2928
f 2693 2692 2928
f 2928 2692 2929
f 2692 2694 2929
f 2694 2690 2929
f 2929 2690 2930
f 2690 2691 2930
f 2691 2685 2930
f 2930 2685 2931
f 2685 2689 2931
f 2689 2525 2931
f 2931 2525 2932
f 2525 2695 2932
f 2695 2675 2932
f 2674 2933 2675
f 2675 2933 2932
f 2674 2673 2933
f 2933 2673 2934
f 2673 2677 2934
f 2677 2676 2934
f 2934 2676 2935
f 2676 2698 2935
f 2698 2672 2935
f 2935 2672 2936
f 2672 2671 2936
f 2671 2701 2936
f 2697 2937 2701
f 2701 2937 2936
f 2697 2696 2937
f 2937 2696 2938
f 2696 2702 2938
f 2702 2699 2938
f 2703 2939 2699
f 2699 2939 2938
f 2703 2700 2939
f 2939 2700 2940
f 2700 2532 2940
f 2532 2670 2940
f 2940 2670 2941
f 2670 2520 2941
f 2941 2520 2942
f 2941 2943 2944
f 2943 2942 2718
f 2718 2944 2943
f 2942 2943 2941
f 2512 2942 2520
f 2512 2718 2942
f 2944 2718 2945
f 2720 2945 2718
f 2946 2805 2947
f 2804 2947 2805
f 2948 2806 2949
f 2950 2951 2952
f 2953 2954 2952
f 2858 2955 2956
f 2951 2953 2952
f 2957 2950 2952
f 2858 2958 2959
f 2858 2956 2958
f 2960 2961 2952
f 2961 2957 2952
f 2490 2494 2962
f 2963 2964 2965
f 2859 2860 2966
f 2962 2870 2490
f 2966 2960 2952
f 2859 2966 2952
f 2496 2967 2968
f 2969 2970 2494
f 2970 2971 2494
f 2971 2962 2494
f 2972 2973 2494
f 2974 2972 2494
f 2973 2969 2494
f 2975 2976 2494
f 2977 2975 2494
f 2976 2974 2494
f 2978 2979 2980
f 2494 2981 2977
f 2981 2982 2977
f 2982 2983 2977
f 2983 2984 2977
f 2984 2985 2977
f 2985 2986 2977
f 2986 2987 2977
f 2987 2988 2977
f 2988 2989 2977
f 2989 2990 2991
f 2991 2977 2989
f 2990 2992 2991
f 2992 2993 2991
f 2993 2994 2991
f 2994 2995 2991
f 2995 2996 2991
f 2996 2997 2991
f 2997 2998 2991
f 2954 2999 2952
f 3000 3001 2858
f 2998 2952 2991
f 2999 2991 2952
f 2872 2873 2965
f 2874 2875 3002
f 2963 2965 2873
f 2963 3003 2964
f 2963 3004 3003
f 2963 3005 3004
f 2963 3006 3005
f 2963 3007 3006
f 2963 3008 3007
f 2963 3009 3008
f 2963 3010 3009
f 3010 2963 3011
f 3010 3011 3012
f 3010 3012 3013
f 3010 3013 3014
f 3010 3014 3015
f 3010 3015 3016
f 3010 3016 3017
f 3010 3017 3018
f 3010 3018 3019
f 3019 3020 3010
f 3020 3019 3021
f 3020 3021 3022
f 3020 3022 3023
f 3020 3023 3024
f 3020 3024 3025
f 3020 3025 3026
f 3020 3026 3027
f 3020 3027 3028
f 3020 3028 2473
f 2473 3029 3020
f 2473 3030 3029
f 2473 3031 3030
f 2473 3032 3031
f 3033 3034 2500
f 2481 3035 2771
f 2473 3036 3032
f 2473 3037 3036
f 2473 3038 3037
f 3039 3040 2500
f 2473 2475 3041
f 3042 3043 2726
f 2473 3044 3038
f 2871 3041 2475
f 2473 3041 3044
f 3040 3045 2500
f 2498 2500 3045
f 3046 3047 2771
f 3048 3049 2500
f 3050 3039 2500
f 3051 3050 2500
f 3052 3053 2771
f 3034 3051 2500
f 3047 3054 2771
f 3043 3048 2726
f 3053 3046 2771
f 2479 2481 2771
f 3035 3052 2771
f 2771 2487 2479
f 2745 2744 2734
f 2733 2734 2744
f 2751 2745 2734
f 2749 2751 2734
f 2763 2749 2734
f 2764 2763 2734
f 2714 2764 2734
f 2715 2714 2734
f 2766 2715 2734
f 3055 2766 2734
f 2705 3055 2771
f 3055 2734 2771
f 2705 2771 3054
f 3054 3042 2726
f 2726 2705 3054
f 3049 3033 2500
f 2500 2726 3048
f 3056 2498 3045
f 3057 3056 3045
f 3058 3057 3045
f 3002 3058 3045
f 2874 3002 3045
f 2858 2959 3000
f 3000 3059 3060
f 3000 3061 3059
f 2496 2482 3062
f 2978 3063 2979
f 3000 3060 3001
f 2857 2858 3001
f 2496 3064 2967
f 2978 3065 3066
f 3000 3066 3061
f 3066 3000 2978
f 2978 2980 3065
f 2978 3067 3063
f 3067 2978 3068
f 2496 3069 3070
f 3067 3068 3071
f 3067 3071 3072
f 3067 3072 3073
f 3067 3073 3074
f 3067 3074 3075
f 3067 3075 3076
f 3067 3076 3077
f 2496 3078 3069
f 3067 3077 3079
f 3067 3079 3080
f 3067 3080 3081
f 2496 3070 3067
f 3067 3081 2496
f 2496 2968 3078
f 2496 3082 3064
f 2496 3083 3082
f 2484 3062 2482
f 2496 3062 3083
f 3062 3084 3085
f 3086 3087 3088
f 3085 3084 3086
f 2483 3086 3084
f 3088 3087 2796
f 3086 2483 3087
f 2869 3089 2863
f 2483 3084 2484
f 3089 3087 2483
f 3062 2484 3084
f 2795 2796 3087
f 2795 3089 2869
f 2483 2863 3089
f 2795 3087 3089
f 3090 2782 3091
f 3092 3002 3093
f 3094 3095 3090
f 3090 2865 3094
f 2785 3094 2778
f 2782 3095 2785
f 3096 3097 3098
f 3098 2778 3094
f 3093 3099 3092
f 2865 3090 3099
f 2782 3090 3095
f 2875 2865 3093
f 3001 3100 3101
f 3099 3093 2865
f 3001 3101 2857
f 3101 3096 2856
f 2778 3098 3097
f 3096 3101 3100
f 3094 2785 3095
f 3091 3099 3090
f 3094 2856 3098
f 3098 2856 3096
f 2875 3093 3002
f 2856 3094 2865
f 2856 2857 3101
f 3102 3040 3103
f 3040 3102 3045
f 3103 3039 3104
f 3039 3103 3040
f 3050 3105 3039
f 3104 3039 3105
f 3051 3105 3050
f 3105 3051 3106
f 3034 3106 3051
f 3106 3034 3107
f 3033 3107 3034
f 3107 3033 3108
f 3049 3109 3033
f 3108 3033 3109
f 3048 3109 3049
f 3109 3048 3110
f 3110 3048 3111
f 3043 3111 3048
f 3111 3043 3042
f 3042 3112 3111
f 3112 3042 3054
f 3054 3113 3112
f 3113 3054 3047
f 3047 3114 3113
f 3114 3047 3046
f 3046 3115 3114
f 3115 3046 3053
f 3053 3116 3115
f 3116 3053 3052
f 3052 3117 3116
f 3117 3052 3035
f 3035 3118 3117
f 2481 2480 3118
f 3118 3035 2481
f 3119 2491 3081
f 2496 3081 2491
f 3120 3119 3080
f 3081 3080 3119
f 3121 3120 3079
f 3080 3079 3120
f 3122 3121 3077
f 3079 3077 3121
f 3123 3122 3076
f 3077 3076 3122
f 3124 3123 3075
f 3076 3075 3123
f 3125 3075 3074
f 3075 3125 3124
f 3126 3125 3073
f 3074 3073 3125
f 3127 3126 3072
f 3073 3072 3126
f 3071 3127 3072
f 3127 3071 3128
f 3068 3128 3071
f 3128 3068 3129
f 2978 3129 3068
f 3129 2978 3130
f 3000 3130 2978
f 3130 3000 3131
f 2959 3131 3000
f 3131 2959 3132
f 2958 3132 2959
f 3132 2958 3133
f 2956 3133 2958
f 3133 2956 3134
f 3134 2955 3135
f 2955 3134 2956
f 3135 2874 3136
f 3136 2874 3102
f 3045 3102 2874
f 2858 3135 2955
f 2874 3135 2858
f 2858 2509 2874
f 2506 2874 2509
f 2737 3137 2709
f 3137 3138 2709
f 2744 3139 3140
f 2744 3140 2733
f 3141 2743 3142
f 3143 3142 2743
f 3144 3145 2707
f 3145 2708 2707
f 2745 3146 3143
f 3144 2707 3142
f 3142 3143 3144
f 3146 3144 3143
f 3147 3148 3149
f 3144 3149 3148
f 2710 3148 3150
f 2750 3151 2752
f 3150 2752 3151
f 3151 2750 3152
f 3151 2746 3150
f 3152 2747 3151
f 2746 3151 2747
f 3153 3154 3152
f 3155 3156 3153
f 3154 3153 3156
f 3152 3157 3153
f 3153 3158 3155
f 3158 3153 3157
f 2758 3159 2756
f 3160 2756 3159
f 2762 3159 3155
f 3161 3162 3163
f 3164 3162 3160
f 2759 3165 3166
f 2713 3165 3163
f 3167 3168 3169
f 3168 2801 3169
f 2766 3170 2717
f 3167 3169 3171
f 3171 2717 3167
f 3170 3167 2717
f 2717 3171 2716
f 3166 2716 3171
f 2753 3172 3173
f 2765 3172 3167
f 3174 3175 3176
f 3177 3175 3173
f 2876 3178 3179
f 2704 3178 3176
f 2879 3180 2878
f 3181 2878 3180
f 2725 3180 3179
f 2947 3182 2946
f 3183 2946 3182
f 3182 2947 3181
f 3182 2499 3183
f 2499 3182 2497
f 3181 2497 3182
f 2949 3184 2948
f 3185 2948 3184
f 2949 2805 3186
f 3183 3187 3184
f 3187 3183 3188
f 3188 2498 3187
f 3184 2949 3183
f 3186 3183 2949
f 3189 3190 3191
f 3192 3190 3185
f 3193 3194 3195
f 3196 2807 3197
f 3198 3057 3199
f 3198 3191 3200
f 3200 3057 3198
f 3199 3194 3198
f 3191 3198 3194
f 3193 2807 3196
f 3194 3196 3191
f 3197 3191 3196
f 3196 3194 3193
f 3201 2782 3202
f 3203 3058 3002
f 3204 2797 2778
f 3205 3001 3060
f 3206 3207 3208
f 3209 3208 3207
f 3210 3211 3212
f 3206 3059 3213
f 3212 2798 3210
f 3211 3210 3207
f 3207 3206 3211
f 3213 3211 3206
f 3214 3215 3216
f 3211 3216 3215
f 3217 3218 3219
f 3214 3061 3220
f 3220 3218 3214
f 3219 2790 3217
f 3218 3217 3215
f 3215 3214 3218
f 3221 3222 3218
f 3223 3224 3225
f 3226 3066 3227
f 3225 2791 3223
f 3224 3223 3222
f 3222 3226 3224
f 3227 3224 3226
f 3228 3229 3230
f 3229 3228 3224
f 3231 3230 3229
f 3232 3229 3233
f 3229 3232 3231
f 3224 3233 3229
f 3234 3235 3236
f 3237 3235 3238
f 3231 3238 3235
f 3239 3240 3241
f 3242 3240 3236
f 3243 3244 3245
f 3246 3245 3244
f 3243 2811 3247
f 3241 3248 3244
f 3248 3241 3249
f 3249 2979 3248
f 3244 3243 3241
f 3247 3241 3243
f 3250 3251 3252
f 3253 3067 3254
f 3254 3251 3253
f 3252 2813 3250
f 3251 3250 3255
f 3255 3253 3251
f 3253 3255 3256
f 3246 3256 3255
f 3257 3258 3259
f 3259 3260 3257
f 3254 3261 3251
f 3252 3260 2813
f 3067 3261 3254
f 3251 3257 3260
f 3257 3251 3261
f 3251 3260 3252
f 3262 3263 3264
f 3264 3265 3266
f 3266 3265 3069
f 2814 3263 3262
f 3264 3267 3265
f 3267 3264 3263
f 3267 3258 3268
f 3268 3265 3267
f 3269 3270 3271
f 3272 3270 3264
f 3273 3274 3275
f 3275 3276 3273
f 3277 3273 3271
f 3274 3278 3279
f 3278 3280 3281
f 3281 3279 3278
f 3278 3274 3282
f 3282 3283 3278
f 3280 3278 3283
f 3284 3285 3286
f 3286 3287 3284
f 3288 3289 3280
f 3290 3287 2818
f 2967 3289 3288
f 3280 3284 3287
f 3284 3280 3289
f 3280 3287 3290
f 3291 3292 3293
f 3285 3293 3292
f 3293 3294 3291
f 3293 3285 3295
f 3295 3296 3293
f 3294 3293 3296
f 3297 3298 3299
f 3299 3300 3297
f 3301 3302 3294
f 3303 3300 2820
f 3082 3302 3301
f 3294 3297 3300
f 3297 3294 3302
f 3294 3300 3303
f 3304 3083 3305
f 3306 2796 2821
f 3187 2498 3056
f 2600 2599 3307
f 3307 2599 3308
f 2599 2601 3308
f 2601 2513 3308
f 3308 2513 3309
f 2513 2514 3309
f 2514 2510 3309
f 3309 2510 3310
f 2510 2605 3310
f 2605 2606 3310
f 3310 2606 3311
f 2606 2609 3311
f 2609 2603 3311
f 2602 3312 2603
f 2603 3312 3311
f 2602 2610 3312
f 3312 2610 3313
f 2610 2608 3313
f 2608 2607 3313
f 3313 2607 3314
f 2607 2611 3314
f 2611 2612 3314
f 3314 2612 3315
f 2612 2615 3315
f 2615 2614 3315
f 3315 2614 3316
f 2614 2613 3316
f 2613 2616 3316
f 3316 2616 3317
f 2616 2618 3317
f 2618 2724 3317
f 2724 2618 2617
f 3317 2724 2885
f 2885 2724 2723
f 2617 2721 2724
f 2721 2617 2619
f 3318 2719 2718
f 2718 2512 3318
f 2524 3318 2512
f 2720 2719 2945
f 2945 2719 3319
f 2526 3319 3318
f 2719 3318 3319
f 3318 2524 2526
f 2723 2722 2885
f 2549 2550 3320
f 3320 2550 3321
f 2550 2551 3321
f 3321 2552 3322
f 2553 3322 2552
f 3321 2551 2552
f 2553 2554 3322
f 3322 2554 3323
f 2554 2555 3323
f 2555 2556 3323
f 3323 2556 3324
f 2556 2557 3324
f 2557 2558 3324
f 3324 2558 3325
f 2558 2559 3325
f 2559 2560 3325
f 3325 2560 3326
f 2560 2561 3326
f 2561 2562 3326
f 3326 2562 3327
f 2562 2563 3327
f 2563 2564 3327
f 2565 3328 2564
f 2564 3328 3327
f 2565 2566 3328
f 2567 3329 2566
f 2566 3329 3328
f 2567 2568 3329
f 2569 3330 2568
f 2568 3330 3329
f 2569 2570 3330
f 3330 2570 3331
f 2570 2571 3331
f 2571 2572 3331
f 2573 3332 2572
f 2572 3332 3331
f 2573 2574 3332
f 3332 2574 3333
f 2574 2576 3333
f 3333 2576 3334
f 2575 3334 2576
f 3334 3335 3336
f 3334 2575 3335
f 2503 3335 2575
f 2502 3337 3335
f 3336 3335 3337
f 2502 3335 2503
f 3337 2502 3338
f 2578 3338 2502
f 2578 2577 3338
f 3338 2577 3339
f 2577 2580 3339
f 2580 2579 3339
f 3339 2579 3340
f 2579 2581 3340
f 2581 2505 3340
f 3340 2505 3341
f 2505 2582 3341
f 2582 2504 3341
f 3341 2504 3342
f 2504 2584 3342
f 2584 2583 3342
f 3342 2583 3343
f 2583 2586 3343
f 2586 2585 3343
f 3343 2585 3344
f 2585 2587 3344
f 2587 2516 3344
f 3344 2516 3345
f 2516 2588 3345
f 2588 2515 3345
f 3345 2515 3346
f 2515 2590 3346
f 2590 2589 3346
f 3346 2589 3347
f 2589 2592 3347
f 2592 2591 3347
f 3347 2591 3348
f 2591 2594 3348
f 2594 2593 3348
f 3348 2593 3349
f 2593 2596 3349
f 3350 3349 2595
f 3350 2595 2598
f 2596 2595 3349
f 2598 2597 3350
f 3350 2597 3307
f 2597 2600 3307
f 2529 2530 3351
f 2531 2533 3352
f 2534 2535 3353
f 2536 2537 3354
f 2538 2539 3355
f 2540 2541 3356
f 2542 2543 3357
f 2544 2545 3358
f 2546 2547 3359
f 2548 2549 3320
f 3360 3361 2783
f 2780 2784 3362
f 3361 3362 2784
f 2784 2783 3361
f 3363 3364 3365
f 2780 3362 3364
f 3364 3363 2780
f 2872 3366 2866
f 2783 3367 3360
f 2966 3368 3369
f 3361 3360 2861
f 3361 3364 3362
f 3370 3360 3367
f 3371 3366 2965
f 3370 3369 3368
f 3366 3371 3365
f 3368 2861 3370
f 2872 2965 3366
f 2861 3368 2860
f 3365 2866 3366
f 3360 3370 2861
f 2866 3365 3364
f 3364 3361 2866
f 2861 2866 3361
f 2966 2860 3368
f 3372 2965 3373
f 3374 2792 2780
f 3324 3325 3375
f 2941 2944 3376
f 2492 2491 3376
f 2480 3377 2889
f 2885 2890 3377
f 2926 3128 3129
f 2941 3376 2491
f 2495 2492 3376
f 2480 2478 3377
f 3336 3378 3334
f 3379 3378 3380
f 3378 3336 3337
f 2916 3381 2914
f 3337 3380 3378
f 3334 3382 3333
f 3136 3381 3135
f 3106 3107 2900
f 3381 2916 2915
f 3378 3379 3382
f 2890 2889 3377
f 3102 2914 3381
f 3381 3136 3102
f 3108 3109 2900
f 3317 2474 3383
f 2885 3377 2474
f 3129 2925 2926
f 2495 3376 2945
f 3380 3337 3338
f 3107 3108 2900
f 2914 3102 2913
f 3109 3110 2900
f 3110 3111 2900
f 3111 3112 2900
f 3112 3113 2899
f 2899 2900 3112
f 3113 3114 2898
f 2898 2899 3113
f 2896 2897 3114
f 2897 2898 3114
f 3114 3115 2896
f 3115 3116 2895
f 2895 2896 3115
f 3116 3117 2894
f 2894 2895 3116
f 2892 2893 3117
f 2893 2894 3117
f 3117 3118 2892
f 2891 2892 3118
f 2889 2891 2480
f 3118 2480 2891
f 2478 2474 3377
f 2474 3317 2885
f 3383 3316 3317
f 3316 3383 3384
f 3384 3315 3316
f 3315 3384 3385
f 3385 3314 3315
f 3313 3385 3386
f 3385 3313 3314
f 3386 3312 3313
f 3312 3386 3387
f 3387 3311 3312
f 3310 3387 3388
f 3387 3310 3311
f 3388 3309 3310
f 3309 3388 3389
f 3389 3308 3309
f 3308 3389 3390
f 3390 3307 3308
f 3350 3390 3391
f 3390 3350 3307
f 3391 3349 3350
f 3349 3391 3392
f 3392 3348 3349
f 3347 3392 3393
f 3392 3347 3348
f 3393 3346 3347
f 3346 3393 3394
f 3394 3345 3346
f 3345 3394 3395
f 3395 3344 3345
f 3105 3106 2900
f 3343 3395 3396
f 3395 3343 3344
f 3396 3342 3343
f 3342 3396 3397
f 3397 3341 3342
f 3340 3397 3398
f 3397 3340 3341
f 3339 3398 3399
f 3398 3339 3340
f 3338 3399 3380
f 3399 3338 3339
f 3382 3400 3333
f 3382 3334 3378
f 3332 3333 3400
f 3400 3401 3332
f 3331 3332 3401
f 3401 3402 3331
f 2918 3134 3135
f 3330 3331 3402
f 3402 3403 3329
f 2919 3133 3134
f 3329 3330 3402
f 3328 3329 3403
f 3403 3404 3328
f 3133 2919 2920
f 3327 3328 3404
f 3404 3405 3326
f 2923 3130 3131
f 3326 3327 3404
f 3325 3326 3405
f 3405 3375 3325
f 3132 2921 2922
f 3323 3324 3406
f 3375 3406 3324
f 3131 2922 2923
f 3406 3407 3322
f 3322 3323 3406
f 3321 3322 3407
f 3320 3321 3408
f 3407 3408 3321
f 3130 2923 2924
f 3408 3409 3359
f 3359 3320 3408
f 3358 3359 3409
f 3357 3358 3410
f 3409 3410 3358
f 3123 2933 2934
f 3356 3357 3411
f 3410 3411 3357
f 3411 3412 3355
f 3355 3356 3411
f 3354 3355 3412
f 3353 3354 3413
f 3412 3413 3354
f 2933 3123 3124
f 3413 3414 3352
f 3352 3353 3413
f 3351 3352 3414
f 3319 3351 3415
f 3414 3415 3351
f 3415 2495 3319
f 2945 3319 2495
f 3104 3105 2900
f 3103 3104 2907
f 2900 2901 3104
f 2901 2902 3104
f 2902 2903 3104
f 2903 2904 3104
f 2904 2905 3104
f 2905 2906 3104
f 2906 2907 3104
f 3102 3103 2913
f 2907 2908 3103
f 2908 2909 3103
f 2909 2910 3103
f 2910 2911 3103
f 2911 2912 3103
f 2912 2913 3103
f 3135 2915 2918
f 2915 3135 3381
f 3134 2918 2919
f 3128 2926 2927
f 2921 3132 3133
f 2922 3131 3132
f 3133 2920 2921
f 2929 3126 3127
f 3127 2928 2929
f 3126 2929 2930
f 2925 3129 3130
f 3130 2924 2925
f 2936 3121 3122
f 3125 2930 2931
f 2930 3125 3126
f 2928 3127 3128
f 3128 2927 2928
f 3124 2932 2933
f 3121 2936 2937
f 3122 2935 2936
f 2932 3124 3125
f 3125 2931 2932
f 3120 2937 2938
f 2937 3120 3121
f 2935 3122 3123
f 3123 2934 2935
f 3119 2939 2940
f 2940 2491 3119
f 2939 3119 3120
f 3120 2938 2939
f 2944 2945 3376
f 2491 2940 2941
f 3416 3417 3418
f 3419 3420 2962
f 2870 3420 2862
f 2870 2962 3420
f 3418 3420 3419
f 3418 2862 3420
f 2862 3417 2868
f 2868 3417 2789
f 2862 3418 3417
f 2794 3417 3416
f 2794 2789 3417
f 2730 3140 3421
f 3421 3139 3141
f 3139 3421 3140
f 3137 3421 3138
f 3141 3138 3421
f 3421 3137 2730
f 3149 2745 3147
f 2748 3154 3156
f 2748 3156 2799
f 2763 3158 3157
f 2763 3157 2749
f 3161 2800 2757
f 3169 2801 3422
f 3164 2764 2714
f 3177 3055 2705
f 3174 2802 2754
f 2474 2473 3383
f 3028 3383 2473
f 3027 3384 3383
f 3383 3028 3027
f 3026 3385 3384
f 3384 3027 3026
f 3025 3386 3385
f 3385 3026 3025
f 3386 3025 3024
f 3024 3387 3386
f 3387 3024 3023
f 3023 3388 3387
f 3388 3023 3022
f 3022 3389 3388
f 3389 3022 3021
f 3021 3390 3389
f 3390 3021 3019
f 3019 3391 3390
f 3392 3391 3018
f 3019 3018 3391
f 3393 3392 3017
f 3018 3017 3392
f 3394 3393 3016
f 3017 3016 3393
f 3016 3015 3395
f 3395 3394 3016
f 3396 3395 3014
f 3015 3014 3395
f 3397 3396 3013
f 3014 3013 3396
f 3398 3397 3012
f 3013 3012 3397
f 3399 3398 3011
f 3012 3011 3398
f 3011 2963 3399
f 3380 3399 2963
f 3382 3379 2873
f 3379 3380 2873
f 2963 2873 3380
f 2873 2859 3382
f 2859 2873 2511
f 2859 2952 3382
f 2511 2501 2859
f 2952 2998 3382
f 3400 3382 2998
f 2998 2997 3400
f 3401 3400 2997
f 2997 2996 3401
f 3402 3401 2996
f 2996 2995 3402
f 3403 3402 2995
f 3404 3403 2994
f 2995 2994 3403
f 3405 3404 2993
f 2994 2993 3404
f 3375 3405 2992
f 2993 2992 3405
f 3406 3375 2990
f 2992 2990 3375
f 3407 3406 2989
f 2990 2989 3406
f 3408 3407 2988
f 2989 2988 3407
f 3409 3408 2987
f 2988 2987 3408
f 3410 3409 2986
f 2987 2986 3409
f 3411 2986 2985
f 2986 3411 3410
f 3412 3411 2984
f 2985 2984 3411
f 3413 3412 2983
f 2984 2983 3412
f 3414 3413 2982
f 2983 2982 3413
f 3415 3414 2981
f 2982 2981 3414
f 2495 3415 2494
f 2981 2494 3415
f 3423 3424 3425
f 2864 3426 3427
f 2769 2775 3423
f 2788 3428 3426
f 2769 3423 2486
f 2771 2770 3429
f 3427 3430 3431
f 3430 3041 3431
f 3424 2787 3425
f 2771 3429 2487
f 2871 2864 3431
f 3428 3427 3426
f 3427 3431 2864
f 2788 3425 2787
f 2788 3426 3425
f 3424 3423 2774
f 2871 3431 3041
f 2486 2487 3429
f 2486 3429 2769
f 2787 3424 2774
f 2864 3425 3426
f 3425 2864 2486
f 2775 2774 3423
f 3425 2486 3423
f 2770 2769 3429
f 3432 2842 3433
f 3434 2964 3003
f 2843 2842 3435
f 3435 3436 2843
f 3003 3004 3437
f 3437 3438 3003
f 3439 2844 3440
f 3441 3004 3442
f 3443 3444 3445
f 3446 3447 3448
f 3449 3450 3005
f 3450 3451 3005
f 3452 3449 3006
f 3453 3445 2844
f 3447 3446 2845
f 3447 3445 3444
f 3451 3450 3443
f 3444 3443 3450
f 3450 3449 3444
f 3444 3448 3447
f 3445 3447 2845
f 2845 2844 3445
f 3448 3444 3449
f 3005 3006 3449
f 3449 3452 3448
f 3445 3453 3443
f 3454 2846 3455
f 3456 2847 3457
f 3458 3006 3459
f 3460 2848 3461
f 3462 3007 3463
f 3464 2841 2848
f 3465 3008 3466
f 3467 3468 3469
f 3470 3469 2839
f 3471 3472 3473
f 2841 3474 3470
f 3472 3010 3473
f 3474 3471 3470
f 3020 3475 3476
f 3468 2839 3469
f 3020 3476 3010
f 3475 3467 3476
f 2841 3470 2839
f 3476 3473 3010
f 3477 3478 3479
f 3478 3480 3481
f 3479 3481 3482
f 3483 3482 2848
f 3482 3483 3479
f 3482 3464 2848
f 3481 3479 3478
f 3464 3482 3481
f 3478 3477 3009
f 3480 3478 3009
f 3484 3485 3486
f 3029 3487 3488
f 3484 3489 3485
f 3489 2840 3485
f 3490 3486 3485
f 3487 3484 3488
f 3488 3486 3491
f 3490 3485 2840
f 3486 3488 3484
f 3492 2849 3493
f 3491 3020 3488
f 3494 2850 3495
f 3496 3029 3497
f 3498 2851 3499
f 3500 3030 3501
f 3502 3503 3504
f 3036 3505 3506
f 2851 3507 3508
f 3505 3502 3506
f 3509 3032 3510
f 3511 3509 3510
f 3504 3508 3511
f 2851 3508 2852
f 3502 3512 3503
f 3506 3504 3510
f 3508 3503 2852
f 3036 3506 3032
f 3512 2852 3503
f 3507 3511 3508
f 3506 3510 3032
f 3508 3504 3503
f 3511 3510 3504
f 3504 3506 3502
f 3513 3031 3514
f 3515 2853 3516
f 2853 3517 2854
f 3517 3518 2854
f 3519 3036 3520
f 3521 2855 3522
f 3038 3523 3037
f 3523 3524 3037
f 3525 2788 3526
f 3527 3038 3528
f 3529 3044 3530
f 3531 2793 3532
f 3533 2962 3534
f 3535 2822 3536
f 3537 2971 3538
f 2823 2822 3539
f 2823 3539 3540
f 2970 2969 3541
f 2970 3541 3542
f 3543 2826 2823
f 3544 2969 3545
f 3546 2825 2826
f 3547 2824 2825
f 3548 2973 3549
f 3550 2827 3551
f 3552 2972 2974
f 3553 2828 3554
f 3555 2974 3556
f 3557 2829 3558
f 3559 2976 3560
f 3561 2831 3562
f 2975 3563 3564
f 3564 3563 3565
f 3566 3565 3563
f 3567 3558 2828
f 3565 3566 3558
f 3557 3558 3566
f 3563 3568 3566
f 2975 3568 3563
f 3565 3558 3567
f 3569 3570 2830
f 3571 3569 2830
f 3572 3573 3574
f 3570 3569 3574
f 3575 3572 3576
f 3573 3572 2999
f 3576 3574 3569
f 3569 3571 3576
f 3574 3576 3572
f 3577 2977 3578
f 3579 2832 3580
f 3575 2991 3572
f 3581 3582 2833
f 3583 3581 2833
f 3584 3585 3586
f 3582 3581 3586
f 3587 3584 3588
f 3585 3584 2953
f 3588 3586 3581
f 3581 3583 3588
f 3586 3588 3584
f 3589 2999 3590
f 3591 2834 3592
f 3587 2954 3584
f 3593 2835 3594
f 3595 2953 3596
f 2836 2835 3597
f 3597 3598 2836
f 3599 3594 2834
f 3594 3599 3600
f 3601 3602 3600
f 3602 3603 3604
f 3604 3600 3602
f 3593 3594 3604
f 3602 3601 2951
f 3600 3604 3594
f 3603 3602 2951
f 3605 2837 3606
f 2950 2957 3607
f 3607 3608 2950
f 3609 2838 3610
f 3611 2957 3612
f 3613 2961 3614
f 3615 2960 3616
f 3617 2783 3618
f 2526 2529 3319
f 3319 2529 3351
f 2530 2531 3351
f 3351 2531 3352
f 2533 2534 3352
f 3352 2534 3353
f 2535 2536 3353
f 3353 2536 3354
f 2537 2538 3354
f 3354 2538 3355
f 2539 2540 3355
f 3355 2540 3356
f 2541 2542 3356
f 3356 2542 3357
f 2543 2544 3357
f 3357 2544 3358
f 2545 2546 3358
f 3358 2546 3359
f 2547 2548 3359
f 3359 2548 3320
f 3192 3056 3619
f 3189 2807 3620
f 3193 2808 2807
f 3203 3621 3195
f 3201 3621 3099
f 3205 3622 3096
f 3204 3622 3209
f 3210 2798 3623
f 3208 3060 3059
f 3217 2790 3624
f 3216 3059 3061
f 3223 2791 3625
f 3221 3061 3226
f 3065 3232 3066
f 3233 3066 3232
f 3230 2791 3228
f 2791 3230 2809
f 3238 3065 3237
f 3234 2810 3626
f 3242 2980 3627
f 3239 2811 2810
f 3248 2979 3628
f 3245 2812 3243
f 3256 3063 3253
f 3250 2813 2812
f 3261 3067 3629
f 3259 2816 2813
f 3268 3070 3265
f 3263 2814 2816
f 3272 3069 3630
f 3269 2815 2814
f 3277 3078 3631
f 3275 2817 2815
f 2968 2967 3283
f 2968 3283 3282
f 3281 2817 3279
f 2818 2817 3281
f 3289 2967 3632
f 3286 2819 2818
f 3064 3082 3296
f 3064 3296 3295
f 2820 2819 3292
f 2820 3292 3291
f 3302 3082 3633
f 3299 2821 2820
f 3306 3634 3086
f 3304 3634 3298
f 3373 3635 3636
f 3636 3637 3373
f 3635 3373 2964
f 3374 3638 2792
f 3638 3374 3636
f 3637 3636 3374
f 3372 3637 3365
f 3434 3639 3636
f 3639 3640 3432
f 3432 3433 3639
f 3641 3642 3437
f 3438 3437 3642
f 3642 3640 3438
f 3640 3642 3435
f 3436 3435 3642
f 3642 3641 3436
f 3643 3440 2843
f 3644 3441 3641
f 3641 3645 3440
f 3441 3644 3004
f 3440 3643 3641
f 3645 3641 3441
f 3645 3443 3439
f 3439 3440 3645
f 3458 3646 3448
f 3454 3646 3647
f 3648 3462 3647
f 3647 3649 3457
f 3650 3457 2846
f 3462 3648 3007
f 3457 3650 3647
f 3649 3647 3462
f 3649 3651 3456
f 3456 3457 3649
f 3465 3466 3652
f 3652 3651 3465
f 3479 3652 3466
f 3466 3477 3479
f 3477 3466 3009
f 3460 3483 2848
f 3483 3460 3479
f 3652 3479 3460
f 3464 3481 3471
f 3473 3653 3471
f 3469 3653 3467
f 3491 3486 3467
f 2840 3489 3493
f 3487 3029 3496
f 3484 3487 3496
f 3654 3493 3484
f 3484 3496 3654
f 3489 3484 3493
f 3493 3654 3492
f 3655 3492 3654
f 3501 3656 3500
f 3655 3500 3656
f 3657 3494 3656
f 3031 3658 3501
f 3657 3659 3494
f 3659 2850 3494
f 3658 3657 3501
f 3656 3501 3657
f 3513 3660 3657
f 3498 3660 3511
f 3520 3661 3519
f 3502 3519 3661
f 3662 3663 3515
f 3037 3664 3520
f 3662 3515 3661
f 3663 2853 3515
f 3664 3662 3520
f 3661 3520 3662
f 3523 3665 3524
f 3662 3524 3665
f 3665 3523 3666
f 3517 3665 3518
f 3666 3518 3665
f 3665 3517 3662
f 3528 3667 3527
f 3666 3527 3667
f 3521 3667 3668
f 3669 3526 3668
f 3668 3670 3529
f 2855 3671 3526
f 3670 3044 3529
f 3668 3529 3669
f 3671 3668 3526
f 3525 3669 3427
f 3672 3418 3533
f 3533 3534 3672
f 3673 3534 2971
f 3674 3531 3675
f 3675 3534 3673
f 2793 3531 3674
f 3675 3672 3534
f 3672 3675 3531
f 3537 3676 3675
f 3535 3536 3676
f 3676 3677 3535
f 3678 3677 3542
f 3542 3541 3678
f 3679 3678 3541
f 3540 3539 3678
f 3677 3678 3539
f 3678 3679 3540
f 2969 3544 3680
f 3680 3544 3679
f 3681 3679 3544
f 3679 3681 3682
f 3683 3682 2823
f 3679 3682 3683
f 3681 3684 3543
f 3543 3682 3681
f 3685 3548 3684
f 3686 3687 2826
f 2973 3548 3685
f 3684 3688 3687
f 3688 3684 3548
f 3684 3687 3686
f 3688 3689 3546
f 3546 3687 3688
f 3552 3690 3689
f 3547 3690 3691
f 3692 3555 3691
f 3693 3551 2824
f 2974 3555 3692
f 3691 3694 3551
f 3694 3691 3555
f 3691 3551 3693
f 3550 3551 3694
f 3694 3695 3550
f 3696 3559 3695
f 3697 3554 2827
f 2976 3559 3696
f 3695 3698 3554
f 3698 3695 3559
f 3695 3554 3697
f 3553 3554 3698
f 3698 3565 3553
f 3557 3566 3699
f 3577 3700 3699
f 3561 3562 3700
f 3700 3701 3561
f 3575 3576 3701
f 3570 3580 2830
f 3573 3589 3574
f 3574 3702 3580
f 3589 3573 2999
f 3580 3570 3574
f 3702 3574 3589
f 3702 3703 3579
f 3579 3580 3702
f 3587 3588 3703
f 3595 3596 3704
f 3704 3586 3595
f 3591 3704 3600
f 3593 3604 3705
f 3706 3707 3607
f 3608 3607 3707
f 3707 3705 3608
f 3705 3707 3597
f 3598 3597 3707
f 3707 3706 3598
f 3611 3708 3706
f 3605 3708 3709
f 3613 3710 3709
f 3609 3710 3711
f 3617 3712 3370
f 3615 3712 3711
f 2730 2731 3140
f 2737 2728 3137
f 2731 2733 3140
f 2728 2730 3137
f 3085 3305 3062
f 3088 3306 3086
f 2796 3306 3088
f 3086 3305 3085
f 3713 2778 3097
f 3097 3096 3713
f 3205 3096 3100
f 3100 3001 3205
f 3714 3002 3092
f 3201 3099 3091
f 3091 2782 3201
f 3092 3099 3714
f 2709 3715 3716
f 3717 2744 2743
f 3141 3717 2743
f 3715 3141 3716
f 2744 3717 3139
f 3141 3715 3138
f 3715 2709 3138
f 3717 3141 3139
f 3144 3146 3149
f 2708 3145 2712
f 3146 2745 3149
f 3145 3144 2712
f 3150 3718 2710
f 2751 3719 3147
f 3718 2711 2710
f 3719 3150 3147
f 3150 3719 2752
f 2711 3718 2746
f 3719 2751 2752
f 3718 3150 2746
f 3152 3720 2747
f 2749 3721 2750
f 3720 2748 2747
f 3721 3152 2750
f 3152 3721 3157
f 2748 3720 3154
f 3721 2749 3157
f 3720 3152 3154
f 3155 3722 3156
f 2763 3723 3158
f 3722 2799 3156
f 3723 3155 3158
f 3155 3723 2762
f 2799 3722 2758
f 3723 2763 2762
f 3722 3155 2758
f 3160 3724 2756
f 2764 3725 3726
f 3724 2757 2756
f 3725 3160 3726
f 3160 3725 3164
f 2757 3724 3727
f 3725 2764 3164
f 3724 3160 3727
f 3163 3728 3161
f 2714 3729 3730
f 3728 2800 3161
f 3729 3163 3730
f 3163 3729 2713
f 2800 3728 2761
f 3729 2714 2713
f 3728 3163 2761
f 3166 3731 2759
f 2715 3732 3733
f 3731 2760 2759
f 3732 3166 3733
f 3166 3732 2716
f 2760 3731 3422
f 3732 2715 2716
f 3731 3166 3422
f 2755 2801 3168
f 3168 3167 2755
f 2765 3167 3170
f 3170 2766 2765
f 2753 3173 3734
f 2767 3055 3735
f 3734 2754 2753
f 3735 3173 2767
f 3736 2754 3734
f 3734 3173 3736
f 3177 3173 3735
f 3735 3055 3177
f 3174 3176 3737
f 3738 2705 3739
f 3737 2802 3174
f 3739 3176 3738
f 2877 2802 3737
f 3737 3176 2877
f 2704 3176 3739
f 3739 2705 2704
f 2876 3179 3740
f 2706 2726 3741
f 3740 2803 2876
f 3741 3179 2706
f 2879 2803 3740
f 3740 3179 2879
f 2725 3179 3741
f 3741 2726 2725
f 2878 3181 3742
f 2727 2500 3743
f 3742 2804 2878
f 3743 3181 2727
f 2947 2804 3742
f 3742 3181 2947
f 2497 3181 3743
f 3743 2500 2497
f 2946 3183 3186
f 2499 2498 3188
f 3186 2805 2946
f 3188 3183 2499
f 2948 3185 3744
f 3745 3056 3746
f 3744 2806 2948
f 3746 3185 3745
f 3620 2806 3744
f 3744 3185 3620
f 3192 3185 3746
f 3746 3056 3192
f 3189 3191 3197
f 3619 3057 3200
f 3197 2807 3189
f 3200 3191 3619
f 3193 3195 3747
f 3199 3058 3748
f 3747 2808 3193
f 3748 3195 3199
f 3202 2808 3747
f 3747 3195 3202
f 3203 3195 3748
f 3748 3058 3203
f 3208 3209 3749
f 3749 3060 3208
f 3750 3209 3623
f 3623 2797 3750
f 3751 3060 3749
f 3204 3209 3750
f 3750 2797 3204
f 3749 3209 3751
f 3624 2798 3212
f 3212 3211 3624
f 3216 3211 3213
f 3213 3059 3216
f 3625 2790 3219
f 3219 3218 3625
f 3221 3218 3220
f 3220 3061 3221
f 3228 2791 3225
f 3225 3224 3228
f 3233 3224 3227
f 3227 3066 3233
f 3230 3231 3752
f 3232 3065 3753
f 3752 2809 3230
f 3753 3231 3232
f 3626 2809 3752
f 3752 3231 3626
f 3238 3231 3753
f 3753 3065 3238
f 3234 3236 3754
f 3237 2980 3755
f 3754 2810 3234
f 3755 3236 3237
f 3756 2810 3754
f 3754 3236 3756
f 3242 3236 3755
f 3755 2980 3242
f 3239 3241 3247
f 3627 2979 3249
f 3247 2811 3239
f 3249 3241 3627
f 3245 3246 3757
f 3628 3063 3758
f 3757 2812 3245
f 3758 3246 3628
f 3759 2812 3757
f 3757 3246 3759
f 3256 3246 3758
f 3758 3063 3256
f 3760 3259 3258
f 3761 3629 3070
f 2816 3259 3760
f 3258 3629 3761
f 3258 3762 3760
f 3761 3268 3258
f 3760 3762 2816
f 3070 3268 3761
f 3264 3763 3262
f 3266 3272 3264
f 3262 3763 2814
f 3069 3272 3266
f 3764 3269 3271
f 3765 3630 3078
f 2815 3269 3764
f 3271 3630 3765
f 3271 3276 3764
f 3765 3277 3271
f 3764 3276 2815
f 3078 3277 3765
f 3766 3275 3274
f 3767 3631 2968
f 2817 3275 3766
f 3274 3631 3767
f 3274 3279 3766
f 3767 3282 3274
f 3766 3279 2817
f 2968 3282 3767
f 3290 3281 3280
f 3288 3283 2967
f 2818 3281 3290
f 3280 3283 3288
f 3768 3286 3285
f 3769 3632 3064
f 2819 3286 3768
f 3285 3632 3769
f 3285 3292 3768
f 3769 3295 3285
f 3768 3292 2819
f 3064 3295 3769
f 3303 3291 3294
f 3301 3296 3082
f 2820 3291 3303
f 3294 3296 3301
f 3770 3299 3298
f 3771 3633 3083
f 2821 3299 3770
f 3298 3633 3771
f 3298 3772 3770
f 3771 3304 3298
f 3770 3772 2821
f 3083 3304 3771
f 3363 3773 2780
f 3371 3372 3365
f 3372 3371 2965
f 3773 3363 3365
f 3617 3367 2783
f 3367 3617 3370
f 3616 3369 3370
f 3369 3616 2966
f 3635 3434 3636
f 3638 3433 2792
f 3434 3635 2964
f 3433 3638 3636
f 3418 3532 3416
f 3419 3533 3418
f 3416 3532 2794
f 2962 3533 3419
f 3427 3428 3525
f 3041 3430 3530
f 3428 2788 3525
f 3430 3427 3530
f 3774 3775 3003
f 3432 3776 2842
f 3775 3774 3640
f 3776 3432 3640
f 3774 3438 3640
f 3776 3435 2842
f 3438 3774 3003
f 3435 3776 3640
f 3436 3643 2843
f 3643 3436 3641
f 3437 3644 3641
f 3644 3437 3004
f 3439 3453 2844
f 3453 3439 3443
f 3442 3451 3443
f 3451 3442 3005
f 3452 3458 3448
f 3446 3455 2845
f 3458 3452 3006
f 3455 3446 3448
f 3648 3459 3007
f 3454 3650 2846
f 3459 3648 3647
f 3650 3454 3647
f 3777 3461 2847
f 3778 3465 3651
f 3465 3778 3008
f 3461 3777 3651
f 3456 3777 2847
f 3777 3456 3651
f 3463 3778 3651
f 3778 3463 3008
f 3464 3474 2841
f 3474 3464 3471
f 3480 3472 3471
f 3472 3480 3010
f 3467 3475 3491
f 2839 3468 3490
f 3475 3020 3491
f 3468 3467 3490
f 3030 3779 3497
f 3655 3780 3492
f 3780 2849 3492
f 3779 3655 3497
f 2849 3780 3495
f 3779 3030 3500
f 3655 3779 3500
f 3780 3655 3495
f 2850 3659 3499
f 3658 3031 3513
f 3657 3658 3513
f 3659 3657 3499
f 3032 3509 3514
f 3511 3507 3498
f 3507 2851 3498
f 3509 3511 3514
f 2852 3512 3516
f 3505 3036 3519
f 3502 3505 3519
f 3512 3502 3516
f 3662 3664 3524
f 2853 3663 3517
f 3664 3037 3524
f 3663 3662 3517
f 3038 3781 3523
f 3666 3782 3518
f 3782 2854 3518
f 3781 3666 3523
f 2854 3782 3522
f 3781 3038 3527
f 3666 3781 3527
f 3782 3666 3522
f 3668 3671 3521
f 3044 3670 3528
f 3671 2855 3521
f 3670 3668 3528
f 2971 3537 3673
f 3673 3537 3675
f 3675 3536 3674
f 3674 3536 2793
f 3783 3538 2970
f 3784 3535 3677
f 2822 3535 3784
f 3677 3538 3783
f 2970 3542 3783
f 3783 3542 3677
f 3677 3539 3784
f 3784 3539 2822
f 3680 3541 2969
f 3683 3540 3679
f 2823 3540 3683
f 3679 3541 3680
f 3686 3543 3684
f 3685 3545 2973
f 2826 3543 3686
f 3684 3545 3685
f 3785 3549 2972
f 3786 3546 3689
f 2825 3546 3786
f 3689 3549 3785
f 2972 3552 3785
f 3785 3552 3689
f 3689 3787 3786
f 3786 3787 2825
f 3693 3547 3691
f 3692 3788 2974
f 2824 3547 3693
f 3691 3788 3692
f 3697 3550 3695
f 3696 3556 2976
f 2827 3550 3697
f 3695 3556 3696
f 3564 3560 2975
f 3567 3553 3565
f 2828 3553 3567
f 3565 3560 3564
f 3789 3568 2977
f 3790 3557 3699
f 2829 3557 3790
f 3699 3568 3789
f 3789 3577 3699
f 3790 3562 2829
f 3577 3789 2977
f 3562 3790 3699
f 3791 3571 2831
f 3792 3575 3701
f 3575 3792 2991
f 3571 3791 3701
f 3791 3561 3701
f 3792 3578 2991
f 2977 2991 3578
f 2831 3561 3791
f 3701 3578 3792
f 3793 3590 2954
f 3579 3794 2832
f 3590 3793 3703
f 3794 3579 3703
f 3793 3587 3703
f 3794 3583 2832
f 3587 3793 2954
f 3583 3794 3703
f 3582 3592 2833
f 3585 3595 3586
f 3595 3585 2953
f 3592 3582 3586
f 3591 3599 2834
f 3599 3591 3600
f 3596 3601 3600
f 3601 3596 2951
f 3795 3603 2950
f 3593 3796 2835
f 3603 3795 3705
f 3796 3593 3705
f 3795 3608 3705
f 3796 3597 2835
f 3608 3795 2950
f 3597 3796 3705
f 3797 3606 2836
f 3798 3611 3706
f 3611 3798 2957
f 3606 3797 3706
f 3598 3797 2836
f 3797 3598 3706
f 3607 3798 3706
f 3798 3607 2957
f 3799 3612 2961
f 3605 3800 2837
f 3612 3799 3709
f 3800 3605 3709
f 3799 3613 3709
f 3800 3610 2837
f 3613 3799 2961
f 3610 3800 3709
f 3801 3618 2838
f 3802 3615 3711
f 3615 3802 2960
f 3618 3801 3711
f 3609 3801 2838
f 3801 3609 3711
f 3614 3802 3711
f 3802 3614 2960
f 2887 2889 2890
f 2888 2619 2621
f 2758 3155 3159
f 2758 2757 2799
f 3730 3162 3164
f 3733 3165 2713
f 3147 3150 3148
f 3147 2745 2751
f 3142 3716 3141
f 3716 3142 2707
f 3738 3175 3177
f 2877 3176 3178
f 2877 2803 2802
f 3159 3726 3160
f 3726 3159 2762
f 3727 3162 3161
f 3727 3160 3162
f 3727 3161 2757
f 3422 3171 3169
f 3171 3422 3166
f 3422 2801 2760
f 2879 3179 3180
f 2879 2804 2803
f 3143 2743 2745
f 3736 3175 3174
f 2755 3167 3172
f 2755 2754 2801
f 3736 3173 3175
f 3736 3174 2754
f 2949 2806 2805
f 3184 3745 3185
f 3745 3184 3187
f 3716 2707 2709
f 2712 2711 2708
f 2712 3148 2710
f 3148 2712 3144
f 3726 2762 2764
f 3730 3164 2714
f 3730 3163 3162
f 3733 2713 2715
f 3733 3166 3165
f 2717 2715 2766
f 2767 2766 3055
f 2767 3173 3172
f 3738 3177 2705
f 3738 3176 3175
f 2706 2705 2726
f 2706 3179 3178
f 2727 2726 2500
f 2727 3180 2725
f 3180 2727 3181
f 3745 3187 3056
f 3619 3056 3057
f 3619 3191 3190
f 3199 3057 3058
f 3199 3195 3194
f 3202 3621 3201
f 3714 3621 3203
f 3751 3622 3205
f 3623 2798 2797
f 3623 3207 3210
f 3207 3623 3209
f 3624 2790 2798
f 3624 3215 3217
f 3215 3624 3211
f 3625 2791 2790
f 3625 3218 3222
f 3237 3065 2980
f 3237 3236 3235
f 3627 2980 2979
f 3627 3241 3240
f 3628 2979 3063
f 3628 3244 3248
f 3244 3628 3246
f 3253 3063 3067
f 3629 3067 3070
f 3261 3629 3257
f 3258 3257 3629
f 3265 3070 3069
f 3630 3069 3078
f 3630 3271 3270
f 3631 3078 2968
f 3277 3631 3273
f 3274 3273 3631
f 3632 2967 3064
f 3289 3632 3284
f 3285 3284 3632
f 3633 3082 3083
f 3302 3633 3297
f 3298 3297 3633
f 3772 3634 3306
f 2761 3163 3165
f 2761 2760 2800
f 2759 2761 3165
f 2755 3172 2753
f 2767 3172 2765
f 2877 3178 2876
f 2706 3178 2704
f 3772 3306 2821
f 3772 3298 3634
f 3305 3083 3062
f 3305 3086 3634
f 3304 3305 3634
f 3300 3299 2820
f 3287 3286 2818
f 3276 3271 3273
f 3276 3275 2815
f 3763 3270 3269
f 3272 3630 3270
f 3763 3264 3270
f 3763 3269 2814
f 3258 3267 3762
f 3263 3762 3267
f 3762 3263 2816
f 3260 3259 2813
f 3759 3255 3250
f 3255 3759 3246
f 3759 3250 2812
f 3756 3240 3239
f 3756 3236 3240
f 3756 3239 2810
f 3223 3625 3222
f 3214 3216 3061
f 3751 3205 3060
f 3751 3209 3622
f 3713 3622 3204
f 3202 2782 2808
f 3202 3195 3621
f 3226 3061 3066
f 3221 3226 3222
f 3626 3235 3234
f 3235 3626 3231
f 3626 2810 2809
f 3242 3627 3240
f 3243 2812 2811
f 3620 3185 3190
f 3620 2807 2806
f 3620 3190 3189
f 3619 3190 3192
f 3714 3203 3002
f 3714 3099 3621
f 3713 3204 2778
f 3713 3096 3622
f 3206 3208 3059
f 3773 3637 3374
f 3640 3639 3775
f 3434 3775 3639
f 3618 2783 2838
f 3618 3711 3712
f 3616 2960 2966
f 3616 3370 3712
f 3617 3618 3712
f 3615 3616 3712
f 3614 2961 2960
f 3614 3711 3710
f 3610 2838 2837
f 3610 3709 3710
f 3609 3610 3710
f 3612 2957 2961
f 3612 3709 3708
f 3606 2837 2836
f 3606 3706 3708
f 3611 3612 3708
f 3605 3606 3708
f 3603 2951 2950
f 3603 3705 3604
f 3594 2835 2834
f 3596 2953 2951
f 3596 3600 3704
f 3592 2834 2833
f 3586 3704 3592
f 3591 3592 3704
f 3584 2954 2953
f 3583 2833 2832
f 3583 3703 3588
f 3590 2999 2954
f 3703 3702 3590
f 3589 3590 3702
f 3580 2832 2830
f 3572 2991 2999
f 3571 2830 2831
f 3571 3701 3576
f 3577 3578 3700
f 3701 3700 3578
f 3562 2831 2829
f 3562 3699 3700
f 3568 2975 2977
f 3568 3699 3566
f 3558 2829 2828
f 3560 2976 2975
f 3559 3560 3698
f 3565 3698 3560
f 3554 2828 2827
f 3556 2974 2976
f 3555 3556 3694
f 3695 3694 3556
f 3551 2827 2824
f 3549 2973 2972
f 3548 3549 3688
f 3689 3688 3549
f 3547 3787 3690
f 3552 3788 3690
f 3545 2969 2973
f 3544 3545 3681
f 3684 3681 3545
f 3687 3546 2826
f 3682 3543 2823
f 3538 2971 2970
f 3537 3538 3676
f 3677 3676 3538
f 3534 2962 2971
f 3536 2822 2793
f 3536 3675 3676
f 3532 2793 2794
f 3531 3532 3672
f 3418 3672 3532
f 3530 3044 3041
f 3530 3427 3669
f 3526 2788 2855
f 3525 3526 3669
f 3528 3038 3044
f 3528 3668 3667
f 3522 2855 2854
f 3522 3667 3521
f 3667 3522 3666
f 3520 3036 3037
f 3516 2853 2852
f 3516 3661 3515
f 3661 3516 3502
f 3514 3031 3032
f 3514 3511 3660
f 3499 2851 2850
f 3499 3657 3660
f 3514 3660 3513
f 3499 3660 3498
f 3501 3030 3031
f 3495 2850 2849
f 3495 3656 3494
f 3656 3495 3655
f 3497 3029 3030
f 3497 3654 3496
f 3654 3497 3655
f 3493 2849 2840
f 3488 3020 3029
f 3490 2840 2839
f 3490 3467 3486
f 3470 3471 3653
f 3476 3467 3653
f 3480 3009 3010
f 3480 3471 3481
f 3466 3008 3009
f 3461 2848 2847
f 3651 3652 3461
f 3460 3461 3652
f 3463 3007 3008
f 3651 3649 3463
f 3462 3463 3649
f 3457 2847 2846
f 3459 3006 3007
f 3459 3647 3646
f 3455 2846 2845
f 3455 3448 3646
f 3458 3459 3646
f 3454 3455 3646
f 3442 3004 3005
f 3443 3645 3442
f 3441 3442 3645
f 3440 2844 2843
f 3775 3434 3003
f 3433 2842 2792
f 3433 3636 3639
f 3773 3374 2780
f 3773 3365 3637
f 3373 2965 2964
f 3372 3373 3637
f 3473 3476 3653
f 3529 3530 3669
f 3787 3547 2825
f 3787 3689 3690
f 3613 3614 3710
f 3469 3470 3653
f 3788 3552 2974
f 3788 3691 3690
f 2887 2890 2721
