  0
SECTION
  2
HEADER
  9
$ACADVER
  1
AC1009
  9
$DWGCODEPAGE
  3
ansi_1252
  9
$INSBASE
 10
0.0
 20
0.0
 30
0.0
  9
$EXTMIN
 10
214.3686558044639
 20
623.4173232606596
 30
0.0
  9
$EXTMAX
 10
359.3755514855257
 20
670.7002490878023
 30
0.0
  9
$LIMMIN
 10
0.0
 20
0.0
  9
$LIMMAX
 10
12.0
 20
9.0
  9
$ORTHOMODE
 70
     0
  9
$REGENMODE
 70
     1
  9
$FILLMODE
 70
     1
  9
$QTEXTMODE
 70
     0
  9
$MIRRTEXT
 70
     1
  9
$DRAGMODE
 70
     2
  9
$LTSCALE
 40
1.0
  9
$OSMODE
 70
    37
  9
$ATTMODE
 70
     1
  9
$TEXTSIZE
 40
0.2
  9
$TRACEWID
 40
0.05
  9
$TEXTSTYLE
  7
STANDARD
  9
$CLAYER
  8
0
  9
$CELTYPE
  6
BYLAYER
  9
$CECOLOR
 62
   256
  9
$DIMSCALE
 40
1.0
  9
$DIMASZ
 40
0.18
  9
$DIMEXO
 40
0.0625
  9
$DIMDLI
 40
0.38
  9
$DIMRND
 40
0.0
  9
$DIMDLE
 40
0.0
  9
$DIMEXE
 40
0.18
  9
$DIMTP
 40
0.0
  9
$DIMTM
 40
0.0
  9
$DIMTXT
 40
0.18
  9
$DIMCEN
 40
0.09
  9
$DIMTSZ
 40
0.0
  9
$DIMTOL
 70
     0
  9
$DIMLIM
 70
     0
  9
$DIMTIH
 70
     1
  9
$DIMTOH
 70
     1
  9
$DIMSE1
 70
     0
  9
$DIMSE2
 70
     0
  9
$DIMTAD
 70
     0
  9
$DIMZIN
 70
     0
  9
$DIMBLK
  1

  9
$DIMASO
 70
     1
  9
$DIMSHO
 70
     1
  9
$DIMPOST
  1

  9
$DIMAPOST
  1

  9
$DIMALT
 70
     0
  9
$DIMALTD
 70
     2
  9
$DIMALTF
 40
25.4
  9
$DIMLFAC
 40
1.0
  9
$DIMTOFL
 70
     0
  9
$DIMTVP
 40
0.0
  9
$DIMTIX
 70
     0
  9
$DIMSOXD
 70
     0
  9
$DIMSAH
 70
     0
  9
$DIMBLK1
  1

  9
$DIMBLK2
  1

  9
$DIMSTYLE
  2
STANDARD
  9
$DIMCLRD
 70
     0
  9
$DIMCLRE
 70
     0
  9
$DIMCLRT
 70
     0
  9
$DIMTFAC
 40
1.0
  9
$DIMGAP
 40
0.09
  9
$LUNITS
 70
     2
  9
$LUPREC
 70
     4
  9
$SKETCHINC
 40
0.1
  9
$FILLETRAD
 40
0.0
  9
$AUNITS
 70
     0
  9
$AUPREC
 70
     0
  9
$MENU
  1
.
  9
$ELEVATION
 40
0.0
  9
$PELEVATION
 40
0.0
  9
$THICKNESS
 40
0.0
  9
$LIMCHECK
 70
     0
  9
$CHAMFERA
 40
0.0
  9
$CHAMFERB
 40
0.0
  9
$SKPOLY
 70
     0
  9
$TDCREATE
 40
2454910.5
  9
$TDUPDATE
 40
2460912.669227014
  9
$TDINDWG
 40
0.0000000116
  9
$TDUSRTIMER
 40
0.0000000116
  9
$USRTIMER
 70
     1
  9
$ANGBASE
 50
0.0
  9
$ANGDIR
 70
     0
  9
$PDMODE
 70
     0
  9
$PDSIZE
 40
0.0
  9
$PLINEWID
 40
0.0
  9
$COORDS
 70
     1
  9
$SPLFRAME
 70
     0
  9
$SPLINETYPE
 70
     6
  9
$SPLINESEGS
 70
     8
  9
$ATTDIA
 70
     0
  9
$ATTREQ
 70
     1
  9
$HANDLING
 70
     1
  9
$HANDSEED
  5
E6B
  9
$SURFTAB1
 70
     6
  9
$SURFTAB2
 70
     6
  9
$SURFTYPE
 70
     6
  9
$SURFU
 70
     6
  9
$SURFV
 70
     6
  9
$UCSNAME
  2

  9
$UCSORG
 10
0.0
 20
0.0
 30
0.0
  9
$UCSXDIR
 10
1.0
 20
0.0
 30
0.0
  9
$UCSYDIR
 10
0.0
 20
1.0
 30
0.0
  9
$PUCSNAME
  2

  9
$PUCSORG
 10
0.0
 20
0.0
 30
0.0
  9
$PUCSXDIR
 10
1.0
 20
0.0
 30
0.0
  9
$PUCSYDIR
 10
0.0
 20
1.0
 30
0.0
  9
$USERI1
 70
     0
  9
$USERI2
 70
     0
  9
$USERI3
 70
     0
  9
$USERI4
 70
     0
  9
$USERI5
 70
     0
  9
$USERR1
 40
0.0
  9
$USERR2
 40
0.0
  9
$USERR3
 40
0.0
  9
$USERR4
 40
0.0
  9
$USERR5
 40
0.0
  9
$WORLDVIEW
 70
     1
  9
$SHADEDGE
 70
     3
  9
$SHADEDIF
 70
    70
  9
$TILEMODE
 70
     1
  9
$MAXACTVP
 70
    64
  9
$PLIMCHECK
 70
     0
  9
$PEXTMIN
 10
1.000000000000000E+20
 20
1.000000000000000E+20
 30
1.000000000000000E+20
  9
$PEXTMAX
 10
-1.000000000000000E+20
 20
-1.000000000000000E+20
 30
-1.000000000000000E+20
  9
$PLIMMIN
 10
0.0
 20
0.0
  9
$PLIMMAX
 10
12.0
 20
9.0
  9
$UNITMODE
 70
     0
  9
$VISRETAIN
 70
     1
  9
$PLINEGEN
 70
     0
  9
$PSLTSCALE
 70
     1
  0
ENDSEC
  0
SECTION
  2
TABLES
  0
TABLE
  2
VPORT
 70
     1
  0
VPORT
  2
*ACTIVE
 70
     0
 10
0.0
 20
0.0
 11
1.0
 21
1.0
 12
10.42990654205607
 22
4.5
 13
0.0
 23
0.0
 14
0.5
 24
0.5
 15
0.5
 25
0.5
 16
0.0
 26
0.0
 36
1.0
 17
0.0
 27
0.0
 37
0.0
 40
9.0
 41
1.972972972850329
 42
50.0
 43
0.0
 44
0.0
 50
0.0
 51
0.0
 71
     0
 72
   100
 73
     1
 74
     3
 75
     0
 76
     0
 77
     0
 78
     0
  0
ENDTAB
  0
TABLE
  2
LTYPE
 70
     2
  0
LTYPE
  2
CONTINUOUS
 70
     0
  3
Solid line
 72
    65
 73
     0
 40
0.0
  0
LTYPE
  2
CONTINUOUS2
 70
     0
  3
Solid Line
 72
    65
 73
     0
 40
0.0
  0
ENDTAB
  0
TABLE
  2
LAYER
 70
     5
  0
LAYER
  2
0
 70
     0
 62
     7
  6
CONTINUOUS
  0
LAYER
  2
_ENGRAVING
 70
     0
 62
   105
  6
CONTINUOUS
  0
LAYER
  2
_BACKPANEL
 70
     0
 62
     5
  6
CONTINUOUS
  0
LAYER
  2
_TOPLAYER
 70
     0
 62
     1
  6
CONTINUOUS
  0
LAYER
  2
_LABELS
 70
     0
 62
    30
  6
CONTINUOUS
  0
ENDTAB
  0
TABLE
  2
STYLE
 70
     1
  0
STYLE
  2
STANDARD
 70
     0
 40
0.0
 41
1.0
 50
0.0
 71
     0
 42
0.2
  3
txt
  4

  0
ENDTAB
  0
TABLE
  2
VIEW
 70
     0
  0
ENDTAB
  0
TABLE
  2
UCS
 70
     0
  0
ENDTAB
  0
TABLE
  2
APPID
 70
     1
  0
APPID
  2
ACAD
 70
     0
  0
ENDTAB
  0
TABLE
  2
DIMSTYLE
 70
     1
  0
DIMSTYLE
  2
STANDARD
 70
     0
  3

  4

  5

  6

  7

 40
1.0
 41
0.18
 42
0.0625
 43
0.38
 44
0.18
 45
0.0
 46
0.0
 47
0.0
 48
0.0
140
0.18
141
0.09
142
0.0
143
25.4
144
1.0
145
0.0
146
1.0
147
0.09
 71
     0
 72
     0
 73
     1
 74
     1
 75
     0
 76
     0
 77
     0
 78
     0
170
     0
171
     2
172
     0
173
     0
174
     0
175
     0
176
     0
177
     0
178
     0
  0
ENDTAB
  0
ENDSEC
  0
SECTION
  2
BLOCKS
  0
BLOCK
  8
0
  2
$MODEL_SPACE
 70
     0
 10
0.0
 20
0.0
 30
0.0
  3
$MODEL_SPACE
  1

  0
ENDBLK
  5
21
  8
0
  0
BLOCK
 67
     1
  8
0
  2
$PAPER_SPACE
 70
     0
 10
0.0
 20
0.0
 30
0.0
  3
$PAPER_SPACE
  1

  0
ENDBLK
  5
1D
 67
     1
  8
0
  0
ENDSEC
  0
SECTION
  2
ENTITIES
  0
POLYLINE
  5
60
  8
_ENGRAVING
 66
     1
 10
0.0
 20
0.0
 30
0.0
 70
     1
  0
VERTEX
  5
A5
  8
_ENGRAVING
 10
261.3346014170501
 20
652.075661047039
 30
0.0
  0
VERTEX
  5
A6
  8
_ENGRAVING
 10
281.5505618130896
 20
652.075661047039
 30
0.0
  0
VERTEX
  5
A7
  8
_ENGRAVING
 10
281.6676504080361
 20
652.0697865078243
 30
0.0
  0
VERTEX
  5
A8
  8
_ENGRAVING
 10
281.7812826008179
 20
652.0525398300102
 30
0.0
  0
VERTEX
  5
A9
  8
_ENGRAVING
 10
281.8908929816894
 20
652.0244864233421
 30
0.0
  0
VERTEX
  5
AA
  8
_ENGRAVING
 10
281.9959161409053
 20
651.9861916975651
 30
0.0
  0
VERTEX
  5
AB
  8
_ENGRAVING
 10
282.0957866687204
 20
651.9382210624246
 30
0.0
  0
VERTEX
  5
AC
  8
_ENGRAVING
 10
282.1899391553893
 20
651.8811399276663
 30
0.0
  0
VERTEX
  5
AD
  8
_ENGRAVING
 10
282.2778081911668
 20
651.8155137030352
 30
0.0
  0
VERTEX
  5
AE
  8
_ENGRAVING
 10
282.3588283663075
 20
651.7419077982767
 30
0.0
  0
VERTEX
  5
AF
  8
_ENGRAVING
 10
282.4324342710661
 20
651.660887623136
 30
0.0
  0
VERTEX
  5
B0
  8
_ENGRAVING
 10
282.4980604956972
 20
651.5730185873585
 30
0.0
  0
VERTEX
  5
B1
  8
_ENGRAVING
 10
282.5551416304556
 20
651.4788661006895
 30
0.0
  0
VERTEX
  5
B2
  8
_ENGRAVING
 10
282.6031122655959
 20
651.3789955728744
 30
0.0
  0
VERTEX
  5
B3
  8
_ENGRAVING
 10
282.6414069913728
 20
651.2739724136584
 30
0.0
  0
VERTEX
  5
B4
  8
_ENGRAVING
 10
282.669460398041
 20
651.164362032787
 30
0.0
  0
VERTEX
  5
B5
  8
_ENGRAVING
 10
282.6867070758551
 20
651.0507298400054
 30
0.0
  0
VERTEX
  5
B6
  8
_ENGRAVING
 10
282.6925816150699
 20
650.9336412450588
 30
0.0
  0
VERTEX
  5
B7
  8
_ENGRAVING
 10
282.6925816150699
 20
630.7176808490191
 30
0.0
  0
VERTEX
  5
B8
  8
_ENGRAVING
 10
282.6867070758551
 20
630.6005940896595
 30
0.0
  0
VERTEX
  5
B9
  8
_ENGRAVING
 10
282.669460398041
 20
630.4869632592913
 30
0.0
  0
VERTEX
  5
BA
  8
_ENGRAVING
 10
282.6414069913728
 20
630.3773538166088
 30
0.0
  0
VERTEX
  5
BB
  8
_ENGRAVING
 10
282.6031122655959
 20
630.2723312203062
 30
0.0
  0
VERTEX
  5
BC
  8
_ENGRAVING
 10
282.5551416304556
 20
630.1724609290779
 30
0.0
  0
VERTEX
  5
BD
  8
_ENGRAVING
 10
282.4980604956972
 20
630.0783084016182
 30
0.0
  0
VERTEX
  5
BE
  8
_ENGRAVING
 10
282.4324342710661
 20
629.9904390966212
 30
0.0
  0
VERTEX
  5
BF
  8
_ENGRAVING
 10
282.3588283663075
 20
629.9094184727815
 30
0.0
  0
VERTEX
  5
C0
  8
_ENGRAVING
 10
282.2778081911668
 20
629.8358119887932
 30
0.0
  0
VERTEX
  5
C1
  8
_ENGRAVING
 10
282.1899391553893
 20
629.7701851033507
 30
0.0
  0
VERTEX
  5
C2
  8
_ENGRAVING
 10
282.0957866687204
 20
629.7131032751483
 30
0.0
  0
VERTEX
  5
C3
  8
_ENGRAVING
 10
281.9959161409053
 20
629.6651319628805
 30
0.0
  0
VERTEX
  5
C4
  8
_ENGRAVING
 10
281.8908929816894
 20
629.6268366252414
 30
0.0
  0
VERTEX
  5
C5
  8
_ENGRAVING
 10
281.7812826008179
 20
629.5987827209251
 30
0.0
  0
VERTEX
  5
C6
  8
_ENGRAVING
 10
281.6676504080361
 20
629.5815357086262
 30
0.0
  0
VERTEX
  5
C7
  8
_ENGRAVING
 10
281.5505618130896
 20
629.575661047039
 30
0.0
  0
VERTEX
  5
C8
  8
_ENGRAVING
 10
261.3346014170501
 20
629.575661047039
 30
0.0
  0
VERTEX
  5
C9
  8
_ENGRAVING
 10
261.2175128221036
 20
629.5815357086262
 30
0.0
  0
VERTEX
  5
CA
  8
_ENGRAVING
 10
261.1038806293218
 20
629.5987827209251
 30
0.0
  0
VERTEX
  5
CB
  8
_ENGRAVING
 10
260.9942702484503
 20
629.6268366252414
 30
0.0
  0
VERTEX
  5
CC
  8
_ENGRAVING
 10
260.8892470892345
 20
629.6651319628805
 30
0.0
  0
VERTEX
  5
CD
  8
_ENGRAVING
 10
260.7893765614194
 20
629.7131032751483
 30
0.0
  0
VERTEX
  5
CE
  8
_ENGRAVING
 10
260.6952240747505
 20
629.7701851033507
 30
0.0
  0
VERTEX
  5
CF
  8
_ENGRAVING
 10
260.607355038973
 20
629.8358119887932
 30
0.0
  0
VERTEX
  5
D0
  8
_ENGRAVING
 10
260.5263348638323
 20
629.9094184727815
 30
0.0
  0
VERTEX
  5
D1
  8
_ENGRAVING
 10
260.4527289590737
 20
629.9904390966212
 30
0.0
  0
VERTEX
  5
D2
  8
_ENGRAVING
 10
260.3871027344426
 20
630.0783084016182
 30
0.0
  0
VERTEX
  5
D3
  8
_ENGRAVING
 10
260.3300215996842
 20
630.1724609290779
 30
0.0
  0
VERTEX
  5
D4
  8
_ENGRAVING
 10
260.2820509645439
 20
630.2723312203062
 30
0.0
  0
VERTEX
  5
D5
  8
_ENGRAVING
 10
260.243756238767
 20
630.3773538166088
 30
0.0
  0
VERTEX
  5
D6
  8
_ENGRAVING
 10
260.2157028320988
 20
630.4869632592913
 30
0.0
  0
VERTEX
  5
D7
  8
_ENGRAVING
 10
260.1984561542847
 20
630.6005940896595
 30
0.0
  0
VERTEX
  5
D8
  8
_ENGRAVING
 10
260.1925816150699
 20
630.7176808490191
 30
0.0
  0
VERTEX
  5
D9
  8
_ENGRAVING
 10
260.1925816150699
 20
650.9336412450588
 30
0.0
  0
VERTEX
  5
DA
  8
_ENGRAVING
 10
260.1984561542847
 20
651.0507298400054
 30
0.0
  0
VERTEX
  5
DB
  8
_ENGRAVING
 10
260.2157028320988
 20
651.164362032787
 30
0.0
  0
VERTEX
  5
DC
  8
_ENGRAVING
 10
260.243756238767
 20
651.2739724136584
 30
0.0
  0
VERTEX
  5
DD
  8
_ENGRAVING
 10
260.2820509645439
 20
651.3789955728744
 30
0.0
  0
VERTEX
  5
DE
  8
_ENGRAVING
 10
260.3300215996842
 20
651.4788661006895
 30
0.0
  0
VERTEX
  5
DF
  8
_ENGRAVING
 10
260.3871027344426
 20
651.5730185873585
 30
0.0
  0
VERTEX
  5
E0
  8
_ENGRAVING
 10
260.4527289590737
 20
651.660887623136
 30
0.0
  0
VERTEX
  5
E1
  8
_ENGRAVING
 10
260.5263348638323
 20
651.7419077982767
 30
0.0
  0
VERTEX
  5
E2
  8
_ENGRAVING
 10
260.607355038973
 20
651.8155137030352
 30
0.0
  0
VERTEX
  5
E3
  8
_ENGRAVING
 10
260.6952240747505
 20
651.8811399276663
 30
0.0
  0
VERTEX
  5
E4
  8
_ENGRAVING
 10
260.7893765614194
 20
651.9382210624246
 30
0.0
  0
VERTEX
  5
E5
  8
_ENGRAVING
 10
260.8892470892345
 20
651.9861916975651
 30
0.0
  0
VERTEX
  5
E6
  8
_ENGRAVING
 10
260.9942702484503
 20
652.0244864233421
 30
0.0
  0
VERTEX
  5
E7
  8
_ENGRAVING
 10
261.1038806293218
 20
652.0525398300102
 30
0.0
  0
VERTEX
  5
E8
  8
_ENGRAVING
 10
261.2175128221036
 20
652.0697865078243
 30
0.0
  0
SEQEND
  5
E30
  8
_ENGRAVING
  0
POLYLINE
  5
61
  8
_ENGRAVING
 66
     1
 10
0.0
 20
0.0
 30
0.0
 70
     1
  0
VERTEX
  5
E9
  8
_ENGRAVING
 10
260.9265756348926
 20
652.5539501902336
 30
0.0
  0
VERTEX
  5
EA
  8
_ENGRAVING
 10
282.0020093088584
 20
652.5539501902336
 30
0.0
  0
VERTEX
  5
EB
  8
_ENGRAVING
 10
282.1240758774721
 20
652.5478258973899
 30
0.0
  0
VERTEX
  5
EC
  8
_ENGRAVING
 10
282.2425390963982
 20
652.5298459841308
 30
0.0
  0
VERTEX
  5
ED
  8
_ENGRAVING
 10
282.3568095177276
 20
652.5005998983657
 30
0.0
  0
VERTEX
  5
EE
  8
_ENGRAVING
 10
282.4662976935513
 20
652.4606770880039
 30
0.0
  0
VERTEX
  5
EF
  8
_ENGRAVING
 10
282.5704141759601
 20
652.4106670009543
 30
0.0
  0
VERTEX
  5
F0
  8
_ENGRAVING
 10
282.6685695170449
 20
652.351159085126
 30
0.0
  0
VERTEX
  5
F1
  8
_ENGRAVING
 10
282.7601742688967
 20
652.2827427884283
 30
0.0
  0
VERTEX
  5
F2
  8
_ENGRAVING
 10
282.8446389836062
 20
652.2060075587701
 30
0.0
  0
VERTEX
  5
F3
  8
_ENGRAVING
 10
282.9213742132644
 20
652.1215428440605
 30
0.0
  0
VERTEX
  5
F4
  8
_ENGRAVING
 10
282.9897905099622
 20
652.0299380922088
 30
0.0
  0
VERTEX
  5
F5
  8
_ENGRAVING
 10
283.0492984257904
 20
651.9317827511239
 30
0.0
  0
VERTEX
  5
F6
  8
_ENGRAVING
 10
283.09930851284
 20
651.8276662687151
 30
0.0
  0
VERTEX
  5
F7
  8
_ENGRAVING
 10
283.1392313232019
 20
651.7181780928913
 30
0.0
  0
VERTEX
  5
F8
  8
_ENGRAVING
 10
283.1684774089669
 20
651.603907671562
 30
0.0
  0
VERTEX
  5
F9
  8
_ENGRAVING
 10
283.1864573222259
 20
651.4854444526359
 30
0.0
  0
VERTEX
  5
FA
  8
_ENGRAVING
 10
283.1925816150698
 20
651.3633778840223
 30
0.0
  0
VERTEX
  5
FB
  8
_ENGRAVING
 10
283.1925816150698
 20
630.2879442100556
 30
0.0
  0
VERTEX
  5
FC
  8
_ENGRAVING
 10
283.1864573222259
 20
630.1658795550682
 30
0.0
  0
VERTEX
  5
FD
  8
_ENGRAVING
 10
283.1684774089669
 20
630.047417756478
 30
0.0
  0
VERTEX
  5
FE
  8
_ENGRAVING
 10
283.1392313232019
 20
629.9331483132241
 30
0.0
  0
VERTEX
  5
FF
  8
_ENGRAVING
 10
283.09930851284
 20
629.8236607242459
 30
0.0
  0
VERTEX
  5
100
  8
_ENGRAVING
 10
283.0492984257904
 20
629.7195444884821
 30
0.0
  0
VERTEX
  5
101
  8
_ENGRAVING
 10
282.9897905099622
 20
629.6213891048724
 30
0.0
  0
VERTEX
  5
102
  8
_ENGRAVING
 10
282.9213742132644
 20
629.5297840723554
 30
0.0
  0
VERTEX
  5
103
  8
_ENGRAVING
 10
282.8446389836062
 20
629.4453188898706
 30
0.0
  0
VERTEX
  5
104
  8
_ENGRAVING
 10
282.7601742688967
 20
629.368583056357
 30
0.0
  0
VERTEX
  5
105
  8
_ENGRAVING
 10
282.6685695170449
 20
629.3001660707538
 30
0.0
  0
VERTEX
  5
106
  8
_ENGRAVING
 10
282.5704141759601
 20
629.240657432
 30
0.0
  0
VERTEX
  5
107
  8
_ENGRAVING
 10
282.4662976935513
 20
629.190646639035
 30
0.0
  0
VERTEX
  5
108
  8
_ENGRAVING
 10
282.3568095177276
 20
629.1507231907976
 30
0.0
  0
VERTEX
  5
109
  8
_ENGRAVING
 10
282.2425390963982
 20
629.1214765862273
 30
0.0
  0
VERTEX
  5
10A
  8
_ENGRAVING
 10
282.1240758774721
 20
629.1034963242631
 30
0.0
  0
VERTEX
  5
10B
  8
_ENGRAVING
 10
282.0020093088584
 20
629.0973719038442
 30
0.0
  0
VERTEX
  5
10C
  8
_ENGRAVING
 10
260.9265756348925
 20
629.0973719038442
 30
0.0
  0
VERTEX
  5
10D
  8
_ENGRAVING
 10
260.8045090662789
 20
629.1034963242631
 30
0.0
  0
VERTEX
  5
10E
  8
_ENGRAVING
 10
260.6860458473528
 20
629.1214765862273
 30
0.0
  0
VERTEX
  5
10F
  8
_ENGRAVING
 10
260.5717754260234
 20
629.1507231907976
 30
0.0
  0
VERTEX
  5
110
  8
_ENGRAVING
 10
260.4622872501997
 20
629.190646639035
 30
0.0
  0
VERTEX
  5
111
  8
_ENGRAVING
 10
260.358170767791
 20
629.240657432
 30
0.0
  0
VERTEX
  5
112
  8
_ENGRAVING
 10
260.2600154267061
 20
629.3001660707538
 30
0.0
  0
VERTEX
  5
113
  8
_ENGRAVING
 10
260.1684106748544
 20
629.368583056357
 30
0.0
  0
VERTEX
  5
114
  8
_ENGRAVING
 10
260.0839459601449
 20
629.4453188898706
 30
0.0
  0
VERTEX
  5
115
  8
_ENGRAVING
 10
260.0072107304867
 20
629.5297840723554
 30
0.0
  0
VERTEX
  5
116
  8
_ENGRAVING
 10
259.9387944337889
 20
629.6213891048724
 30
0.0
  0
VERTEX
  5
117
  8
_ENGRAVING
 10
259.8792865179606
 20
629.7195444884821
 30
0.0
  0
VERTEX
  5
118
  8
_ENGRAVING
 10
259.829276430911
 20
629.8236607242459
 30
0.0
  0
VERTEX
  5
119
  8
_ENGRAVING
 10
259.7893536205492
 20
629.9331483132241
 30
0.0
  0
VERTEX
  5
11A
  8
_ENGRAVING
 10
259.7601075347842
 20
630.047417756478
 30
0.0
  0
VERTEX
  5
11B
  8
_ENGRAVING
 10
259.7421276215252
 20
630.1658795550682
 30
0.0
  0
VERTEX
  5
11C
  8
_ENGRAVING
 10
259.7360033286812
 20
630.2879442100556
 30
0.0
  0
VERTEX
  5
11D
  8
_ENGRAVING
 10
259.7360033286812
 20
651.3633778840223
 30
0.0
  0
VERTEX
  5
11E
  8
_ENGRAVING
 10
259.7421276215252
 20
651.4854444526359
 30
0.0
  0
VERTEX
  5
11F
  8
_ENGRAVING
 10
259.7601075347842
 20
651.603907671562
 30
0.0
  0
VERTEX
  5
120
  8
_ENGRAVING
 10
259.7893536205492
 20
651.7181780928913
 30
0.0
  0
VERTEX
  5
121
  8
_ENGRAVING
 10
259.829276430911
 20
651.8276662687151
 30
0.0
  0
VERTEX
  5
122
  8
_ENGRAVING
 10
259.8792865179606
 20
651.9317827511239
 30
0.0
  0
VERTEX
  5
123
  8
_ENGRAVING
 10
259.9387944337889
 20
652.0299380922088
 30
0.0
  0
VERTEX
  5
124
  8
_ENGRAVING
 10
260.0072107304867
 20
652.1215428440605
 30
0.0
  0
VERTEX
  5
125
  8
_ENGRAVING
 10
260.0839459601449
 20
652.2060075587701
 30
0.0
  0
VERTEX
  5
126
  8
_ENGRAVING
 10
260.1684106748544
 20
652.2827427884283
 30
0.0
  0
VERTEX
  5
127
  8
_ENGRAVING
 10
260.2600154267061
 20
652.351159085126
 30
0.0
  0
VERTEX
  5
128
  8
_ENGRAVING
 10
260.358170767791
 20
652.4106670009543
 30
0.0
  0
VERTEX
  5
129
  8
_ENGRAVING
 10
260.4622872501998
 20
652.4606770880039
 30
0.0
  0
VERTEX
  5
12A
  8
_ENGRAVING
 10
260.5717754260235
 20
652.5005998983657
 30
0.0
  0
VERTEX
  5
12B
  8
_ENGRAVING
 10
260.6860458473528
 20
652.5298459841308
 30
0.0
  0
VERTEX
  5
12C
  8
_ENGRAVING
 10
260.804509066279
 20
652.5478258973899
 30
0.0
  0
SEQEND
  5
E31
  8
_ENGRAVING
  0
POLYLINE
  5
62
  8
_ENGRAVING
 66
     1
 10
0.0
 20
0.0
 30
0.0
 70
     1
  0
VERTEX
  5
12D
  8
_ENGRAVING
 10
322.6332897746003
 20
652.0756610470388
 30
0.0
  0
VERTEX
  5
12E
  8
_ENGRAVING
 10
342.8492501706398
 20
652.0756610470388
 30
0.0
  0
VERTEX
  5
12F
  8
_ENGRAVING
 10
342.9663387655863
 20
652.0697865078241
 30
0.0
  0
VERTEX
  5
130
  8
_ENGRAVING
 10
343.0799709583681
 20
652.05253983001
 30
0.0
  0
VERTEX
  5
131
  8
_ENGRAVING
 10
343.1895813392396
 20
652.0244864233418
 30
0.0
  0
VERTEX
  5
132
  8
_ENGRAVING
 10
343.2946044984554
 20
651.9861916975649
 30
0.0
  0
VERTEX
  5
133
  8
_ENGRAVING
 10
343.3944750262706
 20
651.9382210624246
 30
0.0
  0
VERTEX
  5
134
  8
_ENGRAVING
 10
343.4886275129395
 20
651.8811399276663
 30
0.0
  0
VERTEX
  5
135
  8
_ENGRAVING
 10
343.576496548717
 20
651.8155137030351
 30
0.0
  0
VERTEX
  5
136
  8
_ENGRAVING
 10
343.6575167238577
 20
651.7419077982765
 30
0.0
  0
VERTEX
  5
137
  8
_ENGRAVING
 10
343.7311226286163
 20
651.6608876231359
 30
0.0
  0
VERTEX
  5
138
  8
_ENGRAVING
 10
343.7967488532474
 20
651.5730185873583
 30
0.0
  0
VERTEX
  5
139
  8
_ENGRAVING
 10
343.8538299880058
 20
651.4788661006894
 30
0.0
  0
VERTEX
  5
13A
  8
_ENGRAVING
 10
343.9018006231461
 20
651.3789955728744
 30
0.0
  0
VERTEX
  5
13B
  8
_ENGRAVING
 10
343.940095348923
 20
651.2739724136584
 30
0.0
  0
VERTEX
  5
13C
  8
_ENGRAVING
 10
343.9681487555912
 20
651.164362032787
 30
0.0
  0
VERTEX
  5
13D
  8
_ENGRAVING
 10
343.9853954334053
 20
651.0507298400054
 30
0.0
  0
VERTEX
  5
13E
  8
_ENGRAVING
 10
343.9912699726201
 20
650.9336412450588
 30
0.0
  0
VERTEX
  5
13F
  8
_ENGRAVING
 10
343.9912699726201
 20
630.7176808490191
 30
0.0
  0
VERTEX
  5
140
  8
_ENGRAVING
 10
343.9853954334053
 20
630.6005940896595
 30
0.0
  0
VERTEX
  5
141
  8
_ENGRAVING
 10
343.9681487555912
 20
630.4869632592913
 30
0.0
  0
VERTEX
  5
142
  8
_ENGRAVING
 10
343.940095348923
 20
630.3773538166088
 30
0.0
  0
VERTEX
  5
143
  8
_ENGRAVING
 10
343.9018006231461
 20
630.2723312203061
 30
0.0
  0
VERTEX
  5
144
  8
_ENGRAVING
 10
343.8538299880058
 20
630.1724609290778
 30
0.0
  0
VERTEX
  5
145
  8
_ENGRAVING
 10
343.7967488532474
 20
630.0783084016181
 30
0.0
  0
VERTEX
  5
146
  8
_ENGRAVING
 10
343.7311226286163
 20
629.9904390966212
 30
0.0
  0
VERTEX
  5
147
  8
_ENGRAVING
 10
343.6575167238577
 20
629.9094184727815
 30
0.0
  0
VERTEX
  5
148
  8
_ENGRAVING
 10
343.576496548717
 20
629.8358119887932
 30
0.0
  0
VERTEX
  5
149
  8
_ENGRAVING
 10
343.4886275129395
 20
629.7701851033507
 30
0.0
  0
VERTEX
  5
14A
  8
_ENGRAVING
 10
343.3944750262706
 20
629.7131032751483
 30
0.0
  0
VERTEX
  5
14B
  8
_ENGRAVING
 10
343.2946044984554
 20
629.6651319628804
 30
0.0
  0
VERTEX
  5
14C
  8
_ENGRAVING
 10
343.1895813392396
 20
629.6268366252411
 30
0.0
  0
VERTEX
  5
14D
  8
_ENGRAVING
 10
343.0799709583681
 20
629.5987827209249
 30
0.0
  0
VERTEX
  5
14E
  8
_ENGRAVING
 10
342.9663387655863
 20
629.581535708626
 30
0.0
  0
VERTEX
  5
14F
  8
_ENGRAVING
 10
342.8492501706398
 20
629.5756610470388
 30
0.0
  0
VERTEX
  5
150
  8
_ENGRAVING
 10
322.6332897746003
 20
629.5756610470388
 30
0.0
  0
VERTEX
  5
151
  8
_ENGRAVING
 10
322.5162011796538
 20
629.581535708626
 30
0.0
  0
VERTEX
  5
152
  8
_ENGRAVING
 10
322.402568986872
 20
629.5987827209249
 30
0.0
  0
VERTEX
  5
153
  8
_ENGRAVING
 10
322.2929586060005
 20
629.6268366252411
 30
0.0
  0
VERTEX
  5
154
  8
_ENGRAVING
 10
322.1879354467846
 20
629.6651319628804
 30
0.0
  0
VERTEX
  5
155
  8
_ENGRAVING
 10
322.0880649189696
 20
629.7131032751483
 30
0.0
  0
VERTEX
  5
156
  8
_ENGRAVING
 10
321.9939124323006
 20
629.7701851033507
 30
0.0
  0
VERTEX
  5
157
  8
_ENGRAVING
 10
321.9060433965232
 20
629.8358119887932
 30
0.0
  0
VERTEX
  5
158
  8
_ENGRAVING
 10
321.8250232213825
 20
629.9094184727815
 30
0.0
  0
VERTEX
  5
159
  8
_ENGRAVING
 10
321.7514173166239
 20
629.9904390966212
 30
0.0
  0
VERTEX
  5
15A
  8
_ENGRAVING
 10
321.6857910919928
 20
630.0783084016181
 30
0.0
  0
VERTEX
  5
15B
  8
_ENGRAVING
 10
321.6287099572344
 20
630.1724609290778
 30
0.0
  0
VERTEX
  5
15C
  8
_ENGRAVING
 10
321.5807393220941
 20
630.2723312203061
 30
0.0
  0
VERTEX
  5
15D
  8
_ENGRAVING
 10
321.5424445963172
 20
630.3773538166088
 30
0.0
  0
VERTEX
  5
15E
  8
_ENGRAVING
 10
321.514391189649
 20
630.4869632592913
 30
0.0
  0
VERTEX
  5
15F
  8
_ENGRAVING
 10
321.4971445118349
 20
630.6005940896595
 30
0.0
  0
VERTEX
  5
160
  8
_ENGRAVING
 10
321.4912699726201
 20
630.7176808490191
 30
0.0
  0
VERTEX
  5
161
  8
_ENGRAVING
 10
321.4912699726201
 20
650.9336412450588
 30
0.0
  0
VERTEX
  5
162
  8
_ENGRAVING
 10
321.4971445118349
 20
651.0507298400054
 30
0.0
  0
VERTEX
  5
163
  8
_ENGRAVING
 10
321.514391189649
 20
651.164362032787
 30
0.0
  0
VERTEX
  5
164
  8
_ENGRAVING
 10
321.5424445963172
 20
651.2739724136584
 30
0.0
  0
VERTEX
  5
165
  8
_ENGRAVING
 10
321.5807393220941
 20
651.3789955728744
 30
0.0
  0
VERTEX
  5
166
  8
_ENGRAVING
 10
321.6287099572344
 20
651.4788661006894
 30
0.0
  0
VERTEX
  5
167
  8
_ENGRAVING
 10
321.6857910919928
 20
651.5730185873583
 30
0.0
  0
VERTEX
  5
168
  8
_ENGRAVING
 10
321.7514173166239
 20
651.6608876231359
 30
0.0
  0
VERTEX
  5
169
  8
_ENGRAVING
 10
321.8250232213825
 20
651.7419077982765
 30
0.0
  0
VERTEX
  5
16A
  8
_ENGRAVING
 10
321.9060433965232
 20
651.8155137030351
 30
0.0
  0
VERTEX
  5
16B
  8
_ENGRAVING
 10
321.9939124323006
 20
651.8811399276663
 30
0.0
  0
VERTEX
  5
16C
  8
_ENGRAVING
 10
322.0880649189696
 20
651.9382210624246
 30
0.0
  0
VERTEX
  5
16D
  8
_ENGRAVING
 10
322.1879354467847
 20
651.9861916975649
 30
0.0
  0
VERTEX
  5
16E
  8
_ENGRAVING
 10
322.2929586060006
 20
652.0244864233418
 30
0.0
  0
VERTEX
  5
16F
  8
_ENGRAVING
 10
322.4025689868721
 20
652.05253983001
 30
0.0
  0
VERTEX
  5
170
  8
_ENGRAVING
 10
322.5162011796538
 20
652.0697865078241
 30
0.0
  0
SEQEND
  5
E32
  8
_ENGRAVING
  0
POLYLINE
  5
63
  8
_ENGRAVING
 66
     1
 10
0.0
 20
0.0
 30
0.0
 70
     1
  0
VERTEX
  5
171
  8
_ENGRAVING
 10
322.2252639924428
 20
652.5539501902336
 30
0.0
  0
VERTEX
  5
172
  8
_ENGRAVING
 10
343.3006976664087
 20
652.5539501902336
 30
0.0
  0
VERTEX
  5
173
  8
_ENGRAVING
 10
343.4227642350223
 20
652.5478258973899
 30
0.0
  0
VERTEX
  5
174
  8
_ENGRAVING
 10
343.5412274539484
 20
652.5298459841308
 30
0.0
  0
VERTEX
  5
175
  8
_ENGRAVING
 10
343.6554978752779
 20
652.5005998983657
 30
0.0
  0
VERTEX
  5
176
  8
_ENGRAVING
 10
343.7649860511016
 20
652.4606770880039
 30
0.0
  0
VERTEX
  5
177
  8
_ENGRAVING
 10
343.8691025335104
 20
652.4106670009543
 30
0.0
  0
VERTEX
  5
178
  8
_ENGRAVING
 10
343.9672578745952
 20
652.351159085126
 30
0.0
  0
VERTEX
  5
179
  8
_ENGRAVING
 10
344.058862626447
 20
652.2827427884283
 30
0.0
  0
VERTEX
  5
17A
  8
_ENGRAVING
 10
344.1433273411565
 20
652.2060075587701
 30
0.0
  0
VERTEX
  5
17B
  8
_ENGRAVING
 10
344.2200625708147
 20
652.1215428440605
 30
0.0
  0
VERTEX
  5
17C
  8
_ENGRAVING
 10
344.2884788675125
 20
652.0299380922088
 30
0.0
  0
VERTEX
  5
17D
  8
_ENGRAVING
 10
344.3479867833407
 20
651.9317827511239
 30
0.0
  0
VERTEX
  5
17E
  8
_ENGRAVING
 10
344.3979968703903
 20
651.8276662687151
 30
0.0
  0
VERTEX
  5
17F
  8
_ENGRAVING
 10
344.4379196807521
 20
651.7181780928913
 30
0.0
  0
VERTEX
  5
180
  8
_ENGRAVING
 10
344.4671657665172
 20
651.603907671562
 30
0.0
  0
VERTEX
  5
181
  8
_ENGRAVING
 10
344.4851456797762
 20
651.4854444526359
 30
0.0
  0
VERTEX
  5
182
  8
_ENGRAVING
 10
344.49126997262
 20
651.3633778840223
 30
0.0
  0
VERTEX
  5
183
  8
_ENGRAVING
 10
344.49126997262
 20
630.2879442100553
 30
0.0
  0
VERTEX
  5
184
  8
_ENGRAVING
 10
344.4851456797762
 20
630.1658795550679
 30
0.0
  0
VERTEX
  5
185
  8
_ENGRAVING
 10
344.4671657665172
 20
630.0474177564778
 30
0.0
  0
VERTEX
  5
186
  8
_ENGRAVING
 10
344.4379196807521
 20
629.9331483132239
 30
0.0
  0
VERTEX
  5
187
  8
_ENGRAVING
 10
344.3979968703903
 20
629.8236607242457
 30
0.0
  0
VERTEX
  5
188
  8
_ENGRAVING
 10
344.3479867833407
 20
629.719544488482
 30
0.0
  0
VERTEX
  5
189
  8
_ENGRAVING
 10
344.2884788675125
 20
629.6213891048723
 30
0.0
  0
VERTEX
  5
18A
  8
_ENGRAVING
 10
344.2200625708147
 20
629.5297840723554
 30
0.0
  0
VERTEX
  5
18B
  8
_ENGRAVING
 10
344.1433273411565
 20
629.4453188898705
 30
0.0
  0
VERTEX
  5
18C
  8
_ENGRAVING
 10
344.058862626447
 20
629.3685830563568
 30
0.0
  0
VERTEX
  5
18D
  8
_ENGRAVING
 10
343.9672578745952
 20
629.3001660707536
 30
0.0
  0
VERTEX
  5
18E
  8
_ENGRAVING
 10
343.8691025335104
 20
629.2406574319998
 30
0.0
  0
VERTEX
  5
18F
  8
_ENGRAVING
 10
343.7649860511016
 20
629.1906466390349
 30
0.0
  0
VERTEX
  5
190
  8
_ENGRAVING
 10
343.6554978752779
 20
629.1507231907976
 30
0.0
  0
VERTEX
  5
191
  8
_ENGRAVING
 10
343.5412274539484
 20
629.1214765862273
 30
0.0
  0
VERTEX
  5
192
  8
_ENGRAVING
 10
343.4227642350223
 20
629.1034963242631
 30
0.0
  0
VERTEX
  5
193
  8
_ENGRAVING
 10
343.3006976664087
 20
629.0973719038442
 30
0.0
  0
VERTEX
  5
194
  8
_ENGRAVING
 10
322.2252639924427
 20
629.0973719038442
 30
0.0
  0
VERTEX
  5
195
  8
_ENGRAVING
 10
322.1031974238291
 20
629.1034963242631
 30
0.0
  0
VERTEX
  5
196
  8
_ENGRAVING
 10
321.984734204903
 20
629.1214765862273
 30
0.0
  0
VERTEX
  5
197
  8
_ENGRAVING
 10
321.8704637835735
 20
629.1507231907976
 30
0.0
  0
VERTEX
  5
198
  8
_ENGRAVING
 10
321.7609756077499
 20
629.1906466390349
 30
0.0
  0
VERTEX
  5
199
  8
_ENGRAVING
 10
321.6568591253412
 20
629.2406574319998
 30
0.0
  0
VERTEX
  5
19A
  8
_ENGRAVING
 10
321.5587037842563
 20
629.3001660707536
 30
0.0
  0
VERTEX
  5
19B
  8
_ENGRAVING
 10
321.4670990324046
 20
629.3685830563568
 30
0.0
  0
VERTEX
  5
19C
  8
_ENGRAVING
 10
321.3826343176951
 20
629.4453188898705
 30
0.0
  0
VERTEX
  5
19D
  8
_ENGRAVING
 10
321.3058990880369
 20
629.5297840723554
 30
0.0
  0
VERTEX
  5
19E
  8
_ENGRAVING
 10
321.2374827913391
 20
629.6213891048723
 30
0.0
  0
VERTEX
  5
19F
  8
_ENGRAVING
 10
321.1779748755108
 20
629.719544488482
 30
0.0
  0
VERTEX
  5
1A0
  8
_ENGRAVING
 10
321.1279647884612
 20
629.8236607242457
 30
0.0
  0
VERTEX
  5
1A1
  8
_ENGRAVING
 10
321.0880419780993
 20
629.9331483132239
 30
0.0
  0
VERTEX
  5
1A2
  8
_ENGRAVING
 10
321.0587958923344
 20
630.0474177564778
 30
0.0
  0
VERTEX
  5
1A3
  8
_ENGRAVING
 10
321.0408159790754
 20
630.1658795550679
 30
0.0
  0
VERTEX
  5
1A4
  8
_ENGRAVING
 10
321.0346916862314
 20
630.2879442100553
 30
0.0
  0
VERTEX
  5
1A5
  8
_ENGRAVING
 10
321.0346916862314
 20
651.3633778840223
 30
0.0
  0
VERTEX
  5
1A6
  8
_ENGRAVING
 10
321.0408159790754
 20
651.4854444526359
 30
0.0
  0
VERTEX
  5
1A7
  8
_ENGRAVING
 10
321.0587958923344
 20
651.603907671562
 30
0.0
  0
VERTEX
  5
1A8
  8
_ENGRAVING
 10
321.0880419780993
 20
651.7181780928913
 30
0.0
  0
VERTEX
  5
1A9
  8
_ENGRAVING
 10
321.1279647884612
 20
651.8276662687151
 30
0.0
  0
VERTEX
  5
1AA
  8
_ENGRAVING
 10
321.1779748755108
 20
651.9317827511239
 30
0.0
  0
VERTEX
  5
1AB
  8
_ENGRAVING
 10
321.2374827913391
 20
652.0299380922088
 30
0.0
  0
VERTEX
  5
1AC
  8
_ENGRAVING
 10
321.3058990880369
 20
652.1215428440605
 30
0.0
  0
VERTEX
  5
1AD
  8
_ENGRAVING
 10
321.3826343176951
 20
652.2060075587701
 30
0.0
  0
VERTEX
  5
1AE
  8
_ENGRAVING
 10
321.4670990324046
 20
652.2827427884283
 30
0.0
  0
VERTEX
  5
1AF
  8
_ENGRAVING
 10
321.5587037842563
 20
652.351159085126
 30
0.0
  0
VERTEX
  5
1B0
  8
_ENGRAVING
 10
321.6568591253412
 20
652.4106670009543
 30
0.0
  0
VERTEX
  5
1B1
  8
_ENGRAVING
 10
321.76097560775
 20
652.4606770880039
 30
0.0
  0
VERTEX
  5
1B2
  8
_ENGRAVING
 10
321.8704637835737
 20
652.5005998983657
 30
0.0
  0
VERTEX
  5
1B3
  8
_ENGRAVING
 10
321.984734204903
 20
652.5298459841308
 30
0.0
  0
VERTEX
  5
1B4
  8
_ENGRAVING
 10
322.1031974238292
 20
652.5478258973899
 30
0.0
  0
SEQEND
  5
E33
  8
_ENGRAVING
  0
POLYLINE
  5
64
  8
_ENGRAVING
 66
     1
 10
0.0
 20
0.0
 30
0.0
 70
     1
  0
VERTEX
  5
1B5
  8
_ENGRAVING
 10
316.1023987545695
 20
664.3163541416455
 30
0.0
  0
VERTEX
  5
1B6
  8
_ENGRAVING
 10
316.0914412685605
 20
625.9341474689842
 30
0.0
  0
VERTEX
  5
1B7
  8
_ENGRAVING
 10
316.7277958128966
 20
625.9337933724806
 30
0.0
  0
VERTEX
  5
1B8
  8
_ENGRAVING
 10
316.7387532989055
 20
664.3160000451422
 30
0.0
  0
SEQEND
  5
E34
  8
_ENGRAVING
  0
POLYLINE
  5
65
  8
_ENGRAVING
 66
     1
 10
0.0
 20
0.0
 30
0.0
 70
     1
  0
VERTEX
  5
1B9
  8
_ENGRAVING
 10
270.2390567809483
 20
657.6331946593463
 30
0.0
  0
VERTEX
  5
1BA
  8
_ENGRAVING
 10
270.2766450678664
 20
657.6331946593463
 30
0.0
  0
VERTEX
  5
1BB
  8
_ENGRAVING
 10
270.4007853312408
 20
657.6190841577043
 30
0.0
  0
VERTEX
  5
1BC
  8
_ENGRAVING
 10
270.519979767389
 20
657.5948947263178
 30
0.0
  0
VERTEX
  5
1BD
  8
_ENGRAVING
 10
270.6342283763113
 20
657.5606263651871
 30
0.0
  0
VERTEX
  5
1BE
  8
_ENGRAVING
 10
270.7435311580074
 20
657.5162790743121
 30
0.0
  0
VERTEX
  5
1BF
  8
_ENGRAVING
 10
270.8421694997473
 20
657.4634591831207
 30
0.0
  0
VERTEX
  5
1C0
  8
_ENGRAVING
 10
270.9333272778078
 20
657.4027651280667
 30
0.0
  0
VERTEX
  5
1C1
  8
_ENGRAVING
 10
271.0170044921889
 20
657.3341969091498
 30
0.0
  0
VERTEX
  5
1C2
  8
_ENGRAVING
 10
271.0932011428906
 20
657.2577545263703
 30
0.0
  0
VERTEX
  5
1C3
  8
_ENGRAVING
 10
271.1619172299128
 20
657.1734379797279
 30
0.0
  0
VERTEX
  5
1C4
  8
_ENGRAVING
 10
271.2231527532556
 20
657.0812472692228
 30
0.0
  0
VERTEX
  5
1C5
  8
_ENGRAVING
 10
271.2769077129189
 20
656.9811823948548
 30
0.0
  0
VERTEX
  5
1C6
  8
_ENGRAVING
 10
271.3231821089028
 20
656.8732433566244
 30
0.0
  0
VERTEX
  5
1C7
  8
_ENGRAVING
 10
271.3603376359387
 20
656.7617136996723
 30
0.0
  0
VERTEX
  5
1C8
  8
_ENGRAVING
 10
271.3867359887578
 20
656.6508769691402
 30
0.0
  0
VERTEX
  5
1C9
  8
_ENGRAVING
 10
271.4023771673602
 20
656.5407331650281
 30
0.0
  0
VERTEX
  5
1CA
  8
_ENGRAVING
 10
271.407261171746
 20
656.4312822873358
 30
0.0
  0
VERTEX
  5
1CB
  8
_ENGRAVING
 10
271.4013880019149
 20
656.3225243360635
 30
0.0
  0
VERTEX
  5
1CC
  8
_ENGRAVING
 10
271.3847576578673
 20
656.214459311211
 30
0.0
  0
VERTEX
  5
1CD
  8
_ENGRAVING
 10
271.357370139603
 20
656.1070872127784
 30
0.0
  0
VERTEX
  5
1CE
  8
_ENGRAVING
 10
271.3192254471219
 20
656.0004080407659
 30
0.0
  0
VERTEX
  5
1CF
  8
_ENGRAVING
 10
271.2405867942274
 20
655.8412239441166
 30
0.0
  0
VERTEX
  5
1D0
  8
_ENGRAVING
 10
271.1451323287642
 20
655.7003079076287
 30
0.0
  0
VERTEX
  5
1D1
  8
_ENGRAVING
 10
271.0328620507325
 20
655.5776599313024
 30
0.0
  0
VERTEX
  5
1D2
  8
_ENGRAVING
 10
270.9037759601321
 20
655.4732800151378
 30
0.0
  0
VERTEX
  5
1D3
  8
_ENGRAVING
 10
270.7614597817019
 20
655.3885540119745
 30
0.0
  0
VERTEX
  5
1D4
  8
_ENGRAVING
 10
270.6094992401809
 20
655.3248677746526
 30
0.0
  0
VERTEX
  5
1D5
  8
_ENGRAVING
 10
270.4478943355691
 20
655.282221303172
 30
0.0
  0
VERTEX
  5
1D6
  8
_ENGRAVING
 10
270.2766450678664
 20
655.2606145975325
 30
0.0
  0
VERTEX
  5
1D7
  8
_ENGRAVING
 10
270.2390567809483
 20
655.2585988115836
 30
0.0
  0
VERTEX
  5
1D8
  8
_ENGRAVING
 10
269.2775879682004
 20
655.2585988115836
 30
0.0
  0
VERTEX
  5
1D9
  8
_ENGRAVING
 10
269.2775879682004
 20
653.7890908548612
 30
0.0
  0
VERTEX
  5
1DA
  8
_ENGRAVING
 10
269.2654088686562
 20
653.7224754285822
 30
0.0
  0
VERTEX
  5
1DB
  8
_ENGRAVING
 10
269.2466765480374
 20
653.6647420591405
 30
0.0
  0
VERTEX
  5
1DC
  8
_ENGRAVING
 10
269.2213910063442
 20
653.615890746536
 30
0.0
  0
VERTEX
  5
1DD
  8
_ENGRAVING
 10
269.1895522435763
 20
653.5759214907688
 30
0.0
  0
VERTEX
  5
1DE
  8
_ENGRAVING
 10
269.1511602597339
 20
653.5448342918387
 30
0.0
  0
VERTEX
  5
1DF
  8
_ENGRAVING
 10
269.106215054817
 20
653.5226291497456
 30
0.0
  0
VERTEX
  5
1E0
  8
_ENGRAVING
 10
269.0547166288255
 20
653.5093060644899
 30
0.0
  0
VERTEX
  5
1E1
  8
_ENGRAVING
 10
268.9966649817596
 20
653.5048650360714
 30
0.0
  0
VERTEX
  5
1E2
  8
_ENGRAVING
 10
268.9386442461138
 20
653.5093060644899
 30
0.0
  0
VERTEX
  5
1E3
  8
_ENGRAVING
 10
268.8872385543828
 20
653.5226291497456
 30
0.0
  0
VERTEX
  5
1E4
  8
_ENGRAVING
 10
268.8424479065667
 20
653.5448342918387
 30
0.0
  0
VERTEX
  5
1E5
  8
_ENGRAVING
 10
268.8042723026655
 20
653.5759214907688
 30
0.0
  0
VERTEX
  5
1E6
  8
_ENGRAVING
 10
268.7727117426791
 20
653.615890746536
 30
0.0
  0
VERTEX
  5
1E7
  8
_ENGRAVING
 10
268.7477662266076
 20
653.6647420591405
 30
0.0
  0
VERTEX
  5
1E8
  8
_ENGRAVING
 10
268.7294357544511
 20
653.7224754285822
 30
0.0
  0
VERTEX
  5
1E9
  8
_ENGRAVING
 10
268.7177203262092
 20
653.7890908548612
 30
0.0
  0
VERTEX
  5
1EA
  8
_ENGRAVING
 10
268.7177203262092
 20
657.3509846265052
 30
0.0
  0
VERTEX
  5
1EB
  8
_ENGRAVING
 10
268.728292031905
 20
657.4100723521315
 30
0.0
  0
VERTEX
  5
1EC
  8
_ENGRAVING
 10
268.7451696673139
 20
657.46235680018
 30
0.0
  0
VERTEX
  5
1ED
  8
_ENGRAVING
 10
268.7683532324362
 20
657.5078379706513
 30
0.0
  0
VERTEX
  5
1EE
  8
_ENGRAVING
 10
268.7978427272716
 20
657.5465158635451
 30
0.0
  0
VERTEX
  5
1EF
  8
_ENGRAVING
 10
268.8336381518203
 20
657.5783904788616
 30
0.0
  0
VERTEX
  5
1F0
  8
_ENGRAVING
 10
268.8757395060821
 20
657.6034618166005
 30
0.0
  0
VERTEX
  5
1F1
  8
_ENGRAVING
 10
268.9241467900573
 20
657.6217298767622
 30
0.0
  0
VERTEX
  5
1F2
  8
_ENGRAVING
 10
268.9788600037457
 20
657.6331946593463
 30
0.0
  0
VERTEX
  5
1F3
  8
_ENGRAVING
 10
268.9966649817596
 20
657.6331946593463
 30
0.0
  0
SEQEND
  5
E35
  8
_ENGRAVING
  0
POLYLINE
  5
66
  8
_ENGRAVING
 66
     1
 10
0.0
 20
0.0
 30
0.0
 70
     1
  0
VERTEX
  5
1F4
  8
_ENGRAVING
 10
270.2390567809483
 20
657.0647430217665
 30
0.0
  0
VERTEX
  5
1F5
  8
_ENGRAVING
 10
269.2775879682004
 20
657.0647430217665
 30
0.0
  0
VERTEX
  5
1F6
  8
_ENGRAVING
 10
269.2775879682004
 20
655.8290662351124
 30
0.0
  0
VERTEX
  5
1F7
  8
_ENGRAVING
 10
270.2390567809483
 20
655.8290662351124
 30
0.0
  0
VERTEX
  5
1F8
  8
_ENGRAVING
 10
270.3485450311654
 20
655.8386412183695
 30
0.0
  0
VERTEX
  5
1F9
  8
_ENGRAVING
 10
270.451480060308
 20
655.8673661681407
 30
0.0
  0
VERTEX
  5
1FA
  8
_ENGRAVING
 10
270.547861868376
 20
655.9152410844263
 30
0.0
  0
VERTEX
  5
1FB
  8
_ENGRAVING
 10
270.6376904553695
 20
655.9822659672261
 30
0.0
  0
VERTEX
  5
1FC
  8
_ENGRAVING
 10
270.7152781199785
 20
656.0636533249115
 30
0.0
  0
VERTEX
  5
1FD
  8
_ENGRAVING
 10
270.7749371608929
 20
656.154615665854
 30
0.0
  0
VERTEX
  5
1FE
  8
_ENGRAVING
 10
270.816667578113
 20
656.2551529900536
 30
0.0
  0
VERTEX
  5
1FF
  8
_ENGRAVING
 10
270.8404693716384
 20
656.3652652975104
 30
0.0
  0
VERTEX
  5
200
  8
_ENGRAVING
 10
270.8446733247806
 20
656.5001339761516
 30
0.0
  0
VERTEX
  5
201
  8
_ENGRAVING
 10
270.8216752281793
 20
656.626561551132
 30
0.0
  0
VERTEX
  5
202
  8
_ENGRAVING
 10
270.7714750818348
 20
656.7445480224515
 30
0.0
  0
VERTEX
  5
203
  8
_ENGRAVING
 10
270.6940728857467
 20
656.85409339011
 30
0.0
  0
VERTEX
  5
204
  8
_ENGRAVING
 10
270.597381963477
 20
656.9462526039598
 30
0.0
  0
VERTEX
  5
205
  8
_ENGRAVING
 10
270.4893156385874
 20
657.0120806138524
 30
0.0
  0
VERTEX
  5
206
  8
_ENGRAVING
 10
270.3698739110778
 20
657.0515774197879
 30
0.0
  0
SEQEND
  5
E36
  8
_ENGRAVING
  0
POLYLINE
  5
67
  8
_ENGRAVING
 66
     1
 10
0.0
 20
0.0
 30
0.0
 70
     1
  0
VERTEX
  5
207
  8
_ENGRAVING
 10
274.1106503335157
 20
654.8292364044755
 30
0.0
  0
VERTEX
  5
208
  8
_ENGRAVING
 10
273.5092377428256
 20
656.5224966015219
 30
0.0
  0
VERTEX
  5
209
  8
_ENGRAVING
 10
272.9038684903547
 20
654.8292364044755
 30
0.0
  0
SEQEND
  5
E37
  8
_ENGRAVING
  0
POLYLINE
  5
68
  8
_ENGRAVING
 66
     1
 10
0.0
 20
0.0
 30
0.0
 70
     1
  0
VERTEX
  5
20A
  8
_ENGRAVING
 10
273.5092377428256
 20
656.5224966015219
 30
0.0
  0
VERTEX
  5
20B
  8
_ENGRAVING
 10
274.1106503335157
 20
654.8292364044755
 30
0.0
  0
SEQEND
  5
E38
  8
_ENGRAVING
  0
POLYLINE
  5
69
  8
_ENGRAVING
 66
     1
 10
0.0
 20
0.0
 30
0.0
 70
     1
  0
VERTEX
  5
20C
  8
_ENGRAVING
 10
271.9819662954153
 20
653.8939117242022
 30
0.0
  0
VERTEX
  5
20D
  8
_ENGRAVING
 10
272.6160213457974
 20
655.6708270381265
 30
0.0
  0
VERTEX
  5
20E
  8
_ENGRAVING
 10
273.25205472707
 20
657.4477423520508
 30
0.0
  0
VERTEX
  5
20F
  8
_ENGRAVING
 10
273.2927341560044
 20
657.5281218167618
 30
0.0
  0
VERTEX
  5
210
  8
_ENGRAVING
 10
273.3494875234236
 20
657.5858236895481
 30
0.0
  0
VERTEX
  5
211
  8
_ENGRAVING
 10
273.4223148293274
 20
657.6208479704096
 30
0.0
  0
VERTEX
  5
212
  8
_ENGRAVING
 10
273.5112160737161
 20
657.6331946593463
 30
0.0
  0
VERTEX
  5
213
  8
_ENGRAVING
 10
273.6002409637853
 20
657.6223598098711
 30
0.0
  0
VERTEX
  5
214
  8
_ENGRAVING
 10
273.6734392067311
 20
657.5878394754968
 30
0.0
  0
VERTEX
  5
215
  8
_ENGRAVING
 10
273.7308108025535
 20
657.5296336562234
 30
0.0
  0
VERTEX
  5
216
  8
_ENGRAVING
 10
273.7723557512526
 20
657.4477423520508
 30
0.0
  0
VERTEX
  5
217
  8
_ENGRAVING
 10
275.0404658520168
 20
653.8838327944579
 30
0.0
  0
VERTEX
  5
218
  8
_ENGRAVING
 10
275.0507902663513
 20
653.8159260053055
 30
0.0
  0
VERTEX
  5
219
  8
_ENGRAVING
 10
275.0520885459981
 20
653.7543185472433
 30
0.0
  0
VERTEX
  5
21A
  8
_ENGRAVING
 10
275.0443606909574
 20
653.6990104202713
 30
0.0
  0
VERTEX
  5
21B
  8
_ENGRAVING
 10
275.027606701229
 20
653.6500016243896
 30
0.0
  0
VERTEX
  5
21C
  8
_ENGRAVING
 10
275.0018265768132
 20
653.607292159598
 30
0.0
  0
VERTEX
  5
21D
  8
_ENGRAVING
 10
274.9670203177097
 20
653.5708820258966
 30
0.0
  0
VERTEX
  5
21E
  8
_ENGRAVING
 10
274.9231879239186
 20
653.5407712232854
 30
0.0
  0
VERTEX
  5
21F
  8
_ENGRAVING
 10
274.87032939544
 20
653.5169597517645
 30
0.0
  0
VERTEX
  5
220
  8
_ENGRAVING
 10
274.8145961048863
 20
653.5015263905934
 30
0.0
  0
VERTEX
  5
221
  8
_ENGRAVING
 10
274.7621394248698
 20
653.4965499190323
 30
0.0
  0
VERTEX
  5
222
  8
_ENGRAVING
 10
274.7129593553906
 20
653.5020303370807
 30
0.0
  0
VERTEX
  5
223
  8
_ENGRAVING
 10
274.6670558964486
 20
653.517967644739
 30
0.0
  0
VERTEX
  5
224
  8
_ENGRAVING
 10
274.6244290480439
 20
653.544361842007
 30
0.0
  0
VERTEX
  5
225
  8
_ENGRAVING
 10
274.5850788101765
 20
653.5812129288847
 30
0.0
  0
VERTEX
  5
226
  8
_ENGRAVING
 10
274.5490051828463
 20
653.628520905372
 30
0.0
  0
VERTEX
  5
227
  8
_ENGRAVING
 10
274.5162081660534
 20
653.6862857714692
 30
0.0
  0
VERTEX
  5
228
  8
_ENGRAVING
 10
274.3124400843394
 20
654.2628005528445
 30
0.0
  0
VERTEX
  5
229
  8
_ENGRAVING
 10
272.7001004086406
 20
654.2628005528445
 30
0.0
  0
VERTEX
  5
22A
  8
_ENGRAVING
 10
272.5022673195978
 20
653.7003962731112
 30
0.0
  0
VERTEX
  5
22B
  8
_ENGRAVING
 10
272.4689448086622
 20
653.642237698821
 30
0.0
  0
VERTEX
  5
22C
  8
_ENGRAVING
 10
272.432283864349
 20
653.5947564907285
 30
0.0
  0
VERTEX
  5
22D
  8
_ENGRAVING
 10
272.3922844866581
 20
653.5579526488339
 30
0.0
  0
VERTEX
  5
22E
  8
_ENGRAVING
 10
272.3489466755897
 20
653.5318261731373
 30
0.0
  0
VERTEX
  5
22F
  8
_ENGRAVING
 10
272.3022704311437
 20
653.5163770636387
 30
0.0
  0
VERTEX
  5
230
  8
_ENGRAVING
 10
272.25225575332
 20
653.5116053203379
 30
0.0
  0
VERTEX
  5
231
  8
_ENGRAVING
 10
272.1989026421188
 20
653.5175109432349
 30
0.0
  0
VERTEX
  5
232
  8
_ENGRAVING
 10
272.1422110975399
 20
653.5340939323299
 30
0.0
  0
VERTEX
  5
233
  8
_ENGRAVING
 10
272.0886416063976
 20
653.5588975484976
 30
0.0
  0
VERTEX
  5
234
  8
_ENGRAVING
 10
272.0446546555057
 20
653.5894650526128
 30
0.0
  0
VERTEX
  5
235
  8
_ENGRAVING
 10
272.0102502448644
 20
653.6257964446755
 30
0.0
  0
VERTEX
  5
236
  8
_ENGRAVING
 10
271.9854283744735
 20
653.6678917246859
 30
0.0
  0
VERTEX
  5
237
  8
_ENGRAVING
 10
271.9701890443332
 20
653.7157508926437
 30
0.0
  0
VERTEX
  5
238
  8
_ENGRAVING
 10
271.9645322544434
 20
653.769373948549
 30
0.0
  0
VERTEX
  5
239
  8
_ENGRAVING
 10
271.9684580048041
 20
653.8287608924018
 30
0.0
  0
SEQEND
  5
E39
  8
_ENGRAVING
  0
POLYLINE
  5
6A
  8
_ENGRAVING
 66
     1
 10
0.0
 20
0.0
 30
0.0
 70
     1
  0
VERTEX
  5
23A
  8
_ENGRAVING
 10
319.8842141101497
 20
657.6284949221173
 30
0.0
  0
VERTEX
  5
23B
  8
_ENGRAVING
 10
320.8056975762428
 20
657.6284949221173
 30
0.0
  0
VERTEX
  5
23C
  8
_ENGRAVING
 10
320.9719950170451
 20
657.6185275166431
 30
0.0
  0
VERTEX
  5
23D
  8
_ENGRAVING
 10
321.1275320352073
 20
657.5886253002202
 30
0.0
  0
VERTEX
  5
23E
  8
_ENGRAVING
 10
321.2723086307293
 20
657.5387882728489
 30
0.0
  0
VERTEX
  5
23F
  8
_ENGRAVING
 10
321.4063248036113
 20
657.469016434529
 30
0.0
  0
VERTEX
  5
240
  8
_ENGRAVING
 10
321.529580553853
 20
657.3793097852605
 30
0.0
  0
VERTEX
  5
241
  8
_ENGRAVING
 10
321.6420758814546
 20
657.2696683250435
 30
0.0
  0
VERTEX
  5
242
  8
_ENGRAVING
 10
321.743810786416
 20
657.140092053878
 30
0.0
  0
VERTEX
  5
243
  8
_ENGRAVING
 10
321.8347852687373
 20
656.990580971764
 30
0.0
  0
VERTEX
  5
244
  8
_ENGRAVING
 10
321.915029897801
 20
656.8291090030808
 30
0.0
  0
VERTEX
  5
245
  8
_ENGRAVING
 10
321.9845752429894
 20
656.6636500722079
 30
0.0
  0
VERTEX
  5
246
  8
_ENGRAVING
 10
322.0434213043028
 20
656.4942041791453
 30
0.0
  0
VERTEX
  5
247
  8
_ENGRAVING
 10
322.0915680817409
 20
656.320771323893
 30
0.0
  0
VERTEX
  5
248
  8
_ENGRAVING
 10
322.1290155753039
 20
656.143351506451
 30
0.0
  0
VERTEX
  5
249
  8
_ENGRAVING
 10
322.1557637849918
 20
655.9619447268193
 30
0.0
  0
VERTEX
  5
24A
  8
_ENGRAVING
 10
322.1718127108045
 20
655.7765509849978
 30
0.0
  0
VERTEX
  5
24B
  8
_ENGRAVING
 10
322.1771623527421
 20
655.5871702809867
 30
0.0
  0
VERTEX
  5
24C
  8
_ENGRAVING
 10
322.1717974261134
 20
655.3977895769756
 30
0.0
  0
VERTEX
  5
24D
  8
_ENGRAVING
 10
322.1557026462268
 20
655.2123958351541
 30
0.0
  0
VERTEX
  5
24E
  8
_ENGRAVING
 10
322.1288780130827
 20
655.0309890555224
 30
0.0
  0
VERTEX
  5
24F
  8
_ENGRAVING
 10
322.0913235266809
 20
654.8535692380804
 30
0.0
  0
VERTEX
  5
250
  8
_ENGRAVING
 10
322.0430391870215
 20
654.680136382828
 30
0.0
  0
VERTEX
  5
251
  8
_ENGRAVING
 10
321.9840249941044
 20
654.5106904897655
 30
0.0
  0
VERTEX
  5
252
  8
_ENGRAVING
 10
321.9142809479297
 20
654.3452315588925
 30
0.0
  0
VERTEX
  5
253
  8
_ENGRAVING
 10
321.8338070484973
 20
654.1837595902093
 30
0.0
  0
VERTEX
  5
254
  8
_ENGRAVING
 10
321.7426338651898
 20
654.0342485080953
 30
0.0
  0
VERTEX
  5
255
  8
_ENGRAVING
 10
321.6407919673896
 20
653.9046722369299
 30
0.0
  0
VERTEX
  5
256
  8
_ENGRAVING
 10
321.5282813550967
 20
653.7950307767128
 30
0.0
  0
VERTEX
  5
257
  8
_ENGRAVING
 10
321.4051020283113
 20
653.7053241274443
 30
0.0
  0
VERTEX
  5
258
  8
_ENGRAVING
 10
321.271253987033
 20
653.6355522891245
 30
0.0
  0
VERTEX
  5
259
  8
_ENGRAVING
 10
321.1267372312623
 20
653.5857152617532
 30
0.0
  0
VERTEX
  5
25A
  8
_ENGRAVING
 10
320.9715517609988
 20
653.5558130453303
 30
0.0
  0
VERTEX
  5
25B
  8
_ENGRAVING
 10
320.8056975762428
 20
653.545845639856
 30
0.0
  0
VERTEX
  5
25C
  8
_ENGRAVING
 10
319.8842141101497
 20
653.545845639856
 30
0.0
  0
VERTEX
  5
25D
  8
_ENGRAVING
 10
319.8881269911098
 20
653.545845639856
 30
0.0
  0
VERTEX
  5
25E
  8
_ENGRAVING
 10
319.8842141101497
 20
653.545845639856
 30
0.0
  0
VERTEX
  5
25F
  8
_ENGRAVING
 10
319.8137822528687
 20
653.5578065264251
 30
0.0
  0
VERTEX
  5
260
  8
_ENGRAVING
 10
319.7248864885575
 20
653.5934400009958
 30
0.0
  0
VERTEX
  5
261
  8
_ENGRAVING
 10
319.6900679618896
 20
653.6192929589447
 30
0.0
  0
VERTEX
  5
262
  8
_ENGRAVING
 10
319.6616690055466
 20
653.6505033973358
 30
0.0
  0
VERTEX
  5
263
  8
_ENGRAVING
 10
319.6396896195289
 20
653.6870713161697
 30
0.0
  0
VERTEX
  5
264
  8
_ENGRAVING
 10
319.6241298038361
 20
653.7289967154459
 30
0.0
  0
VERTEX
  5
265
  8
_ENGRAVING
 10
319.6122688834259
 20
653.8289199553253
 30
0.0
  0
VERTEX
  5
266
  8
_ENGRAVING
 10
319.6103124429459
 20
653.8289199553253
 30
0.0
  0
VERTEX
  5
267
  8
_ENGRAVING
 10
319.6122688834259
 20
657.3494075688377
 30
0.0
  0
VERTEX
  5
268
  8
_ENGRAVING
 10
319.6103124429459
 20
657.3653554175966
 30
0.0
  0
VERTEX
  5
269
  8
_ENGRAVING
 10
319.617832511041
 20
657.4181203703259
 30
0.0
  0
VERTEX
  5
26A
  8
_ENGRAVING
 10
319.6345233938862
 20
657.4667737682972
 30
0.0
  0
VERTEX
  5
26B
  8
_ENGRAVING
 10
319.6603850914815
 20
657.5113156115103
 30
0.0
  0
VERTEX
  5
26C
  8
_ENGRAVING
 10
319.6954176038271
 20
657.5517458999655
 30
0.0
  0
VERTEX
  5
26D
  8
_ENGRAVING
 10
319.7370531027926
 20
657.585323597157
 30
0.0
  0
VERTEX
  5
26E
  8
_ENGRAVING
 10
319.7827237602483
 20
657.6093076665793
 30
0.0
  0
VERTEX
  5
26F
  8
_ENGRAVING
 10
319.832429576194
 20
657.6236981082327
 30
0.0
  0
VERTEX
  5
270
  8
_ENGRAVING
 10
319.8861705506297
 20
657.6284949221173
 30
0.0
  0
SEQEND
  5
E3A
  8
_ENGRAVING
  0
POLYLINE
  5
6B
  8
_ENGRAVING
 66
     1
 10
0.0
 20
0.0
 30
0.0
 70
     1
  0
VERTEX
  5
271
  8
_ENGRAVING
 10
320.8056975762428
 20
654.1080073086049
 30
0.0
  0
VERTEX
  5
272
  8
_ENGRAVING
 10
320.8135233381629
 20
654.1080073086049
 30
0.0
  0
VERTEX
  5
273
  8
_ENGRAVING
 10
320.823305540563
 20
654.1080073086049
 30
0.0
  0
VERTEX
  5
274
  8
_ENGRAVING
 10
320.8301530822431
 20
654.1090040491523
 30
0.0
  0
VERTEX
  5
275
  8
_ENGRAVING
 10
320.8389570644032
 20
654.1100007896997
 30
0.0
  0
VERTEX
  5
276
  8
_ENGRAVING
 10
320.8477610465633
 20
654.1109975302471
 30
0.0
  0
VERTEX
  5
277
  8
_ENGRAVING
 10
320.8585214692035
 20
654.1119942707945
 30
0.0
  0
VERTEX
  5
278
  8
_ENGRAVING
 10
320.8663472311236
 20
654.112991011342
 30
0.0
  0
VERTEX
  5
279
  8
_ENGRAVING
 10
320.8761294335238
 20
654.1139877518895
 30
0.0
  0
VERTEX
  5
27A
  8
_ENGRAVING
 10
320.8839551954439
 20
654.1149844924369
 30
0.0
  0
VERTEX
  5
27B
  8
_ENGRAVING
 10
320.893737397844
 20
654.1159812329843
 30
0.0
  0
VERTEX
  5
27C
  8
_ENGRAVING
 10
320.9093889216842
 20
654.119968195174
 30
0.0
  0
VERTEX
  5
27D
  8
_ENGRAVING
 10
320.9172146836044
 20
654.1229584168162
 30
0.0
  0
VERTEX
  5
27E
  8
_ENGRAVING
 10
320.9269968860045
 20
654.1279421195534
 30
0.0
  0
VERTEX
  5
27F
  8
_ENGRAVING
 10
320.9358008681646
 20
654.1289388601008
 30
0.0
  0
VERTEX
  5
280
  8
_ENGRAVING
 10
320.9465612908048
 20
654.1319290817431
 30
0.0
  0
VERTEX
  5
281
  8
_ENGRAVING
 10
320.9543870527249
 20
654.1339225628379
 30
0.0
  0
VERTEX
  5
282
  8
_ENGRAVING
 10
320.964169255125
 20
654.1379095250277
 30
0.0
  0
VERTEX
  5
283
  8
_ENGRAVING
 10
320.9817772194452
 20
654.145883449407
 30
0.0
  0
VERTEX
  5
284
  8
_ENGRAVING
 10
321.0013416242455
 20
654.1538573737865
 30
0.0
  0
VERTEX
  5
285
  8
_ENGRAVING
 10
321.0091673861656
 20
654.1568475954288
 30
0.0
  0
VERTEX
  5
286
  8
_ENGRAVING
 10
321.0189495885658
 20
654.1618312981659
 30
0.0
  0
VERTEX
  5
287
  8
_ENGRAVING
 10
321.034601112406
 20
654.1717987036402
 30
0.0
  0
VERTEX
  5
288
  8
_ENGRAVING
 10
321.0541655172063
 20
654.1817661091145
 30
0.0
  0
VERTEX
  5
289
  8
_ENGRAVING
 10
321.0619912791264
 20
654.1867498118517
 30
0.0
  0
VERTEX
  5
28A
  8
_ENGRAVING
 10
321.0717734815265
 20
654.1937269956836
 30
0.0
  0
VERTEX
  5
28B
  8
_ENGRAVING
 10
321.0893814458468
 20
654.2056878822527
 30
0.0
  0
VERTEX
  5
28C
  8
_ENGRAVING
 10
321.0981854280069
 20
654.2106715849899
 30
0.0
  0
VERTEX
  5
28D
  8
_ENGRAVING
 10
321.108945850647
 20
654.2176487688218
 30
0.0
  0
VERTEX
  5
28E
  8
_ENGRAVING
 10
321.1167716125672
 20
654.2236292121064
 30
0.0
  0
VERTEX
  5
28F
  8
_ENGRAVING
 10
321.1265538149673
 20
654.2316031364859
 30
0.0
  0
VERTEX
  5
290
  8
_ENGRAVING
 10
321.1343795768874
 20
654.2365868392229
 30
0.0
  0
VERTEX
  5
291
  8
_ENGRAVING
 10
321.1441617792876
 20
654.243564023055
 30
0.0
  0
VERTEX
  5
292
  8
_ENGRAVING
 10
321.1637261840878
 20
654.2595118718137
 30
0.0
  0
VERTEX
  5
293
  8
_ENGRAVING
 10
321.179377707928
 20
654.2754597205726
 30
0.0
  0
VERTEX
  5
294
  8
_ENGRAVING
 10
321.1872034698482
 20
654.2834336449521
 30
0.0
  0
VERTEX
  5
295
  8
_ENGRAVING
 10
321.1969856722483
 20
654.2934010504263
 30
0.0
  0
VERTEX
  5
296
  8
_ENGRAVING
 10
321.2048114341684
 20
654.3013749748058
 30
0.0
  0
VERTEX
  5
297
  8
_ENGRAVING
 10
321.2145936365686
 20
654.31134238028
 30
0.0
  0
VERTEX
  5
298
  8
_ENGRAVING
 10
321.2322016008888
 20
654.3272902290388
 30
0.0
  0
VERTEX
  5
299
  8
_ENGRAVING
 10
321.2400273628089
 20
654.3352641534183
 30
0.0
  0
VERTEX
  5
29A
  8
_ENGRAVING
 10
321.249809565209
 20
654.3452315588925
 30
0.0
  0
VERTEX
  5
29B
  8
_ENGRAVING
 10
321.2576353271292
 20
654.3542022238194
 30
0.0
  0
VERTEX
  5
29C
  8
_ENGRAVING
 10
321.2674175295293
 20
654.3651663698411
 30
0.0
  0
VERTEX
  5
29D
  8
_ENGRAVING
 10
321.2830690533695
 20
654.3851011807895
 30
0.0
  0
VERTEX
  5
29E
  8
_ENGRAVING
 10
321.3006770176897
 20
654.407029472833
 30
0.0
  0
VERTEX
  5
29F
  8
_ENGRAVING
 10
321.31632854153
 20
654.4289577648764
 30
0.0
  0
VERTEX
  5
2A0
  8
_ENGRAVING
 10
321.3241543034501
 20
654.4399219108981
 30
0.0
  0
VERTEX
  5
2A1
  8
_ENGRAVING
 10
321.3339365058502
 20
654.4508860569198
 30
0.0
  0
VERTEX
  5
2A2
  8
_ENGRAVING
 10
321.3407840475303
 20
654.4628469434889
 30
0.0
  0
VERTEX
  5
2A3
  8
_ENGRAVING
 10
321.3495880296904
 20
654.474807830058
 30
0.0
  0
VERTEX
  5
2A4
  8
_ENGRAVING
 10
321.3564355713705
 20
654.4877654571746
 30
0.0
  0
VERTEX
  5
2A5
  8
_ENGRAVING
 10
321.3652395535307
 20
654.5007230842912
 30
0.0
  0
VERTEX
  5
2A6
  8
_ENGRAVING
 10
321.3808910773709
 20
654.5246448574294
 30
0.0
  0
VERTEX
  5
2A7
  8
_ENGRAVING
 10
321.387738619051
 20
654.5376024845459
 30
0.0
  0
VERTEX
  5
2A8
  8
_ENGRAVING
 10
321.3965426012111
 20
654.5505601116625
 30
0.0
  0
VERTEX
  5
2A9
  8
_ENGRAVING
 10
321.4033901428912
 20
654.5635177387791
 30
0.0
  0
VERTEX
  5
2AA
  8
_ENGRAVING
 10
321.4121941250513
 20
654.5764753658956
 30
0.0
  0
VERTEX
  5
2AB
  8
_ENGRAVING
 10
321.4239327679315
 20
654.6023906201287
 30
0.0
  0
VERTEX
  5
2AC
  8
_ENGRAVING
 10
321.4307803096116
 20
654.6163449877927
 30
0.0
  0
VERTEX
  5
2AD
  8
_ENGRAVING
 10
321.4395842917717
 20
654.6322928365515
 30
0.0
  0
VERTEX
  5
2AE
  8
_ENGRAVING
 10
321.4464318334518
 20
654.645250463668
 30
0.0
  0
VERTEX
  5
2AF
  8
_ENGRAVING
 10
321.455235815612
 20
654.6602015718795
 30
0.0
  0
VERTEX
  5
2B0
  8
_ENGRAVING
 10
321.460126916812
 20
654.6741559395434
 30
0.0
  0
VERTEX
  5
2B1
  8
_ENGRAVING
 10
321.4669744584921
 20
654.6901037883023
 30
0.0
  0
VERTEX
  5
2B2
  8
_ENGRAVING
 10
321.4806695418523
 20
654.7200060047251
 30
0.0
  0
VERTEX
  5
2B3
  8
_ENGRAVING
 10
321.4943646252125
 20
654.7519017022428
 30
0.0
  0
VERTEX
  5
2B4
  8
_ENGRAVING
 10
321.4992557264126
 20
654.7668528104542
 30
0.0
  0
VERTEX
  5
2B5
  8
_ENGRAVING
 10
321.5061032680927
 20
654.7837973997605
 30
0.0
  0
VERTEX
  5
2B6
  8
_ENGRAVING
 10
321.5109943692927
 20
654.7997452485192
 30
0.0
  0
VERTEX
  5
2B7
  8
_ENGRAVING
 10
321.5178419109728
 20
654.817686578373
 30
0.0
  0
VERTEX
  5
2B8
  8
_ENGRAVING
 10
321.527624113373
 20
654.8495822758906
 30
0.0
  0
VERTEX
  5
2B9
  8
_ENGRAVING
 10
321.532515214573
 20
654.8655301246495
 30
0.0
  0
VERTEX
  5
2BA
  8
_ENGRAVING
 10
321.5393627562531
 20
654.8834714545031
 30
0.0
  0
VERTEX
  5
2BB
  8
_ENGRAVING
 10
321.5491449586533
 20
654.9173606331157
 30
0.0
  0
VERTEX
  5
2BC
  8
_ENGRAVING
 10
321.5608836015334
 20
654.9512498117282
 30
0.0
  0
VERTEX
  5
2BD
  8
_ENGRAVING
 10
321.5638182622535
 20
654.9681944010345
 30
0.0
  0
VERTEX
  5
2BE
  8
_ENGRAVING
 10
321.5687093634535
 20
654.9871324714355
 30
0.0
  0
VERTEX
  5
2BF
  8
_ENGRAVING
 10
321.5726222444136
 20
655.0040770607418
 30
0.0
  0
VERTEX
  5
2C0
  8
_ENGRAVING
 10
321.5784915658537
 20
655.023015131143
 30
0.0
  0
VERTEX
  5
2C1
  8
_ENGRAVING
 10
321.5814262265737
 20
655.0379662393543
 30
0.0
  0
VERTEX
  5
2C2
  8
_ENGRAVING
 10
321.5863173277738
 20
655.0569043097555
 30
0.0
  0
VERTEX
  5
2C3
  8
_ENGRAVING
 10
321.5921866492139
 20
655.0947804505577
 30
0.0
  0
VERTEX
  5
2C4
  8
_ENGRAVING
 10
321.5951213099339
 20
655.1117250398639
 30
0.0
  0
VERTEX
  5
2C5
  8
_ENGRAVING
 10
321.600012411134
 20
655.1306631102651
 30
0.0
  0
VERTEX
  5
2C6
  8
_ENGRAVING
 10
321.601968851614
 20
655.1476076995713
 30
0.0
  0
VERTEX
  5
2C7
  8
_ENGRAVING
 10
321.6058817325741
 20
655.1665457699725
 30
0.0
  0
VERTEX
  5
2C8
  8
_ENGRAVING
 10
321.6117510540142
 20
655.2044219107746
 30
0.0
  0
VERTEX
  5
2C9
  8
_ENGRAVING
 10
321.6146857147342
 20
655.2223632406284
 30
0.0
  0
VERTEX
  5
2CA
  8
_ENGRAVING
 10
321.6195768159343
 20
655.2422980515769
 30
0.0
  0
VERTEX
  5
2CB
  8
_ENGRAVING
 10
321.6234896968944
 20
655.2801741923791
 30
0.0
  0
VERTEX
  5
2CC
  8
_ENGRAVING
 10
321.6244679171343
 20
655.2971187816854
 30
0.0
  0
VERTEX
  5
2CD
  8
_ENGRAVING
 10
321.6274025778544
 20
655.3180503331813
 30
0.0
  0
VERTEX
  5
2CE
  8
_ENGRAVING
 10
321.6313154588144
 20
655.3559264739836
 30
0.0
  0
VERTEX
  5
2CF
  8
_ENGRAVING
 10
321.6332718992945
 20
655.3938026147858
 30
0.0
  0
VERTEX
  5
2D0
  8
_ENGRAVING
 10
321.6352283397745
 20
655.4336722366829
 30
0.0
  0
VERTEX
  5
2D1
  8
_ENGRAVING
 10
321.6371847802545
 20
655.4715483774851
 30
0.0
  0
VERTEX
  5
2D2
  8
_ENGRAVING
 10
321.6381630004946
 20
655.4904864478863
 30
0.0
  0
VERTEX
  5
2D3
  8
_ENGRAVING
 10
321.6410976612146
 20
655.5114179993822
 30
0.0
  0
VERTEX
  5
2D4
  8
_ENGRAVING
 10
321.6420758814546
 20
655.5283625886884
 30
0.0
  0
VERTEX
  5
2D5
  8
_ENGRAVING
 10
321.6430541016946
 20
655.5492941401844
 30
0.0
  0
VERTEX
  5
2D6
  8
_ENGRAVING
 10
321.6430541016946
 20
655.5672354700381
 30
0.0
  0
VERTEX
  5
2D7
  8
_ENGRAVING
 10
321.6430541016946
 20
655.5871702809867
 30
0.0
  0
VERTEX
  5
2D8
  8
_ENGRAVING
 10
321.6430541016946
 20
655.6061083513878
 30
0.0
  0
VERTEX
  5
2D9
  8
_ENGRAVING
 10
321.6430541016946
 20
655.6250464217889
 30
0.0
  0
VERTEX
  5
2DA
  8
_ENGRAVING
 10
321.6420758814546
 20
655.64398449219
 30
0.0
  0
VERTEX
  5
2DB
  8
_ENGRAVING
 10
321.6410976612146
 20
655.6649160436859
 30
0.0
  0
VERTEX
  5
2DC
  8
_ENGRAVING
 10
321.6410976612146
 20
655.6828573735397
 30
0.0
  0
VERTEX
  5
2DD
  8
_ENGRAVING
 10
321.6410976612146
 20
655.7027921844882
 30
0.0
  0
VERTEX
  5
2DE
  8
_ENGRAVING
 10
321.6371847802545
 20
655.7426618063853
 30
0.0
  0
VERTEX
  5
2DF
  8
_ENGRAVING
 10
321.6352283397745
 20
655.7785444660926
 30
0.0
  0
VERTEX
  5
2E0
  8
_ENGRAVING
 10
321.6313154588144
 20
655.8204075690846
 30
0.0
  0
VERTEX
  5
2E1
  8
_ENGRAVING
 10
321.6293590183344
 20
655.856290228792
 30
0.0
  0
VERTEX
  5
2E2
  8
_ENGRAVING
 10
321.6254461373744
 20
655.8941663695942
 30
0.0
  0
VERTEX
  5
2E3
  8
_ENGRAVING
 10
321.6225114766543
 20
655.9121076994479
 30
0.0
  0
VERTEX
  5
2E4
  8
_ENGRAVING
 10
321.6215332564143
 20
655.9320425103964
 30
0.0
  0
VERTEX
  5
2E5
  8
_ENGRAVING
 10
321.6137074944942
 20
655.9699186511987
 30
0.0
  0
VERTEX
  5
2E6
  8
_ENGRAVING
 10
321.6097946135341
 20
655.9868632405049
 30
0.0
  0
VERTEX
  5
2E7
  8
_ENGRAVING
 10
321.6078381730541
 20
656.005801310906
 30
0.0
  0
VERTEX
  5
2E8
  8
_ENGRAVING
 10
321.601968851614
 20
656.0436774517083
 30
0.0
  0
VERTEX
  5
2E9
  8
_ENGRAVING
 10
321.5960995301739
 20
656.0815535925105
 30
0.0
  0
VERTEX
  5
2EA
  8
_ENGRAVING
 10
321.5863173277738
 20
656.1174362522179
 30
0.0
  0
VERTEX
  5
2EB
  8
_ENGRAVING
 10
321.5804480063337
 20
656.1513254308304
 30
0.0
  0
VERTEX
  5
2EC
  8
_ENGRAVING
 10
321.5745786848937
 20
656.1682700201367
 30
0.0
  0
VERTEX
  5
2ED
  8
_ENGRAVING
 10
321.5706658039336
 20
656.1872080905378
 30
0.0
  0
VERTEX
  5
2EE
  8
_ENGRAVING
 10
321.5647964824935
 20
656.204152679844
 30
0.0
  0
VERTEX
  5
2EF
  8
_ENGRAVING
 10
321.5608836015334
 20
656.2230907502451
 30
0.0
  0
VERTEX
  5
2F0
  8
_ENGRAVING
 10
321.5511013991333
 20
656.2569799288576
 30
0.0
  0
VERTEX
  5
2F1
  8
_ENGRAVING
 10
321.5413191967332
 20
656.2908691074701
 30
0.0
  0
VERTEX
  5
2F2
  8
_ENGRAVING
 10
321.534471655053
 20
656.3058202156816
 30
0.0
  0
VERTEX
  5
2F3
  8
_ENGRAVING
 10
321.529580553853
 20
656.3227648049879
 30
0.0
  0
VERTEX
  5
2F4
  8
_ENGRAVING
 10
321.5178419109728
 20
656.3566539836004
 30
0.0
  0
VERTEX
  5
2F5
  8
_ENGRAVING
 10
321.5061032680927
 20
656.3885496811181
 30
0.0
  0
VERTEX
  5
2F6
  8
_ENGRAVING
 10
321.4992557264126
 20
656.4035007893294
 30
0.0
  0
VERTEX
  5
2F7
  8
_ENGRAVING
 10
321.4943646252125
 20
656.4204453786357
 30
0.0
  0
VERTEX
  5
2F8
  8
_ENGRAVING
 10
321.4865388632924
 20
656.4343997462997
 30
0.0
  0
VERTEX
  5
2F9
  8
_ENGRAVING
 10
321.4806695418523
 20
656.4503475950585
 30
0.0
  0
VERTEX
  5
2FA
  8
_ENGRAVING
 10
321.4669744584921
 20
656.4802498114814
 30
0.0
  0
VERTEX
  5
2FB
  8
_ENGRAVING
 10
321.455235815612
 20
656.5081585468093
 30
0.0
  0
VERTEX
  5
2FC
  8
_ENGRAVING
 10
321.4415407322518
 20
656.5380607632321
 30
0.0
  0
VERTEX
  5
2FD
  8
_ENGRAVING
 10
321.4337149703317
 20
656.5510183903486
 30
0.0
  0
VERTEX
  5
2FE
  8
_ENGRAVING
 10
321.4278456488915
 20
656.5639760174652
 30
0.0
  0
VERTEX
  5
2FF
  8
_ENGRAVING
 10
321.4121941250513
 20
656.5918847527931
 30
0.0
  0
VERTEX
  5
300
  8
_ENGRAVING
 10
321.3965426012111
 20
656.6178000070263
 30
0.0
  0
VERTEX
  5
301
  8
_ENGRAVING
 10
321.387738619051
 20
656.6307576341428
 30
0.0
  0
VERTEX
  5
302
  8
_ENGRAVING
 10
321.3808910773709
 20
656.6437152612593
 30
0.0
  0
VERTEX
  5
303
  8
_ENGRAVING
 10
321.3652395535307
 20
656.6676370343977
 30
0.0
  0
VERTEX
  5
304
  8
_ENGRAVING
 10
321.3574137916106
 20
656.6795979209668
 30
0.0
  0
VERTEX
  5
305
  8
_ENGRAVING
 10
321.3515444701705
 20
656.6915588075359
 30
0.0
  0
VERTEX
  5
306
  8
_ENGRAVING
 10
321.31828498201
 20
656.7374088727175
 30
0.0
  0
VERTEX
  5
307
  8
_ENGRAVING
 10
321.2869819343296
 20
656.7812654568044
 30
0.0
  0
VERTEX
  5
308
  8
_ENGRAVING
 10
321.2517660056891
 20
656.8211350787014
 30
0.0
  0
VERTEX
  5
309
  8
_ENGRAVING
 10
321.2165500770486
 20
656.8590112195036
 30
0.0
  0
VERTEX
  5
30A
  8
_ENGRAVING
 10
321.1832905888881
 20
656.8929003981161
 30
0.0
  0
VERTEX
  5
30B
  8
_ENGRAVING
 10
321.1461182197676
 20
656.9228026145389
 30
0.0
  0
VERTEX
  5
30C
  8
_ENGRAVING
 10
321.108945850647
 20
656.9527048309618
 30
0.0
  0
VERTEX
  5
30D
  8
_ENGRAVING
 10
321.0717734815265
 20
656.9786200851948
 30
0.0
  0
VERTEX
  5
30E
  8
_ENGRAVING
 10
321.0365575528861
 20
657.0005483772383
 30
0.0
  0
VERTEX
  5
30F
  8
_ENGRAVING
 10
321.0013416242455
 20
657.0184897070919
 30
0.0
  0
VERTEX
  5
310
  8
_ENGRAVING
 10
320.964169255125
 20
657.032444074756
 30
0.0
  0
VERTEX
  5
311
  8
_ENGRAVING
 10
320.9269968860045
 20
657.0463984424199
 30
0.0
  0
VERTEX
  5
312
  8
_ENGRAVING
 10
320.9093889216842
 20
657.051382145157
 30
0.0
  0
VERTEX
  5
313
  8
_ENGRAVING
 10
320.893737397844
 20
657.058359328989
 30
0.0
  0
VERTEX
  5
314
  8
_ENGRAVING
 10
320.8585214692035
 20
657.0643397722736
 30
0.0
  0
VERTEX
  5
315
  8
_ENGRAVING
 10
320.823305540563
 20
657.0663332533685
 30
0.0
  0
VERTEX
  5
316
  8
_ENGRAVING
 10
320.8135233381629
 20
657.0663332533685
 30
0.0
  0
VERTEX
  5
317
  8
_ENGRAVING
 10
320.8056975762428
 20
657.0663332533685
 30
0.0
  0
VERTEX
  5
318
  8
_ENGRAVING
 10
320.1600722178337
 20
657.0663332533685
 30
0.0
  0
VERTEX
  5
319
  8
_ENGRAVING
 10
320.1600722178337
 20
654.1080073086049
 30
0.0
  0
SEQEND
  5
E3B
  8
_ENGRAVING
  0
POLYLINE
  5
6C
  8
_ENGRAVING
 66
     1
 10
0.0
 20
0.0
 30
0.0
 70
     1
  0
VERTEX
  5
31A
  8
_ENGRAVING
 10
325.278120513586
 20
656.4543345572482
 30
0.0
  0
VERTEX
  5
31B
  8
_ENGRAVING
 10
325.354115998482
 20
656.175620981674
 30
0.0
  0
VERTEX
  5
31C
  8
_ENGRAVING
 10
325.4021099290077
 20
655.8916745182257
 30
0.0
  0
VERTEX
  5
31D
  8
_ENGRAVING
 10
325.422102305163
 20
655.6024951669035
 30
0.0
  0
VERTEX
  5
31E
  8
_ENGRAVING
 10
325.4140931269479
 20
655.3080829277071
 30
0.0
  0
VERTEX
  5
31F
  8
_ENGRAVING
 10
325.3994656774214
 20
655.1611882895301
 30
0.0
  0
VERTEX
  5
320
  8
_ENGRAVING
 10
325.3775932842423
 20
655.0175330581321
 30
0.0
  0
VERTEX
  5
321
  8
_ENGRAVING
 10
325.3484759474107
 20
654.8771172335133
 30
0.0
  0
VERTEX
  5
322
  8
_ENGRAVING
 10
325.3121136669265
 20
654.7399408156737
 30
0.0
  0
VERTEX
  5
323
  8
_ENGRAVING
 10
325.2685064427897
 20
654.6060038046131
 30
0.0
  0
VERTEX
  5
324
  8
_ENGRAVING
 10
325.2176542750001
 20
654.4753062003317
 30
0.0
  0
VERTEX
  5
325
  8
_ENGRAVING
 10
325.1595571635581
 20
654.3478480028296
 30
0.0
  0
VERTEX
  5
326
  8
_ENGRAVING
 10
325.0942151084634
 20
654.2236292121064
 30
0.0
  0
VERTEX
  5
327
  8
_ENGRAVING
 10
324.999205467652
 20
654.0768591664978
 30
0.0
  0
VERTEX
  5
328
  8
_ENGRAVING
 10
324.8882997479404
 20
653.9415516371846
 30
0.0
  0
VERTEX
  5
329
  8
_ENGRAVING
 10
324.7614979493287
 20
653.8177066241667
 30
0.0
  0
VERTEX
  5
32A
  8
_ENGRAVING
 10
324.6188000718167
 20
653.7053241274443
 30
0.0
  0
VERTEX
  5
32B
  8
_ENGRAVING
 10
324.5424988930956
 20
653.6563280999098
 30
0.0
  0
VERTEX
  5
32C
  8
_ENGRAVING
 10
324.4642412738945
 20
653.6159912558812
 30
0.0
  0
VERTEX
  5
32D
  8
_ENGRAVING
 10
324.3840272142133
 20
653.5843135953583
 30
0.0
  0
VERTEX
  5
32E
  8
_ENGRAVING
 10
324.3018567140522
 20
653.5612951183411
 30
0.0
  0
VERTEX
  5
32F
  8
_ENGRAVING
 10
324.217729773411
 20
653.5469358248298
 30
0.0
  0
VERTEX
  5
330
  8
_ENGRAVING
 10
324.1316463922898
 20
653.5412357148243
 30
0.0
  0
VERTEX
  5
331
  8
_ENGRAVING
 10
324.0436065706886
 20
653.5441947883244
 30
0.0
  0
VERTEX
  5
332
  8
_ENGRAVING
 10
323.9536103086073
 20
653.5558130453303
 30
0.0
  0
VERTEX
  5
333
  8
_ENGRAVING
 10
323.8097507945602
 20
653.5887677796796
 30
0.0
  0
VERTEX
  5
334
  8
_ENGRAVING
 10
323.6745729851433
 20
653.634804733714
 30
0.0
  0
VERTEX
  5
335
  8
_ENGRAVING
 10
323.5480768803565
 20
653.6939239074331
 30
0.0
  0
VERTEX
  5
336
  8
_ENGRAVING
 10
323.4302624801999
 20
653.7661253008373
 30
0.0
  0
VERTEX
  5
337
  8
_ENGRAVING
 10
323.3211297846733
 20
653.8514089139265
 30
0.0
  0
VERTEX
  5
338
  8
_ENGRAVING
 10
323.2206787937769
 20
653.9497747467008
 30
0.0
  0
VERTEX
  5
339
  8
_ENGRAVING
 10
323.1289095075106
 20
654.06122279916
 30
0.0
  0
VERTEX
  5
33A
  8
_ENGRAVING
 10
323.0458219258744
 20
654.1857530713041
 30
0.0
  0
VERTEX
  5
33B
  8
_ENGRAVING
 10
322.9712784866471
 20
654.3186777677462
 30
0.0
  0
VERTEX
  5
33C
  8
_ENGRAVING
 10
322.9051416276075
 20
654.4553090930989
 30
0.0
  0
VERTEX
  5
33D
  8
_ENGRAVING
 10
322.8474113487554
 20
654.5956470473625
 30
0.0
  0
VERTEX
  5
33E
  8
_ENGRAVING
 10
322.7980876500909
 20
654.7396916305368
 30
0.0
  0
VERTEX
  5
33F
  8
_ENGRAVING
 10
322.7571705316141
 20
654.8874428426218
 30
0.0
  0
VERTEX
  5
340
  8
_ENGRAVING
 10
322.7246599933248
 20
655.0389006836175
 30
0.0
  0
VERTEX
  5
341
  8
_ENGRAVING
 10
322.7005560352233
 20
655.1940651535241
 30
0.0
  0
VERTEX
  5
342
  8
_ENGRAVING
 10
322.6848586573093
 20
655.3529362523414
 30
0.0
  0
VERTEX
  5
343
  8
_ENGRAVING
 10
322.6774608667442
 20
655.5131467212692
 30
0.0
  0
VERTEX
  5
344
  8
_ENGRAVING
 10
322.6782556706892
 20
655.6723293015075
 30
0.0
  0
VERTEX
  5
345
  8
_ENGRAVING
 10
322.6872430691444
 20
655.8304839930563
 30
0.0
  0
VERTEX
  5
346
  8
_ENGRAVING
 10
322.7044230621096
 20
655.9876107959155
 30
0.0
  0
VERTEX
  5
347
  8
_ENGRAVING
 10
322.729795649585
 20
656.1437097100852
 30
0.0
  0
VERTEX
  5
348
  8
_ENGRAVING
 10
322.7633608315705
 20
656.2987807355653
 30
0.0
  0
VERTEX
  5
349
  8
_ENGRAVING
 10
322.805118608066
 20
656.452823872356
 30
0.0
  0
VERTEX
  5
34A
  8
_ENGRAVING
 10
322.8550689790717
 20
656.6058391204572
 30
0.0
  0
VERTEX
  5
34B
  8
_ENGRAVING
 10
322.9131355211313
 20
656.7531386844817
 30
0.0
  0
VERTEX
  5
34C
  8
_ENGRAVING
 10
322.9792418107885
 20
656.8900347690422
 30
0.0
  0
VERTEX
  5
34D
  8
_ENGRAVING
 10
323.0533878480433
 20
657.0165273741392
 30
0.0
  0
VERTEX
  5
34E
  8
_ENGRAVING
 10
323.1355736328957
 20
657.1326164997723
 30
0.0
  0
VERTEX
  5
34F
  8
_ENGRAVING
 10
323.2257991653457
 20
657.2383021459418
 30
0.0
  0
VERTEX
  5
350
  8
_ENGRAVING
 10
323.3240644453934
 20
657.3335843126473
 30
0.0
  0
VERTEX
  5
351
  8
_ENGRAVING
 10
323.4303694730386
 20
657.4184629998892
 30
0.0
  0
VERTEX
  5
352
  8
_ENGRAVING
 10
323.5447142482815
 20
657.4929382076673
 30
0.0
  0
VERTEX
  5
353
  8
_ENGRAVING
 10
323.6614892894331
 20
657.5522442702392
 30
0.0
  0
VERTEX
  5
354
  8
_ENGRAVING
 10
323.7809544362448
 20
657.5946057435048
 30
0.0
  0
VERTEX
  5
355
  8
_ENGRAVING
 10
323.9031096887165
 20
657.6200226274641
 30
0.0
  0
VERTEX
  5
356
  8
_ENGRAVING
 10
324.0279550468483
 20
657.6284949221173
 30
0.0
  0
VERTEX
  5
357
  8
_ENGRAVING
 10
324.145524891945
 20
657.6227169417564
 30
0.0
  0
VERTEX
  5
358
  8
_ENGRAVING
 10
324.2575922481915
 20
657.6053830006738
 30
0.0
  0
VERTEX
  5
359
  8
_ENGRAVING
 10
324.3641571155881
 20
657.5764930988696
 30
0.0
  0
VERTEX
  5
35A
  8
_ENGRAVING
 10
324.4652194941345
 20
657.5360472363434
 30
0.0
  0
VERTEX
  5
35B
  8
_ENGRAVING
 10
324.5607793838308
 20
657.4840454130956
 30
0.0
  0
VERTEX
  5
35C
  8
_ENGRAVING
 10
324.6508367846771
 20
657.4204876291261
 30
0.0
  0
VERTEX
  5
35D
  8
_ENGRAVING
 10
324.7353916966733
 20
657.3453738844348
 30
0.0
  0
VERTEX
  5
35E
  8
_ENGRAVING
 10
324.8144441198194
 20
657.2587041790218
 30
0.0
  0
VERTEX
  5
35F
  8
_ENGRAVING
 10
324.9578756625115
 20
657.0697595490003
 30
0.0
  0
VERTEX
  5
360
  8
_ENGRAVING
 10
325.0829655757033
 20
656.8727164020308
 30
0.0
  0
VERTEX
  5
361
  8
_ENGRAVING
 10
325.1897138593948
 20
656.6675747381134
 30
0.0
  0
SEQEND
  5
E3C
  8
_ENGRAVING
  0
POLYLINE
  5
6D
  8
_ENGRAVING
 66
     1
 10
0.0
 20
0.0
 30
0.0
 70
     1
  0
VERTEX
  5
362
  8
_ENGRAVING
 10
324.0436065706885
 20
657.0623462911788
 30
0.0
  0
VERTEX
  5
363
  8
_ENGRAVING
 10
323.956346268341
 20
657.0561789590415
 30
0.0
  0
VERTEX
  5
364
  8
_ENGRAVING
 10
323.8745578854611
 20
657.0376769626299
 30
0.0
  0
VERTEX
  5
365
  8
_ENGRAVING
 10
323.7982414220488
 20
657.0068403019438
 30
0.0
  0
VERTEX
  5
366
  8
_ENGRAVING
 10
323.7273968781041
 20
656.9636689769834
 30
0.0
  0
VERTEX
  5
367
  8
_ENGRAVING
 10
323.6620242536269
 20
656.9081629877485
 30
0.0
  0
VERTEX
  5
368
  8
_ENGRAVING
 10
323.6021235486173
 20
656.8403223342393
 30
0.0
  0
VERTEX
  5
369
  8
_ENGRAVING
 10
323.5476947630753
 20
656.7601470164557
 30
0.0
  0
VERTEX
  5
36A
  8
_ENGRAVING
 10
323.4987378970008
 20
656.6676370343977
 30
0.0
  0
VERTEX
  5
36B
  8
_ENGRAVING
 10
323.4147943726546
 20
656.4775087749761
 30
0.0
  0
VERTEX
  5
36C
  8
_ENGRAVING
 10
323.3478474249787
 20
656.3018332534918
 30
0.0
  0
VERTEX
  5
36D
  8
_ENGRAVING
 10
323.297897053973
 20
656.1406104699456
 30
0.0
  0
VERTEX
  5
36E
  8
_ENGRAVING
 10
323.2649432596375
 20
655.9938404243369
 30
0.0
  0
VERTEX
  5
36F
  8
_ENGRAVING
 10
323.2395095333972
 20
655.7690754308921
 30
0.0
  0
VERTEX
  5
370
  8
_ENGRAVING
 10
323.2375530929172
 20
655.501450593908
 30
0.0
  0
VERTEX
  5
371
  8
_ENGRAVING
 10
323.2463570750772
 20
655.3573592885205
 30
0.0
  0
VERTEX
  5
372
  8
_ENGRAVING
 10
323.2629868191575
 20
655.2141401311121
 30
0.0
  0
VERTEX
  5
373
  8
_ENGRAVING
 10
323.2874423251578
 20
655.0717931216826
 30
0.0
  0
VERTEX
  5
374
  8
_ENGRAVING
 10
323.3197235930783
 20
654.9303182602322
 30
0.0
  0
VERTEX
  5
375
  8
_ENGRAVING
 10
323.3604420105689
 20
654.7927680646874
 30
0.0
  0
VERTEX
  5
376
  8
_ENGRAVING
 10
323.4102089652796
 20
654.6621950529744
 30
0.0
  0
VERTEX
  5
377
  8
_ENGRAVING
 10
323.4690244572104
 20
654.5385992250934
 30
0.0
  0
VERTEX
  5
378
  8
_ENGRAVING
 10
323.5368884863614
 20
654.4219805810444
 30
0.0
  0
VERTEX
  5
379
  8
_ENGRAVING
 10
323.6149015505025
 20
654.3183818603962
 30
0.0
  0
VERTEX
  5
37A
  8
_ENGRAVING
 10
323.7041641474037
 20
654.2338458027175
 30
0.0
  0
VERTEX
  5
37B
  8
_ENGRAVING
 10
323.8046762770651
 20
654.1683724080084
 30
0.0
  0
VERTEX
  5
37C
  8
_ENGRAVING
 10
323.9164379394867
 20
654.1219616762688
 30
0.0
  0
VERTEX
  5
37D
  8
_ENGRAVING
 10
323.9837364350614
 20
654.1045031426178
 30
0.0
  0
VERTEX
  5
37E
  8
_ENGRAVING
 10
324.0486810881836
 20
654.0959841257514
 30
0.0
  0
VERTEX
  5
37F
  8
_ENGRAVING
 10
324.1112718988531
 20
654.09640462567
 30
0.0
  0
VERTEX
  5
380
  8
_ENGRAVING
 10
324.1715088670703
 20
654.1057646423731
 30
0.0
  0
VERTEX
  5
381
  8
_ENGRAVING
 10
324.2293919928348
 20
654.1240641758611
 30
0.0
  0
VERTEX
  5
382
  8
_ENGRAVING
 10
324.2849212761469
 20
654.1513032261337
 30
0.0
  0
VERTEX
  5
383
  8
_ENGRAVING
 10
324.3380967170064
 20
654.1874817931912
 30
0.0
  0
VERTEX
  5
384
  8
_ENGRAVING
 10
324.3889183154134
 20
654.2325998770333
 30
0.0
  0
VERTEX
  5
385
  8
_ENGRAVING
 10
324.4821549320397
 20
654.3333329686077
 30
0.0
  0
VERTEX
  5
386
  8
_ENGRAVING
 10
324.5632860731959
 20
654.4371808743927
 30
0.0
  0
VERTEX
  5
387
  8
_ENGRAVING
 10
324.6323117388819
 20
654.5441435943885
 30
0.0
  0
VERTEX
  5
388
  8
_ENGRAVING
 10
324.6892319290977
 20
654.6542211285949
 30
0.0
  0
VERTEX
  5
389
  8
_ENGRAVING
 10
324.7369813045634
 20
654.7778169564759
 30
0.0
  0
VERTEX
  5
38A
  8
_ENGRAVING
 10
324.7765380855189
 20
654.9193541142106
 30
0.0
  0
VERTEX
  5
38B
  8
_ENGRAVING
 10
324.8079022719643
 20
655.0788326017988
 30
0.0
  0
VERTEX
  5
38C
  8
_ENGRAVING
 10
324.8310738638996
 20
655.2562524192409
 30
0.0
  0
VERTEX
  5
38D
  8
_ENGRAVING
 10
324.8442798371398
 20
655.4425806053256
 30
0.0
  0
VERTEX
  5
38E
  8
_ENGRAVING
 10
324.8457471674999
 20
655.6287841988417
 30
0.0
  0
VERTEX
  5
38F
  8
_ENGRAVING
 10
324.8354758549797
 20
655.8148631997894
 30
0.0
  0
VERTEX
  5
390
  8
_ENGRAVING
 10
324.8134658995794
 20
656.0008176081689
 30
0.0
  0
VERTEX
  5
391
  8
_ENGRAVING
 10
324.7789224973539
 20
656.1820997952321
 30
0.0
  0
VERTEX
  5
392
  8
_ENGRAVING
 10
324.7310508443582
 20
656.3541621322317
 30
0.0
  0
VERTEX
  5
393
  8
_ENGRAVING
 10
324.6698509405924
 20
656.5170046191677
 30
0.0
  0
VERTEX
  5
394
  8
_ENGRAVING
 10
324.5953227860563
 20
656.6706272560399
 30
0.0
  0
VERTEX
  5
395
  8
_ENGRAVING
 10
324.5055710790351
 20
656.8061216742058
 30
0.0
  0
VERTEX
  5
396
  8
_ENGRAVING
 10
324.4542756551994
 20
656.8637301630328
 30
0.0
  0
VERTEX
  5
397
  8
_ENGRAVING
 10
324.3987005178136
 20
656.9145795050226
 30
0.0
  0
VERTEX
  5
398
  8
_ENGRAVING
 10
324.3388456668777
 20
656.9586697001753
 30
0.0
  0
VERTEX
  5
399
  8
_ENGRAVING
 10
324.2747111023918
 20
656.9960007484907
 30
0.0
  0
VERTEX
  5
39A
  8
_ENGRAVING
 10
324.2062968243558
 20
657.0265726499688
 30
0.0
  0
VERTEX
  5
39B
  8
_ENGRAVING
 10
324.1336028327698
 20
657.0503854046096
 30
0.0
  0
SEQEND
  5
E3D
  8
_ENGRAVING
  0
POLYLINE
  5
6E
  8
_ENGRAVING
 66
     1
 10
0.0
 20
0.0
 30
0.0
 70
     1
  0
VERTEX
  5
39C
  8
_ENGRAVING
 10
328.5414632342722
 20
656.4543345572482
 30
0.0
  0
VERTEX
  5
39D
  8
_ENGRAVING
 10
328.6174587191682
 20
656.175620981674
 30
0.0
  0
VERTEX
  5
39E
  8
_ENGRAVING
 10
328.6654526496939
 20
655.8916745182257
 30
0.0
  0
VERTEX
  5
39F
  8
_ENGRAVING
 10
328.6854450258492
 20
655.6024951669035
 30
0.0
  0
VERTEX
  5
3A0
  8
_ENGRAVING
 10
328.6774358476341
 20
655.3080829277071
 30
0.0
  0
VERTEX
  5
3A1
  8
_ENGRAVING
 10
328.6628083981076
 20
655.1611882895301
 30
0.0
  0
VERTEX
  5
3A2
  8
_ENGRAVING
 10
328.6409360049285
 20
655.0175330581321
 30
0.0
  0
VERTEX
  5
3A3
  8
_ENGRAVING
 10
328.6118186680969
 20
654.8771172335133
 30
0.0
  0
VERTEX
  5
3A4
  8
_ENGRAVING
 10
328.5754563876126
 20
654.7399408156737
 30
0.0
  0
VERTEX
  5
3A5
  8
_ENGRAVING
 10
328.5318491634758
 20
654.6060038046131
 30
0.0
  0
VERTEX
  5
3A6
  8
_ENGRAVING
 10
328.4809969956863
 20
654.4753062003317
 30
0.0
  0
VERTEX
  5
3A7
  8
_ENGRAVING
 10
328.4228998842443
 20
654.3478480028296
 30
0.0
  0
VERTEX
  5
3A8
  8
_ENGRAVING
 10
328.3575578291496
 20
654.2236292121064
 30
0.0
  0
VERTEX
  5
3A9
  8
_ENGRAVING
 10
328.2625481883382
 20
654.0768591664978
 30
0.0
  0
VERTEX
  5
3AA
  8
_ENGRAVING
 10
328.1516424686266
 20
653.9415516371846
 30
0.0
  0
VERTEX
  5
3AB
  8
_ENGRAVING
 10
328.0248406700149
 20
653.8177066241667
 30
0.0
  0
VERTEX
  5
3AC
  8
_ENGRAVING
 10
327.8821427925029
 20
653.7053241274443
 30
0.0
  0
VERTEX
  5
3AD
  8
_ENGRAVING
 10
327.8058416137818
 20
653.6563280999098
 30
0.0
  0
VERTEX
  5
3AE
  8
_ENGRAVING
 10
327.7275839945806
 20
653.6159912558812
 30
0.0
  0
VERTEX
  5
3AF
  8
_ENGRAVING
 10
327.6473699348995
 20
653.5843135953583
 30
0.0
  0
VERTEX
  5
3B0
  8
_ENGRAVING
 10
327.5651994347384
 20
653.5612951183411
 30
0.0
  0
VERTEX
  5
3B1
  8
_ENGRAVING
 10
327.4810724940971
 20
653.5469358248298
 30
0.0
  0
VERTEX
  5
3B2
  8
_ENGRAVING
 10
327.394989112976
 20
653.5412357148243
 30
0.0
  0
VERTEX
  5
3B3
  8
_ENGRAVING
 10
327.3069492913747
 20
653.5441947883244
 30
0.0
  0
VERTEX
  5
3B4
  8
_ENGRAVING
 10
327.2169530292934
 20
653.5558130453303
 30
0.0
  0
VERTEX
  5
3B5
  8
_ENGRAVING
 10
327.0730935152464
 20
653.5887677796796
 30
0.0
  0
VERTEX
  5
3B6
  8
_ENGRAVING
 10
326.9379157058295
 20
653.634804733714
 30
0.0
  0
VERTEX
  5
3B7
  8
_ENGRAVING
 10
326.8114196010426
 20
653.6939239074331
 30
0.0
  0
VERTEX
  5
3B8
  8
_ENGRAVING
 10
326.6936052008861
 20
653.7661253008373
 30
0.0
  0
VERTEX
  5
3B9
  8
_ENGRAVING
 10
326.5844725053595
 20
653.8514089139265
 30
0.0
  0
VERTEX
  5
3BA
  8
_ENGRAVING
 10
326.4840215144631
 20
653.9497747467008
 30
0.0
  0
VERTEX
  5
3BB
  8
_ENGRAVING
 10
326.3922522281968
 20
654.06122279916
 30
0.0
  0
VERTEX
  5
3BC
  8
_ENGRAVING
 10
326.3091646465606
 20
654.1857530713041
 30
0.0
  0
VERTEX
  5
3BD
  8
_ENGRAVING
 10
326.2346212073332
 20
654.3186777677462
 30
0.0
  0
VERTEX
  5
3BE
  8
_ENGRAVING
 10
326.1684843482936
 20
654.4553090930989
 30
0.0
  0
VERTEX
  5
3BF
  8
_ENGRAVING
 10
326.1107540694416
 20
654.5956470473625
 30
0.0
  0
VERTEX
  5
3C0
  8
_ENGRAVING
 10
326.0614303707771
 20
654.7396916305368
 30
0.0
  0
VERTEX
  5
3C1
  8
_ENGRAVING
 10
326.0205132523002
 20
654.8874428426218
 30
0.0
  0
VERTEX
  5
3C2
  8
_ENGRAVING
 10
325.988002714011
 20
655.0389006836175
 30
0.0
  0
VERTEX
  5
3C3
  8
_ENGRAVING
 10
325.9638987559094
 20
655.1940651535241
 30
0.0
  0
VERTEX
  5
3C4
  8
_ENGRAVING
 10
325.9482013779955
 20
655.3529362523414
 30
0.0
  0
VERTEX
  5
3C5
  8
_ENGRAVING
 10
325.9408035874304
 20
655.5131467212692
 30
0.0
  0
VERTEX
  5
3C6
  8
_ENGRAVING
 10
325.9415983913754
 20
655.6723293015075
 30
0.0
  0
VERTEX
  5
3C7
  8
_ENGRAVING
 10
325.9505857898305
 20
655.8304839930563
 30
0.0
  0
VERTEX
  5
3C8
  8
_ENGRAVING
 10
325.9677657827958
 20
655.9876107959155
 30
0.0
  0
VERTEX
  5
3C9
  8
_ENGRAVING
 10
325.9931383702711
 20
656.1437097100852
 30
0.0
  0
VERTEX
  5
3CA
  8
_ENGRAVING
 10
326.0267035522567
 20
656.2987807355653
 30
0.0
  0
VERTEX
  5
3CB
  8
_ENGRAVING
 10
326.0684613287522
 20
656.452823872356
 30
0.0
  0
VERTEX
  5
3CC
  8
_ENGRAVING
 10
326.1184116997579
 20
656.6058391204572
 30
0.0
  0
VERTEX
  5
3CD
  8
_ENGRAVING
 10
326.1764782418174
 20
656.7531386844817
 30
0.0
  0
VERTEX
  5
3CE
  8
_ENGRAVING
 10
326.2425845314747
 20
656.8900347690422
 30
0.0
  0
VERTEX
  5
3CF
  8
_ENGRAVING
 10
326.3167305687294
 20
657.0165273741392
 30
0.0
  0
VERTEX
  5
3D0
  8
_ENGRAVING
 10
326.3989163535819
 20
657.1326164997723
 30
0.0
  0
VERTEX
  5
3D1
  8
_ENGRAVING
 10
326.4891418860319
 20
657.2383021459418
 30
0.0
  0
VERTEX
  5
3D2
  8
_ENGRAVING
 10
326.5874071660796
 20
657.3335843126473
 30
0.0
  0
VERTEX
  5
3D3
  8
_ENGRAVING
 10
326.6937121937248
 20
657.4184629998892
 30
0.0
  0
VERTEX
  5
3D4
  8
_ENGRAVING
 10
326.8080569689677
 20
657.4929382076673
 30
0.0
  0
VERTEX
  5
3D5
  8
_ENGRAVING
 10
326.9248320101192
 20
657.5522442702392
 30
0.0
  0
VERTEX
  5
3D6
  8
_ENGRAVING
 10
327.044297156931
 20
657.5946057435048
 30
0.0
  0
VERTEX
  5
3D7
  8
_ENGRAVING
 10
327.1664524094027
 20
657.6200226274641
 30
0.0
  0
VERTEX
  5
3D8
  8
_ENGRAVING
 10
327.2912977675345
 20
657.6284949221173
 30
0.0
  0
VERTEX
  5
3D9
  8
_ENGRAVING
 10
327.4088676126312
 20
657.6227169417564
 30
0.0
  0
VERTEX
  5
3DA
  8
_ENGRAVING
 10
327.5209349688777
 20
657.6053830006738
 30
0.0
  0
VERTEX
  5
3DB
  8
_ENGRAVING
 10
327.6274998362743
 20
657.5764930988696
 30
0.0
  0
VERTEX
  5
3DC
  8
_ENGRAVING
 10
327.7285622148207
 20
657.5360472363434
 30
0.0
  0
VERTEX
  5
3DD
  8
_ENGRAVING
 10
327.824122104517
 20
657.4840454130956
 30
0.0
  0
VERTEX
  5
3DE
  8
_ENGRAVING
 10
327.9141795053633
 20
657.4204876291261
 30
0.0
  0
VERTEX
  5
3DF
  8
_ENGRAVING
 10
327.9987344173595
 20
657.3453738844348
 30
0.0
  0
VERTEX
  5
3E0
  8
_ENGRAVING
 10
328.0777868405056
 20
657.2587041790218
 30
0.0
  0
VERTEX
  5
3E1
  8
_ENGRAVING
 10
328.2212183831977
 20
657.0697595490003
 30
0.0
  0
VERTEX
  5
3E2
  8
_ENGRAVING
 10
328.3463082963895
 20
656.8727164020308
 30
0.0
  0
VERTEX
  5
3E3
  8
_ENGRAVING
 10
328.453056580081
 20
656.6675747381134
 30
0.0
  0
SEQEND
  5
E3E
  8
_ENGRAVING
  0
POLYLINE
  5
6F
  8
_ENGRAVING
 66
     1
 10
0.0
 20
0.0
 30
0.0
 70
     1
  0
VERTEX
  5
3E4
  8
_ENGRAVING
 10
327.3069492913747
 20
657.0623462911788
 30
0.0
  0
VERTEX
  5
3E5
  8
_ENGRAVING
 10
327.2196889890272
 20
657.0561789590415
 30
0.0
  0
VERTEX
  5
3E6
  8
_ENGRAVING
 10
327.1379006061473
 20
657.0376769626299
 30
0.0
  0
VERTEX
  5
3E7
  8
_ENGRAVING
 10
327.061584142735
 20
657.0068403019438
 30
0.0
  0
VERTEX
  5
3E8
  8
_ENGRAVING
 10
326.9907395987902
 20
656.9636689769834
 30
0.0
  0
VERTEX
  5
3E9
  8
_ENGRAVING
 10
326.9253669743131
 20
656.9081629877485
 30
0.0
  0
VERTEX
  5
3EA
  8
_ENGRAVING
 10
326.8654662693035
 20
656.8403223342393
 30
0.0
  0
VERTEX
  5
3EB
  8
_ENGRAVING
 10
326.8110374837615
 20
656.7601470164557
 30
0.0
  0
VERTEX
  5
3EC
  8
_ENGRAVING
 10
326.762080617687
 20
656.6676370343977
 30
0.0
  0
VERTEX
  5
3ED
  8
_ENGRAVING
 10
326.6781370933408
 20
656.4775087749761
 30
0.0
  0
VERTEX
  5
3EE
  8
_ENGRAVING
 10
326.6111901456649
 20
656.3018332534918
 30
0.0
  0
VERTEX
  5
3EF
  8
_ENGRAVING
 10
326.5612397746592
 20
656.1406104699456
 30
0.0
  0
VERTEX
  5
3F0
  8
_ENGRAVING
 10
326.5282859803237
 20
655.9938404243369
 30
0.0
  0
VERTEX
  5
3F1
  8
_ENGRAVING
 10
326.5028522540833
 20
655.7690754308921
 30
0.0
  0
VERTEX
  5
3F2
  8
_ENGRAVING
 10
326.5008958136033
 20
655.501450593908
 30
0.0
  0
VERTEX
  5
3F3
  8
_ENGRAVING
 10
326.5096997957634
 20
655.3573592885205
 30
0.0
  0
VERTEX
  5
3F4
  8
_ENGRAVING
 10
326.5263295398437
 20
655.2141401311121
 30
0.0
  0
VERTEX
  5
3F5
  8
_ENGRAVING
 10
326.550785045844
 20
655.0717931216826
 30
0.0
  0
VERTEX
  5
3F6
  8
_ENGRAVING
 10
326.5830663137644
 20
654.9303182602322
 30
0.0
  0
VERTEX
  5
3F7
  8
_ENGRAVING
 10
326.6237847312551
 20
654.7927680646874
 30
0.0
  0
VERTEX
  5
3F8
  8
_ENGRAVING
 10
326.6735516859658
 20
654.6621950529744
 30
0.0
  0
VERTEX
  5
3F9
  8
_ENGRAVING
 10
326.7323671778966
 20
654.5385992250934
 30
0.0
  0
VERTEX
  5
3FA
  8
_ENGRAVING
 10
326.8002312070475
 20
654.4219805810444
 30
0.0
  0
VERTEX
  5
3FB
  8
_ENGRAVING
 10
326.8782442711887
 20
654.3183818603962
 30
0.0
  0
VERTEX
  5
3FC
  8
_ENGRAVING
 10
326.9675068680899
 20
654.2338458027175
 30
0.0
  0
VERTEX
  5
3FD
  8
_ENGRAVING
 10
327.0680189977513
 20
654.1683724080084
 30
0.0
  0
VERTEX
  5
3FE
  8
_ENGRAVING
 10
327.1797806601729
 20
654.1219616762688
 30
0.0
  0
VERTEX
  5
3FF
  8
_ENGRAVING
 10
327.2470791557475
 20
654.1045031426178
 30
0.0
  0
VERTEX
  5
400
  8
_ENGRAVING
 10
327.3120238088698
 20
654.0959841257514
 30
0.0
  0
VERTEX
  5
401
  8
_ENGRAVING
 10
327.3746146195393
 20
654.09640462567
 30
0.0
  0
VERTEX
  5
402
  8
_ENGRAVING
 10
327.4348515877565
 20
654.1057646423731
 30
0.0
  0
VERTEX
  5
403
  8
_ENGRAVING
 10
327.492734713521
 20
654.1240641758611
 30
0.0
  0
VERTEX
  5
404
  8
_ENGRAVING
 10
327.548263996833
 20
654.1513032261337
 30
0.0
  0
VERTEX
  5
405
  8
_ENGRAVING
 10
327.6014394376925
 20
654.1874817931912
 30
0.0
  0
VERTEX
  5
406
  8
_ENGRAVING
 10
327.6522610360996
 20
654.2325998770333
 30
0.0
  0
VERTEX
  5
407
  8
_ENGRAVING
 10
327.7454976527259
 20
654.3333329686077
 30
0.0
  0
VERTEX
  5
408
  8
_ENGRAVING
 10
327.826628793882
 20
654.4371808743927
 30
0.0
  0
VERTEX
  5
409
  8
_ENGRAVING
 10
327.895654459568
 20
654.5441435943885
 30
0.0
  0
VERTEX
  5
40A
  8
_ENGRAVING
 10
327.9525746497839
 20
654.6542211285949
 30
0.0
  0
VERTEX
  5
40B
  8
_ENGRAVING
 10
328.0003240252495
 20
654.7778169564759
 30
0.0
  0
VERTEX
  5
40C
  8
_ENGRAVING
 10
328.0398808062051
 20
654.9193541142106
 30
0.0
  0
VERTEX
  5
40D
  8
_ENGRAVING
 10
328.0712449926505
 20
655.0788326017988
 30
0.0
  0
VERTEX
  5
40E
  8
_ENGRAVING
 10
328.0944165845858
 20
655.2562524192409
 30
0.0
  0
VERTEX
  5
40F
  8
_ENGRAVING
 10
328.107622557826
 20
655.4425806053256
 30
0.0
  0
VERTEX
  5
410
  8
_ENGRAVING
 10
328.1090898881861
 20
655.6287841988417
 30
0.0
  0
VERTEX
  5
411
  8
_ENGRAVING
 10
328.0988185756659
 20
655.8148631997894
 30
0.0
  0
VERTEX
  5
412
  8
_ENGRAVING
 10
328.0768086202656
 20
656.0008176081689
 30
0.0
  0
VERTEX
  5
413
  8
_ENGRAVING
 10
328.0422652180401
 20
656.1820997952321
 30
0.0
  0
VERTEX
  5
414
  8
_ENGRAVING
 10
327.9943935650444
 20
656.3541621322317
 30
0.0
  0
VERTEX
  5
415
  8
_ENGRAVING
 10
327.9331936612786
 20
656.5170046191677
 30
0.0
  0
VERTEX
  5
416
  8
_ENGRAVING
 10
327.8586655067425
 20
656.6706272560399
 30
0.0
  0
VERTEX
  5
417
  8
_ENGRAVING
 10
327.7689137997213
 20
656.8061216742058
 30
0.0
  0
VERTEX
  5
418
  8
_ENGRAVING
 10
327.7176183758855
 20
656.8637301630328
 30
0.0
  0
VERTEX
  5
419
  8
_ENGRAVING
 10
327.6620432384997
 20
656.9145795050226
 30
0.0
  0
VERTEX
  5
41A
  8
_ENGRAVING
 10
327.6021883875638
 20
656.9586697001753
 30
0.0
  0
VERTEX
  5
41B
  8
_ENGRAVING
 10
327.538053823078
 20
656.9960007484907
 30
0.0
  0
VERTEX
  5
41C
  8
_ENGRAVING
 10
327.469639545042
 20
657.0265726499688
 30
0.0
  0
VERTEX
  5
41D
  8
_ENGRAVING
 10
327.396945553456
 20
657.0503854046096
 30
0.0
  0
SEQEND
  5
E3F
  8
_ENGRAVING
  0
POLYLINE
  5
70
  8
_ENGRAVING
 66
     1
 10
0.0
 20
0.0
 30
0.0
 70
     1
  0
VERTEX
  5
41E
  8
_ENGRAVING
 10
331.6737244427964
 20
653.9784310374393
 30
0.0
  0
VERTEX
  5
41F
  8
_ENGRAVING
 10
331.7000141117468
 20
653.9232365296256
 30
0.0
  0
VERTEX
  5
420
  8
_ENGRAVING
 10
331.716277023237
 20
653.8702846880435
 30
0.0
  0
VERTEX
  5
421
  8
_ENGRAVING
 10
331.7225131772672
 20
653.8195755126933
 30
0.0
  0
VERTEX
  5
422
  8
_ENGRAVING
 10
331.7187225738371
 20
653.7711090035746
 30
0.0
  0
VERTEX
  5
423
  8
_ENGRAVING
 10
331.7049052129468
 20
653.7248851606877
 30
0.0
  0
VERTEX
  5
424
  8
_ENGRAVING
 10
331.6810610945965
 20
653.6809039840324
 30
0.0
  0
VERTEX
  5
425
  8
_ENGRAVING
 10
331.647190218786
 20
653.6391654736088
 30
0.0
  0
VERTEX
  5
426
  8
_ENGRAVING
 10
331.6032925855154
 20
653.599669629417
 30
0.0
  0
VERTEX
  5
427
  8
_ENGRAVING
 10
331.5545649898098
 20
653.5713871163837
 30
0.0
  0
VERTEX
  5
428
  8
_ENGRAVING
 10
331.502291345734
 20
653.5543179345091
 30
0.0
  0
VERTEX
  5
429
  8
_ENGRAVING
 10
331.4464716532883
 20
653.5484620837929
 30
0.0
  0
VERTEX
  5
42A
  8
_ENGRAVING
 10
331.3871059124724
 20
653.5538195642354
 30
0.0
  0
VERTEX
  5
42B
  8
_ENGRAVING
 10
331.3300634447265
 20
653.5697674129942
 30
0.0
  0
VERTEX
  5
42C
  8
_ENGRAVING
 10
331.2812135714909
 20
653.5956826672273
 30
0.0
  0
VERTEX
  5
42D
  8
_ENGRAVING
 10
331.2405562927653
 20
653.6315653269347
 30
0.0
  0
VERTEX
  5
42E
  8
_ENGRAVING
 10
331.2080916085499
 20
653.6774153921164
 30
0.0
  0
VERTEX
  5
42F
  8
_ENGRAVING
 10
330.2435664518962
 20
655.2303371650078
 30
0.0
  0
VERTEX
  5
430
  8
_ENGRAVING
 10
329.7544563318893
 20
655.2303371650078
 30
0.0
  0
VERTEX
  5
431
  8
_ENGRAVING
 10
329.7544563318893
 20
653.8269264742304
 30
0.0
  0
VERTEX
  5
432
  8
_ENGRAVING
 10
329.7447964070192
 20
653.746252786173
 30
0.0
  0
VERTEX
  5
433
  8
_ENGRAVING
 10
329.7158166324087
 20
653.6776645772532
 30
0.0
  0
VERTEX
  5
434
  8
_ENGRAVING
 10
329.6675170080581
 20
653.621161847471
 30
0.0
  0
VERTEX
  5
435
  8
_ENGRAVING
 10
329.5998975339671
 20
653.5767445968262
 30
0.0
  0
VERTEX
  5
436
  8
_ENGRAVING
 10
329.523840910306
 20
653.5497703057615
 30
0.0
  0
VERTEX
  5
437
  8
_ENGRAVING
 10
329.450229837245
 20
653.5455964547191
 30
0.0
  0
VERTEX
  5
438
  8
_ENGRAVING
 10
329.379064314784
 20
653.5642230436993
 30
0.0
  0
VERTEX
  5
439
  8
_ENGRAVING
 10
329.310344342923
 20
653.6056500727017
 30
0.0
  0
VERTEX
  5
43A
  8
_ENGRAVING
 10
329.2632674938724
 20
653.6501296196307
 30
0.0
  0
VERTEX
  5
43B
  8
_ENGRAVING
 10
329.2296411731219
 20
653.7018355355283
 30
0.0
  0
VERTEX
  5
43C
  8
_ENGRAVING
 10
329.2094653806716
 20
653.7607678203949
 30
0.0
  0
VERTEX
  5
43D
  8
_ENGRAVING
 10
329.2027401165215
 20
653.8269264742304
 30
0.0
  0
VERTEX
  5
43E
  8
_ENGRAVING
 10
329.2027401165215
 20
657.3494075688377
 30
0.0
  0
VERTEX
  5
43F
  8
_ENGRAVING
 10
329.2076923564866
 20
657.4051004469252
 30
0.0
  0
VERTEX
  5
440
  8
_ENGRAVING
 10
329.2225490763818
 20
657.4565571776861
 30
0.0
  0
VERTEX
  5
441
  8
_ENGRAVING
 10
329.2473102762071
 20
657.5037777611205
 30
0.0
  0
VERTEX
  5
442
  8
_ENGRAVING
 10
329.2819759559626
 20
657.5467621972283
 30
0.0
  0
VERTEX
  5
443
  8
_ENGRAVING
 10
329.3238560099882
 20
657.5825202643673
 30
0.0
  0
VERTEX
  5
444
  8
_ENGRAVING
 10
329.3702603326238
 20
657.6080617408951
 30
0.0
  0
VERTEX
  5
445
  8
_ENGRAVING
 10
329.4211889238695
 20
657.6233866268117
 30
0.0
  0
VERTEX
  5
446
  8
_ENGRAVING
 10
329.4766417837254
 20
657.6284949221173
 30
0.0
  0
VERTEX
  5
447
  8
_ENGRAVING
 10
330.6915913218226
 20
657.6284949221173
 30
0.0
  0
VERTEX
  5
448
  8
_ENGRAVING
 10
330.7993483951366
 20
657.624056311867
 30
0.0
  0
VERTEX
  5
449
  8
_ENGRAVING
 10
330.9034982813155
 20
657.6107404811162
 30
0.0
  0
VERTEX
  5
44A
  8
_ENGRAVING
 10
331.0040409803594
 20
657.5885474298649
 30
0.0
  0
VERTEX
  5
44B
  8
_ENGRAVING
 10
331.1009764922683
 20
657.5574771581131
 30
0.0
  0
VERTEX
  5
44C
  8
_ENGRAVING
 10
331.1943048170421
 20
657.5175296658607
 30
0.0
  0
VERTEX
  5
44D
  8
_ENGRAVING
 10
331.2840259546809
 20
657.4687049531079
 30
0.0
  0
VERTEX
  5
44E
  8
_ENGRAVING
 10
331.3701399051846
 20
657.4110030198544
 30
0.0
  0
VERTEX
  5
44F
  8
_ENGRAVING
 10
331.4526466685533
 20
657.3444238661007
 30
0.0
  0
VERTEX
  5
450
  8
_ENGRAVING
 10
331.5295286655419
 20
657.2710232692252
 30
0.0
  0
VERTEX
  5
451
  8
_ENGRAVING
 10
331.5987683169054
 20
657.1928570066075
 30
0.0
  0
VERTEX
  5
452
  8
_ENGRAVING
 10
331.6603656226438
 20
657.1099250782474
 30
0.0
  0
VERTEX
  5
453
  8
_ENGRAVING
 10
331.714320582757
 20
657.0222274841449
 30
0.0
  0
VERTEX
  5
454
  8
_ENGRAVING
 10
331.7606331972452
 20
656.9297642242999
 30
0.0
  0
VERTEX
  5
455
  8
_ENGRAVING
 10
331.7993034661082
 20
656.8325352987126
 30
0.0
  0
VERTEX
  5
456
  8
_ENGRAVING
 10
331.8303313893462
 20
656.7305407073829
 30
0.0
  0
VERTEX
  5
457
  8
_ENGRAVING
 10
331.853716966959
 20
656.6237804503108
 30
0.0
  0
VERTEX
  5
458
  8
_ENGRAVING
 10
331.8686501103105
 20
656.5076134543225
 30
0.0
  0
VERTEX
  5
459
  8
_ENGRAVING
 10
331.8723642902843
 20
656.3933464950026
 30
0.0
  0
VERTEX
  5
45A
  8
_ENGRAVING
 10
331.8648595068804
 20
656.2809795723513
 30
0.0
  0
VERTEX
  5
45B
  8
_ENGRAVING
 10
331.8461357600988
 20
656.1705126863684
 30
0.0
  0
VERTEX
  5
45C
  8
_ENGRAVING
 10
331.8161930499397
 20
656.061945837054
 30
0.0
  0
VERTEX
  5
45D
  8
_ENGRAVING
 10
331.7750313764029
 20
655.9552790244082
 30
0.0
  0
VERTEX
  5
45E
  8
_ENGRAVING
 10
331.7226507394884
 20
655.8505122484311
 30
0.0
  0
VERTEX
  5
45F
  8
_ENGRAVING
 10
331.6590511391962
 20
655.7476455091224
 30
0.0
  0
VERTEX
  5
460
  8
_ENGRAVING
 10
331.5870143893339
 20
655.6507280649562
 30
0.0
  0
VERTEX
  5
461
  8
_ENGRAVING
 10
331.5093223037092
 20
655.5638091744064
 30
0.0
  0
VERTEX
  5
462
  8
_ENGRAVING
 10
331.4259748823217
 20
655.4868888374729
 30
0.0
  0
VERTEX
  5
463
  8
_ENGRAVING
 10
331.3369721251717
 20
655.4199670541558
 30
0.0
  0
VERTEX
  5
464
  8
_ENGRAVING
 10
331.2423140322591
 20
655.363043824455
 30
0.0
  0
VERTEX
  5
465
  8
_ENGRAVING
 10
331.1420006035839
 20
655.3161191483707
 30
0.0
  0
VERTEX
  5
466
  8
_ENGRAVING
 10
331.0360318391462
 20
655.2791930259027
 30
0.0
  0
VERTEX
  5
467
  8
_ENGRAVING
 10
330.9244077389458
 20
655.2522654570512
 30
0.0
  0
VERTEX
  5
468
  8
_ENGRAVING
 10
330.8872353698253
 20
655.2462850137666
 30
0.0
  0
SEQEND
  5
E40
  8
_ENGRAVING
  0
POLYLINE
  5
71
  8
_ENGRAVING
 66
     1
 10
0.0
 20
0.0
 30
0.0
 70
     1
  0
VERTEX
  5
469
  8
_ENGRAVING
 10
330.6915913218226
 20
655.7905053526617
 30
0.0
  0
VERTEX
  5
46A
  8
_ENGRAVING
 10
330.7894744845889
 20
655.7982300919043
 30
0.0
  0
VERTEX
  5
46B
  8
_ENGRAVING
 10
330.8835670439253
 20
655.821404309632
 30
0.0
  0
VERTEX
  5
46C
  8
_ENGRAVING
 10
330.9738689998315
 20
655.8600280058449
 30
0.0
  0
VERTEX
  5
46D
  8
_ENGRAVING
 10
331.0603803523078
 20
655.9141011805427
 30
0.0
  0
VERTEX
  5
46E
  8
_ENGRAVING
 10
331.1380877226239
 20
655.9806336120835
 30
0.0
  0
VERTEX
  5
46F
  8
_ENGRAVING
 10
331.2019777320498
 20
656.0566350788247
 30
0.0
  0
VERTEX
  5
470
  8
_ENGRAVING
 10
331.2520503805855
 20
656.1421055807666
 30
0.0
  0
VERTEX
  5
471
  8
_ENGRAVING
 10
331.288305668231
 20
656.2370451179091
 30
0.0
  0
VERTEX
  5
472
  8
_ENGRAVING
 10
331.3071058384688
 20
656.3128752698689
 30
0.0
  0
VERTEX
  5
473
  8
_ENGRAVING
 10
331.3175299979014
 20
656.3868676814443
 30
0.0
  0
VERTEX
  5
474
  8
_ENGRAVING
 10
331.3195781465289
 20
656.4590223526353
 30
0.0
  0
VERTEX
  5
475
  8
_ENGRAVING
 10
331.3132502843513
 20
656.5293392834421
 30
0.0
  0
VERTEX
  5
476
  8
_ENGRAVING
 10
331.2985464113686
 20
656.5978184738645
 30
0.0
  0
VERTEX
  5
477
  8
_ENGRAVING
 10
331.2754665275808
 20
656.6644599239028
 30
0.0
  0
VERTEX
  5
478
  8
_ENGRAVING
 10
331.2440106329879
 20
656.7292636335565
 30
0.0
  0
VERTEX
  5
479
  8
_ENGRAVING
 10
331.2041787275898
 20
656.792229602826
 30
0.0
  0
VERTEX
  5
47A
  8
_ENGRAVING
 10
331.1580800987792
 20
656.8508036840584
 30
0.0
  0
VERTEX
  5
47B
  8
_ENGRAVING
 10
331.1078240339485
 20
656.902431729601
 30
0.0
  0
VERTEX
  5
47C
  8
_ENGRAVING
 10
331.0534105330977
 20
656.9471137394537
 30
0.0
  0
VERTEX
  5
47D
  8
_ENGRAVING
 10
330.9948395962268
 20
656.9848497136163
 30
0.0
  0
VERTEX
  5
47E
  8
_ENGRAVING
 10
330.9321112233359
 20
657.0156396520892
 30
0.0
  0
VERTEX
  5
47F
  8
_ENGRAVING
 10
330.865225414425
 20
657.0394835548722
 30
0.0
  0
VERTEX
  5
480
  8
_ENGRAVING
 10
330.794182169494
 20
657.0563814219653
 30
0.0
  0
VERTEX
  5
481
  8
_ENGRAVING
 10
330.7189814885429
 20
657.0663332533685
 30
0.0
  0
VERTEX
  5
482
  8
_ENGRAVING
 10
329.7544563318893
 20
657.0663332533685
 30
0.0
  0
VERTEX
  5
483
  8
_ENGRAVING
 10
329.7544563318893
 20
655.7905053526617
 30
0.0
  0
SEQEND
  5
E41
  8
_ENGRAVING
  0
POLYLINE
  5
72
  8
_ENGRAVING
 66
     1
 10
0.0
 20
0.0
 30
0.0
 70
     1
  0
VERTEX
  5
484
  8
_ENGRAVING
 10
334.0392566271979
 20
657.2517269951899
 30
0.0
  0
VERTEX
  5
485
  8
_ENGRAVING
 10
334.0342279637765
 20
657.3190692784253
 30
0.0
  0
VERTEX
  5
486
  8
_ENGRAVING
 10
334.0377281580728
 20
657.3795589703973
 30
0.0
  0
VERTEX
  5
487
  8
_ENGRAVING
 10
334.0497572100868
 20
657.4331960711058
 30
0.0
  0
VERTEX
  5
488
  8
_ENGRAVING
 10
334.0703151198183
 20
657.4799805805508
 30
0.0
  0
VERTEX
  5
489
  8
_ENGRAVING
 10
334.0994018872675
 20
657.5199124987321
 30
0.0
  0
VERTEX
  5
48A
  8
_ENGRAVING
 10
334.1370175124343
 20
657.5529918256498
 30
0.0
  0
VERTEX
  5
48B
  8
_ENGRAVING
 10
334.1831619953187
 20
657.579218561304
 30
0.0
  0
VERTEX
  5
48C
  8
_ENGRAVING
 10
334.2378353359207
 20
657.5985927056945
 30
0.0
  0
VERTEX
  5
48D
  8
_ENGRAVING
 10
334.2946485332977
 20
657.6094011110056
 30
0.0
  0
VERTEX
  5
48E
  8
_ENGRAVING
 10
334.3472125865072
 20
657.6099306294213
 30
0.0
  0
VERTEX
  5
48F
  8
_ENGRAVING
 10
334.3955274955492
 20
657.6001812609418
 30
0.0
  0
VERTEX
  5
490
  8
_ENGRAVING
 10
334.4395932604235
 20
657.5801530055671
 30
0.0
  0
VERTEX
  5
491
  8
_ENGRAVING
 10
334.4794098811303
 20
657.5498458632969
 30
0.0
  0
VERTEX
  5
492
  8
_ENGRAVING
 10
334.5149773576696
 20
657.5092598341314
 30
0.0
  0
VERTEX
  5
493
  8
_ENGRAVING
 10
334.5462956900412
 20
657.4583949180704
 30
0.0
  0
VERTEX
  5
494
  8
_ENGRAVING
 10
334.5733648782454
 20
657.3972511151143
 30
0.0
  0
VERTEX
  5
495
  8
_ENGRAVING
 10
335.2326853200148
 20
654.9093867087363
 30
0.0
  0
VERTEX
  5
496
  8
_ENGRAVING
 10
335.8959186427441
 20
657.4211728882525
 30
0.0
  0
VERTEX
  5
497
  8
_ENGRAVING
 10
335.9231253931695
 20
657.4831109688325
 30
0.0
  0
VERTEX
  5
498
  8
_ENGRAVING
 10
335.9548564122049
 20
657.5343652366698
 30
0.0
  0
VERTEX
  5
499
  8
_ENGRAVING
 10
335.9911116998504
 20
657.5749356917643
 30
0.0
  0
VERTEX
  5
49A
  8
_ENGRAVING
 10
336.0318912561061
 20
657.6048223341161
 30
0.0
  0
VERTEX
  5
49B
  8
_ENGRAVING
 10
336.0771950809717
 20
657.624025163725
 30
0.0
  0
VERTEX
  5
49C
  8
_ENGRAVING
 10
336.1270231744474
 20
657.6325441805914
 30
0.0
  0
VERTEX
  5
49D
  8
_ENGRAVING
 10
336.1813755365331
 20
657.6303793847148
 30
0.0
  0
VERTEX
  5
49E
  8
_ENGRAVING
 10
336.240252167229
 20
657.6175307760957
 30
0.0
  0
VERTEX
  5
49F
  8
_ENGRAVING
 10
336.2966832473247
 20
657.5962721691076
 30
0.0
  0
VERTEX
  5
4A0
  8
_ENGRAVING
 10
336.3436989576104
 20
657.5688773781243
 30
0.0
  0
VERTEX
  5
4A1
  8
_ENGRAVING
 10
336.3812992980859
 20
657.535346403146
 30
0.0
  0
VERTEX
  5
4A2
  8
_ENGRAVING
 10
336.4094842687514
 20
657.4956792441726
 30
0.0
  0
VERTEX
  5
4A3
  8
_ENGRAVING
 10
336.4282538696066
 20
657.4498759012042
 30
0.0
  0
VERTEX
  5
4A4
  8
_ENGRAVING
 10
336.4376081006518
 20
657.3979363742405
 30
0.0
  0
VERTEX
  5
4A5
  8
_ENGRAVING
 10
336.4375469618868
 20
657.339860663282
 30
0.0
  0
VERTEX
  5
4A6
  8
_ENGRAVING
 10
336.4280704533116
 20
657.2756487683281
 30
0.0
  0
VERTEX
  5
4A7
  8
_ENGRAVING
 10
335.4968047848185
 20
653.7531676737208
 30
0.0
  0
VERTEX
  5
4A8
  8
_ENGRAVING
 10
335.4510729885978
 20
653.6632741355997
 30
0.0
  0
VERTEX
  5
4A9
  8
_ENGRAVING
 10
335.392135219137
 20
653.5989220740065
 30
0.0
  0
VERTEX
  5
4AA
  8
_ENGRAVING
 10
335.319991476436
 20
653.5601114889411
 30
0.0
  0
VERTEX
  5
4AB
  8
_ENGRAVING
 10
335.2346417604948
 20
653.5468423804034
 30
0.0
  0
VERTEX
  5
4AC
  8
_ENGRAVING
 10
335.1489252119635
 20
653.5588655632567
 30
0.0
  0
VERTEX
  5
4AD
  8
_ENGRAVING
 10
335.0756809714925
 20
653.5959318523642
 30
0.0
  0
VERTEX
  5
4AE
  8
_ENGRAVING
 10
335.0149090390817
 20
653.6580412477258
 30
0.0
  0
VERTEX
  5
4AF
  8
_ENGRAVING
 10
334.966609414731
 20
653.7451937493414
 30
0.0
  0
SEQEND
  5
E42
  8
_ENGRAVING
  0
POLYLINE
  5
73
  8
_ENGRAVING
 66
     1
 10
0.0
 20
0.0
 30
0.0
 70
     1
  0
VERTEX
  5
4B0
  8
_ENGRAVING
 10
337.5334593245273
 20
653.8209460309458
 30
0.0
  0
VERTEX
  5
4B1
  8
_ENGRAVING
 10
337.5196878177107
 20
653.7550832844604
 30
0.0
  0
VERTEX
  5
4B2
  8
_ENGRAVING
 10
337.4998941425418
 20
653.6980354621912
 30
0.0
  0
VERTEX
  5
4B3
  8
_ENGRAVING
 10
337.4740782990202
 20
653.6498025641384
 30
0.0
  0
VERTEX
  5
4B4
  8
_ENGRAVING
 10
337.442240287146
 20
653.6103845903019
 30
0.0
  0
VERTEX
  5
4B5
  8
_ENGRAVING
 10
337.4043801069192
 20
653.5797815406817
 30
0.0
  0
VERTEX
  5
4B6
  8
_ENGRAVING
 10
337.3604977583398
 20
653.5579934152777
 30
0.0
  0
VERTEX
  5
4B7
  8
_ENGRAVING
 10
337.3105932414078
 20
653.5450202140902
 30
0.0
  0
VERTEX
  5
4B8
  8
_ENGRAVING
 10
337.2546665561233
 20
653.5408619371188
 30
0.0
  0
VERTEX
  5
4B9
  8
_ENGRAVING
 10
337.1987704402213
 20
653.5454562880795
 30
0.0
  0
VERTEX
  5
4BA
  8
_ENGRAVING
 10
337.1489576314368
 20
653.5587409706882
 30
0.0
  0
VERTEX
  5
4BB
  8
_ENGRAVING
 10
337.10522812977
 20
653.5807159849448
 30
0.0
  0
VERTEX
  5
4BC
  8
_ENGRAVING
 10
337.0675819352207
 20
653.6113813308493
 30
0.0
  0
VERTEX
  5
4BD
  8
_ENGRAVING
 10
337.036019047789
 20
653.6507370084016
 30
0.0
  0
VERTEX
  5
4BE
  8
_ENGRAVING
 10
337.0105394674749
 20
653.6987830176017
 30
0.0
  0
VERTEX
  5
4BF
  8
_ENGRAVING
 10
336.9911431942784
 20
653.7555193584499
 30
0.0
  0
VERTEX
  5
4C0
  8
_ENGRAVING
 10
336.9778302281994
 20
653.8209460309458
 30
0.0
  0
VERTEX
  5
4C1
  8
_ENGRAVING
 10
336.9778302281994
 20
657.3454206066481
 30
0.0
  0
VERTEX
  5
4C2
  8
_ENGRAVING
 10
336.9911431942784
 20
657.4113145012757
 30
0.0
  0
VERTEX
  5
4C3
  8
_ENGRAVING
 10
337.0105394674749
 20
657.4684557679711
 30
0.0
  0
VERTEX
  5
4C4
  8
_ENGRAVING
 10
337.036019047789
 20
657.5168444067344
 30
0.0
  0
VERTEX
  5
4C5
  8
_ENGRAVING
 10
337.0675819352207
 20
657.5564804175657
 30
0.0
  0
VERTEX
  5
4C6
  8
_ENGRAVING
 10
337.10522812977
 20
657.587363800465
 30
0.0
  0
VERTEX
  5
4C7
  8
_ENGRAVING
 10
337.1489576314368
 20
657.6094945554321
 30
0.0
  0
VERTEX
  5
4C8
  8
_ENGRAVING
 10
337.1987704402213
 20
657.6228726824671
 30
0.0
  0
VERTEX
  5
4C9
  8
_ENGRAVING
 10
337.2546665561233
 20
657.6274981815699
 30
0.0
  0
VERTEX
  5
4CA
  8
_ENGRAVING
 10
337.3105932414078
 20
657.6233087564564
 30
0.0
  0
VERTEX
  5
4CB
  8
_ENGRAVING
 10
337.3604977583398
 20
657.6102421108426
 30
0.0
  0
VERTEX
  5
4CC
  8
_ENGRAVING
 10
337.4043801069192
 20
657.5882982447281
 30
0.0
  0
VERTEX
  5
4CD
  8
_ENGRAVING
 10
337.442240287146
 20
657.5574771581132
 30
0.0
  0
VERTEX
  5
4CE
  8
_ENGRAVING
 10
337.4740782990202
 20
657.5177788509977
 30
0.0
  0
VERTEX
  5
4CF
  8
_ENGRAVING
 10
337.4998941425418
 20
657.4692033233816
 30
0.0
  0
VERTEX
  5
4D0
  8
_ENGRAVING
 10
337.5196878177107
 20
657.4117505752652
 30
0.0
  0
VERTEX
  5
4D1
  8
_ENGRAVING
 10
337.5334593245273
 20
657.3454206066481
 30
0.0
  0
SEQEND
  5
E43
  8
_ENGRAVING
  0
POLYLINE
  5
74
  8
_ENGRAVING
 66
     1
 10
0.0
 20
0.0
 30
0.0
 70
     1
  0
VERTEX
  5
4D2
  8
_ENGRAVING
 10
338.3629900880591
 20
657.6284949221173
 30
0.0
  0
VERTEX
  5
4D3
  8
_ENGRAVING
 10
339.2844735541521
 20
657.6284949221173
 30
0.0
  0
VERTEX
  5
4D4
  8
_ENGRAVING
 10
339.4507709949544
 20
657.6185275166431
 30
0.0
  0
VERTEX
  5
4D5
  8
_ENGRAVING
 10
339.6063080131166
 20
657.5886253002202
 30
0.0
  0
VERTEX
  5
4D6
  8
_ENGRAVING
 10
339.7510846086386
 20
657.5387882728489
 30
0.0
  0
VERTEX
  5
4D7
  8
_ENGRAVING
 10
339.8851007815206
 20
657.469016434529
 30
0.0
  0
VERTEX
  5
4D8
  8
_ENGRAVING
 10
340.0083565317623
 20
657.3793097852605
 30
0.0
  0
VERTEX
  5
4D9
  8
_ENGRAVING
 10
340.1208518593639
 20
657.2696683250435
 30
0.0
  0
VERTEX
  5
4DA
  8
_ENGRAVING
 10
340.2225867643253
 20
657.140092053878
 30
0.0
  0
VERTEX
  5
4DB
  8
_ENGRAVING
 10
340.3135612466467
 20
656.990580971764
 30
0.0
  0
VERTEX
  5
4DC
  8
_ENGRAVING
 10
340.3938058757103
 20
656.8291090030808
 30
0.0
  0
VERTEX
  5
4DD
  8
_ENGRAVING
 10
340.4633512208987
 20
656.6636500722079
 30
0.0
  0
VERTEX
  5
4DE
  8
_ENGRAVING
 10
340.5221972822121
 20
656.4942041791453
 30
0.0
  0
VERTEX
  5
4DF
  8
_ENGRAVING
 10
340.5703440596503
 20
656.320771323893
 30
0.0
  0
VERTEX
  5
4E0
  8
_ENGRAVING
 10
340.6077915532132
 20
656.143351506451
 30
0.0
  0
VERTEX
  5
4E1
  8
_ENGRAVING
 10
340.6345397629011
 20
655.9619447268193
 30
0.0
  0
VERTEX
  5
4E2
  8
_ENGRAVING
 10
340.6505886887139
 20
655.7765509849978
 30
0.0
  0
VERTEX
  5
4E3
  8
_ENGRAVING
 10
340.6559383306515
 20
655.5871702809867
 30
0.0
  0
VERTEX
  5
4E4
  8
_ENGRAVING
 10
340.6505734040227
 20
655.3977895769756
 30
0.0
  0
VERTEX
  5
4E5
  8
_ENGRAVING
 10
340.6344786241361
 20
655.2123958351541
 30
0.0
  0
VERTEX
  5
4E6
  8
_ENGRAVING
 10
340.607653990992
 20
655.0309890555224
 30
0.0
  0
VERTEX
  5
4E7
  8
_ENGRAVING
 10
340.5700995045902
 20
654.8535692380804
 30
0.0
  0
VERTEX
  5
4E8
  8
_ENGRAVING
 10
340.5218151649308
 20
654.680136382828
 30
0.0
  0
VERTEX
  5
4E9
  8
_ENGRAVING
 10
340.4628009720137
 20
654.5106904897655
 30
0.0
  0
VERTEX
  5
4EA
  8
_ENGRAVING
 10
340.393056925839
 20
654.3452315588925
 30
0.0
  0
VERTEX
  5
4EB
  8
_ENGRAVING
 10
340.3125830264066
 20
654.1837595902093
 30
0.0
  0
VERTEX
  5
4EC
  8
_ENGRAVING
 10
340.2214098430991
 20
654.0342485080953
 30
0.0
  0
VERTEX
  5
4ED
  8
_ENGRAVING
 10
340.1195679452989
 20
653.9046722369299
 30
0.0
  0
VERTEX
  5
4EE
  8
_ENGRAVING
 10
340.0070573330061
 20
653.7950307767128
 30
0.0
  0
VERTEX
  5
4EF
  8
_ENGRAVING
 10
339.8838780062206
 20
653.7053241274443
 30
0.0
  0
VERTEX
  5
4F0
  8
_ENGRAVING
 10
339.7500299649424
 20
653.6355522891245
 30
0.0
  0
VERTEX
  5
4F1
  8
_ENGRAVING
 10
339.6055132091716
 20
653.5857152617532
 30
0.0
  0
VERTEX
  5
4F2
  8
_ENGRAVING
 10
339.4503277389081
 20
653.5558130453303
 30
0.0
  0
VERTEX
  5
4F3
  8
_ENGRAVING
 10
339.2844735541521
 20
653.545845639856
 30
0.0
  0
VERTEX
  5
4F4
  8
_ENGRAVING
 10
338.3629900880591
 20
653.545845639856
 30
0.0
  0
VERTEX
  5
4F5
  8
_ENGRAVING
 10
338.3669029690191
 20
653.545845639856
 30
0.0
  0
VERTEX
  5
4F6
  8
_ENGRAVING
 10
338.3629900880591
 20
653.545845639856
 30
0.0
  0
VERTEX
  5
4F7
  8
_ENGRAVING
 10
338.2925582307781
 20
653.5578065264251
 30
0.0
  0
VERTEX
  5
4F8
  8
_ENGRAVING
 10
338.2036624664668
 20
653.5934400009958
 30
0.0
  0
VERTEX
  5
4F9
  8
_ENGRAVING
 10
338.1688439397989
 20
653.6192929589447
 30
0.0
  0
VERTEX
  5
4FA
  8
_ENGRAVING
 10
338.140444983456
 20
653.6505033973358
 30
0.0
  0
VERTEX
  5
4FB
  8
_ENGRAVING
 10
338.1184655974382
 20
653.6870713161697
 30
0.0
  0
VERTEX
  5
4FC
  8
_ENGRAVING
 10
338.1029057817454
 20
653.7289967154459
 30
0.0
  0
VERTEX
  5
4FD
  8
_ENGRAVING
 10
338.0910448613352
 20
653.8289199553253
 30
0.0
  0
VERTEX
  5
4FE
  8
_ENGRAVING
 10
338.0890884208552
 20
653.8289199553253
 30
0.0
  0
VERTEX
  5
4FF
  8
_ENGRAVING
 10
338.0910448613352
 20
657.3494075688377
 30
0.0
  0
VERTEX
  5
500
  8
_ENGRAVING
 10
338.0890884208552
 20
657.3653554175966
 30
0.0
  0
VERTEX
  5
501
  8
_ENGRAVING
 10
338.0966084889503
 20
657.4181203703259
 30
0.0
  0
VERTEX
  5
502
  8
_ENGRAVING
 10
338.1132993717955
 20
657.4667737682972
 30
0.0
  0
VERTEX
  5
503
  8
_ENGRAVING
 10
338.1391610693909
 20
657.5113156115103
 30
0.0
  0
VERTEX
  5
504
  8
_ENGRAVING
 10
338.1741935817364
 20
657.5517458999655
 30
0.0
  0
VERTEX
  5
505
  8
_ENGRAVING
 10
338.215829080702
 20
657.585323597157
 30
0.0
  0
VERTEX
  5
506
  8
_ENGRAVING
 10
338.2614997381576
 20
657.6093076665793
 30
0.0
  0
VERTEX
  5
507
  8
_ENGRAVING
 10
338.3112055541033
 20
657.6236981082327
 30
0.0
  0
VERTEX
  5
508
  8
_ENGRAVING
 10
338.3649465285391
 20
657.6284949221173
 30
0.0
  0
SEQEND
  5
E44
  8
_ENGRAVING
  0
POLYLINE
  5
75
  8
_ENGRAVING
 66
     1
 10
0.0
 20
0.0
 30
0.0
 70
     1
  0
VERTEX
  5
509
  8
_ENGRAVING
 10
339.2844735541521
 20
654.1080073086049
 30
0.0
  0
VERTEX
  5
50A
  8
_ENGRAVING
 10
339.2922993160722
 20
654.1080073086049
 30
0.0
  0
VERTEX
  5
50B
  8
_ENGRAVING
 10
339.3020815184723
 20
654.1080073086049
 30
0.0
  0
VERTEX
  5
50C
  8
_ENGRAVING
 10
339.3089290601524
 20
654.1090040491523
 30
0.0
  0
VERTEX
  5
50D
  8
_ENGRAVING
 10
339.3177330423126
 20
654.1100007896997
 30
0.0
  0
VERTEX
  5
50E
  8
_ENGRAVING
 10
339.3265370244727
 20
654.1109975302471
 30
0.0
  0
VERTEX
  5
50F
  8
_ENGRAVING
 10
339.3372974471128
 20
654.1119942707945
 30
0.0
  0
VERTEX
  5
510
  8
_ENGRAVING
 10
339.3451232090329
 20
654.112991011342
 30
0.0
  0
VERTEX
  5
511
  8
_ENGRAVING
 10
339.3549054114331
 20
654.1139877518895
 30
0.0
  0
VERTEX
  5
512
  8
_ENGRAVING
 10
339.3627311733532
 20
654.1149844924369
 30
0.0
  0
VERTEX
  5
513
  8
_ENGRAVING
 10
339.3725133757533
 20
654.1159812329843
 30
0.0
  0
VERTEX
  5
514
  8
_ENGRAVING
 10
339.3881648995936
 20
654.119968195174
 30
0.0
  0
VERTEX
  5
515
  8
_ENGRAVING
 10
339.3959906615137
 20
654.1229584168162
 30
0.0
  0
VERTEX
  5
516
  8
_ENGRAVING
 10
339.4057728639138
 20
654.1279421195534
 30
0.0
  0
VERTEX
  5
517
  8
_ENGRAVING
 10
339.4145768460739
 20
654.1289388601008
 30
0.0
  0
VERTEX
  5
518
  8
_ENGRAVING
 10
339.4253372687141
 20
654.1319290817431
 30
0.0
  0
VERTEX
  5
519
  8
_ENGRAVING
 10
339.4331630306342
 20
654.1339225628379
 30
0.0
  0
VERTEX
  5
51A
  8
_ENGRAVING
 10
339.4429452330343
 20
654.1379095250277
 30
0.0
  0
VERTEX
  5
51B
  8
_ENGRAVING
 10
339.4605531973546
 20
654.145883449407
 30
0.0
  0
VERTEX
  5
51C
  8
_ENGRAVING
 10
339.4801176021548
 20
654.1538573737865
 30
0.0
  0
VERTEX
  5
51D
  8
_ENGRAVING
 10
339.487943364075
 20
654.1568475954288
 30
0.0
  0
VERTEX
  5
51E
  8
_ENGRAVING
 10
339.4977255664751
 20
654.1618312981659
 30
0.0
  0
VERTEX
  5
51F
  8
_ENGRAVING
 10
339.5133770903153
 20
654.1717987036402
 30
0.0
  0
VERTEX
  5
520
  8
_ENGRAVING
 10
339.5329414951156
 20
654.1817661091145
 30
0.0
  0
VERTEX
  5
521
  8
_ENGRAVING
 10
339.5407672570357
 20
654.1867498118517
 30
0.0
  0
VERTEX
  5
522
  8
_ENGRAVING
 10
339.5505494594358
 20
654.1937269956836
 30
0.0
  0
VERTEX
  5
523
  8
_ENGRAVING
 10
339.5681574237561
 20
654.2056878822527
 30
0.0
  0
VERTEX
  5
524
  8
_ENGRAVING
 10
339.5769614059162
 20
654.2106715849899
 30
0.0
  0
VERTEX
  5
525
  8
_ENGRAVING
 10
339.5877218285564
 20
654.2176487688218
 30
0.0
  0
VERTEX
  5
526
  8
_ENGRAVING
 10
339.5955475904765
 20
654.2236292121064
 30
0.0
  0
VERTEX
  5
527
  8
_ENGRAVING
 10
339.6053297928766
 20
654.2316031364859
 30
0.0
  0
VERTEX
  5
528
  8
_ENGRAVING
 10
339.6131555547967
 20
654.2365868392229
 30
0.0
  0
VERTEX
  5
529
  8
_ENGRAVING
 10
339.6229377571969
 20
654.243564023055
 30
0.0
  0
VERTEX
  5
52A
  8
_ENGRAVING
 10
339.6425021619971
 20
654.2595118718137
 30
0.0
  0
VERTEX
  5
52B
  8
_ENGRAVING
 10
339.6581536858374
 20
654.2754597205726
 30
0.0
  0
VERTEX
  5
52C
  8
_ENGRAVING
 10
339.6659794477575
 20
654.2834336449521
 30
0.0
  0
VERTEX
  5
52D
  8
_ENGRAVING
 10
339.6757616501576
 20
654.2934010504263
 30
0.0
  0
VERTEX
  5
52E
  8
_ENGRAVING
 10
339.6835874120777
 20
654.3013749748058
 30
0.0
  0
VERTEX
  5
52F
  8
_ENGRAVING
 10
339.6933696144779
 20
654.31134238028
 30
0.0
  0
VERTEX
  5
530
  8
_ENGRAVING
 10
339.7109775787981
 20
654.3272902290388
 30
0.0
  0
VERTEX
  5
531
  8
_ENGRAVING
 10
339.7188033407182
 20
654.3352641534183
 30
0.0
  0
VERTEX
  5
532
  8
_ENGRAVING
 10
339.7285855431184
 20
654.3452315588925
 30
0.0
  0
VERTEX
  5
533
  8
_ENGRAVING
 10
339.7364113050385
 20
654.3542022238194
 30
0.0
  0
VERTEX
  5
534
  8
_ENGRAVING
 10
339.7461935074386
 20
654.3651663698411
 30
0.0
  0
VERTEX
  5
535
  8
_ENGRAVING
 10
339.7618450312788
 20
654.3851011807895
 30
0.0
  0
VERTEX
  5
536
  8
_ENGRAVING
 10
339.7794529955991
 20
654.407029472833
 30
0.0
  0
VERTEX
  5
537
  8
_ENGRAVING
 10
339.7951045194393
 20
654.4289577648764
 30
0.0
  0
VERTEX
  5
538
  8
_ENGRAVING
 10
339.8029302813594
 20
654.4399219108981
 30
0.0
  0
VERTEX
  5
539
  8
_ENGRAVING
 10
339.8127124837595
 20
654.4508860569198
 30
0.0
  0
VERTEX
  5
53A
  8
_ENGRAVING
 10
339.8195600254397
 20
654.4628469434889
 30
0.0
  0
VERTEX
  5
53B
  8
_ENGRAVING
 10
339.8283640075998
 20
654.474807830058
 30
0.0
  0
VERTEX
  5
53C
  8
_ENGRAVING
 10
339.8352115492798
 20
654.4877654571746
 30
0.0
  0
VERTEX
  5
53D
  8
_ENGRAVING
 10
339.84401553144
 20
654.5007230842912
 30
0.0
  0
VERTEX
  5
53E
  8
_ENGRAVING
 10
339.8596670552802
 20
654.5246448574294
 30
0.0
  0
VERTEX
  5
53F
  8
_ENGRAVING
 10
339.8665145969603
 20
654.5376024845459
 30
0.0
  0
VERTEX
  5
540
  8
_ENGRAVING
 10
339.8753185791205
 20
654.5505601116625
 30
0.0
  0
VERTEX
  5
541
  8
_ENGRAVING
 10
339.8821661208005
 20
654.5635177387791
 30
0.0
  0
VERTEX
  5
542
  8
_ENGRAVING
 10
339.8909701029606
 20
654.5764753658956
 30
0.0
  0
VERTEX
  5
543
  8
_ENGRAVING
 10
339.9027087458408
 20
654.6023906201287
 30
0.0
  0
VERTEX
  5
544
  8
_ENGRAVING
 10
339.9095562875209
 20
654.6163449877927
 30
0.0
  0
VERTEX
  5
545
  8
_ENGRAVING
 10
339.918360269681
 20
654.6322928365515
 30
0.0
  0
VERTEX
  5
546
  8
_ENGRAVING
 10
339.9252078113611
 20
654.645250463668
 30
0.0
  0
VERTEX
  5
547
  8
_ENGRAVING
 10
339.9340117935213
 20
654.6602015718795
 30
0.0
  0
VERTEX
  5
548
  8
_ENGRAVING
 10
339.9389028947213
 20
654.6741559395434
 30
0.0
  0
VERTEX
  5
549
  8
_ENGRAVING
 10
339.9457504364015
 20
654.6901037883023
 30
0.0
  0
VERTEX
  5
54A
  8
_ENGRAVING
 10
339.9594455197616
 20
654.7200060047251
 30
0.0
  0
VERTEX
  5
54B
  8
_ENGRAVING
 10
339.9731406031218
 20
654.7519017022428
 30
0.0
  0
VERTEX
  5
54C
  8
_ENGRAVING
 10
339.9780317043219
 20
654.7668528104542
 30
0.0
  0
VERTEX
  5
54D
  8
_ENGRAVING
 10
339.984879246002
 20
654.7837973997605
 30
0.0
  0
VERTEX
  5
54E
  8
_ENGRAVING
 10
339.9897703472021
 20
654.7997452485192
 30
0.0
  0
VERTEX
  5
54F
  8
_ENGRAVING
 10
339.9966178888822
 20
654.817686578373
 30
0.0
  0
VERTEX
  5
550
  8
_ENGRAVING
 10
340.0064000912823
 20
654.8495822758906
 30
0.0
  0
VERTEX
  5
551
  8
_ENGRAVING
 10
340.0112911924824
 20
654.8655301246495
 30
0.0
  0
VERTEX
  5
552
  8
_ENGRAVING
 10
340.0181387341624
 20
654.8834714545031
 30
0.0
  0
VERTEX
  5
553
  8
_ENGRAVING
 10
340.0279209365626
 20
654.9173606331157
 30
0.0
  0
VERTEX
  5
554
  8
_ENGRAVING
 10
340.0396595794427
 20
654.9512498117282
 30
0.0
  0
VERTEX
  5
555
  8
_ENGRAVING
 10
340.0425942401628
 20
654.9681944010345
 30
0.0
  0
VERTEX
  5
556
  8
_ENGRAVING
 10
340.0474853413629
 20
654.9871324714355
 30
0.0
  0
VERTEX
  5
557
  8
_ENGRAVING
 10
340.0513982223229
 20
655.0040770607418
 30
0.0
  0
VERTEX
  5
558
  8
_ENGRAVING
 10
340.057267543763
 20
655.023015131143
 30
0.0
  0
VERTEX
  5
559
  8
_ENGRAVING
 10
340.0602022044831
 20
655.0379662393543
 30
0.0
  0
VERTEX
  5
55A
  8
_ENGRAVING
 10
340.0650933056831
 20
655.0569043097555
 30
0.0
  0
VERTEX
  5
55B
  8
_ENGRAVING
 10
340.0709626271232
 20
655.0947804505577
 30
0.0
  0
VERTEX
  5
55C
  8
_ENGRAVING
 10
340.0738972878432
 20
655.1117250398639
 30
0.0
  0
VERTEX
  5
55D
  8
_ENGRAVING
 10
340.0787883890433
 20
655.1306631102651
 30
0.0
  0
VERTEX
  5
55E
  8
_ENGRAVING
 10
340.0807448295233
 20
655.1476076995713
 30
0.0
  0
VERTEX
  5
55F
  8
_ENGRAVING
 10
340.0846577104834
 20
655.1665457699725
 30
0.0
  0
VERTEX
  5
560
  8
_ENGRAVING
 10
340.0905270319235
 20
655.2044219107746
 30
0.0
  0
VERTEX
  5
561
  8
_ENGRAVING
 10
340.0934616926435
 20
655.2223632406284
 30
0.0
  0
VERTEX
  5
562
  8
_ENGRAVING
 10
340.0983527938436
 20
655.2422980515769
 30
0.0
  0
VERTEX
  5
563
  8
_ENGRAVING
 10
340.1022656748037
 20
655.2801741923791
 30
0.0
  0
VERTEX
  5
564
  8
_ENGRAVING
 10
340.1032438950436
 20
655.2971187816854
 30
0.0
  0
VERTEX
  5
565
  8
_ENGRAVING
 10
340.1061785557637
 20
655.3180503331813
 30
0.0
  0
VERTEX
  5
566
  8
_ENGRAVING
 10
340.1100914367237
 20
655.3559264739836
 30
0.0
  0
VERTEX
  5
567
  8
_ENGRAVING
 10
340.1120478772038
 20
655.3938026147858
 30
0.0
  0
VERTEX
  5
568
  8
_ENGRAVING
 10
340.1140043176838
 20
655.4336722366829
 30
0.0
  0
VERTEX
  5
569
  8
_ENGRAVING
 10
340.1159607581639
 20
655.4715483774851
 30
0.0
  0
VERTEX
  5
56A
  8
_ENGRAVING
 10
340.1169389784039
 20
655.4904864478863
 30
0.0
  0
VERTEX
  5
56B
  8
_ENGRAVING
 10
340.1198736391239
 20
655.5114179993822
 30
0.0
  0
VERTEX
  5
56C
  8
_ENGRAVING
 10
340.1208518593639
 20
655.5283625886884
 30
0.0
  0
VERTEX
  5
56D
  8
_ENGRAVING
 10
340.1218300796039
 20
655.5492941401844
 30
0.0
  0
VERTEX
  5
56E
  8
_ENGRAVING
 10
340.1218300796039
 20
655.5672354700381
 30
0.0
  0
VERTEX
  5
56F
  8
_ENGRAVING
 10
340.1218300796039
 20
655.5871702809867
 30
0.0
  0
VERTEX
  5
570
  8
_ENGRAVING
 10
340.1218300796039
 20
655.6061083513878
 30
0.0
  0
VERTEX
  5
571
  8
_ENGRAVING
 10
340.1218300796039
 20
655.6250464217889
 30
0.0
  0
VERTEX
  5
572
  8
_ENGRAVING
 10
340.1208518593639
 20
655.64398449219
 30
0.0
  0
VERTEX
  5
573
  8
_ENGRAVING
 10
340.1198736391239
 20
655.6649160436859
 30
0.0
  0
VERTEX
  5
574
  8
_ENGRAVING
 10
340.1198736391239
 20
655.6828573735397
 30
0.0
  0
VERTEX
  5
575
  8
_ENGRAVING
 10
340.1198736391239
 20
655.7027921844882
 30
0.0
  0
VERTEX
  5
576
  8
_ENGRAVING
 10
340.1159607581639
 20
655.7426618063853
 30
0.0
  0
VERTEX
  5
577
  8
_ENGRAVING
 10
340.1140043176838
 20
655.7785444660926
 30
0.0
  0
VERTEX
  5
578
  8
_ENGRAVING
 10
340.1100914367237
 20
655.8204075690846
 30
0.0
  0
VERTEX
  5
579
  8
_ENGRAVING
 10
340.1081349962437
 20
655.856290228792
 30
0.0
  0
VERTEX
  5
57A
  8
_ENGRAVING
 10
340.1042221152837
 20
655.8941663695942
 30
0.0
  0
VERTEX
  5
57B
  8
_ENGRAVING
 10
340.1012874545636
 20
655.9121076994479
 30
0.0
  0
VERTEX
  5
57C
  8
_ENGRAVING
 10
340.1003092343236
 20
655.9320425103964
 30
0.0
  0
VERTEX
  5
57D
  8
_ENGRAVING
 10
340.0924834724035
 20
655.9699186511987
 30
0.0
  0
VERTEX
  5
57E
  8
_ENGRAVING
 10
340.0885705914434
 20
655.9868632405049
 30
0.0
  0
VERTEX
  5
57F
  8
_ENGRAVING
 10
340.0866141509634
 20
656.005801310906
 30
0.0
  0
VERTEX
  5
580
  8
_ENGRAVING
 10
340.0807448295233
 20
656.0436774517083
 30
0.0
  0
VERTEX
  5
581
  8
_ENGRAVING
 10
340.0748755080833
 20
656.0815535925105
 30
0.0
  0
VERTEX
  5
582
  8
_ENGRAVING
 10
340.0650933056831
 20
656.1174362522179
 30
0.0
  0
VERTEX
  5
583
  8
_ENGRAVING
 10
340.059223984243
 20
656.1513254308304
 30
0.0
  0
VERTEX
  5
584
  8
_ENGRAVING
 10
340.053354662803
 20
656.1682700201367
 30
0.0
  0
VERTEX
  5
585
  8
_ENGRAVING
 10
340.0494417818429
 20
656.1872080905378
 30
0.0
  0
VERTEX
  5
586
  8
_ENGRAVING
 10
340.0435724604028
 20
656.204152679844
 30
0.0
  0
VERTEX
  5
587
  8
_ENGRAVING
 10
340.0396595794427
 20
656.2230907502451
 30
0.0
  0
VERTEX
  5
588
  8
_ENGRAVING
 10
340.0298773770426
 20
656.2569799288576
 30
0.0
  0
VERTEX
  5
589
  8
_ENGRAVING
 10
340.0200951746425
 20
656.2908691074701
 30
0.0
  0
VERTEX
  5
58A
  8
_ENGRAVING
 10
340.0132476329624
 20
656.3058202156816
 30
0.0
  0
VERTEX
  5
58B
  8
_ENGRAVING
 10
340.0083565317623
 20
656.3227648049879
 30
0.0
  0
VERTEX
  5
58C
  8
_ENGRAVING
 10
339.9966178888822
 20
656.3566539836004
 30
0.0
  0
VERTEX
  5
58D
  8
_ENGRAVING
 10
339.984879246002
 20
656.3885496811181
 30
0.0
  0
VERTEX
  5
58E
  8
_ENGRAVING
 10
339.9780317043219
 20
656.4035007893294
 30
0.0
  0
VERTEX
  5
58F
  8
_ENGRAVING
 10
339.9731406031218
 20
656.4204453786357
 30
0.0
  0
VERTEX
  5
590
  8
_ENGRAVING
 10
339.9653148412017
 20
656.4343997462997
 30
0.0
  0
VERTEX
  5
591
  8
_ENGRAVING
 10
339.9594455197616
 20
656.4503475950585
 30
0.0
  0
VERTEX
  5
592
  8
_ENGRAVING
 10
339.9457504364015
 20
656.4802498114814
 30
0.0
  0
VERTEX
  5
593
  8
_ENGRAVING
 10
339.9340117935213
 20
656.5081585468093
 30
0.0
  0
VERTEX
  5
594
  8
_ENGRAVING
 10
339.9203167101611
 20
656.5380607632321
 30
0.0
  0
VERTEX
  5
595
  8
_ENGRAVING
 10
339.912490948241
 20
656.5510183903486
 30
0.0
  0
VERTEX
  5
596
  8
_ENGRAVING
 10
339.9066216268009
 20
656.5639760174652
 30
0.0
  0
VERTEX
  5
597
  8
_ENGRAVING
 10
339.8909701029606
 20
656.5918847527931
 30
0.0
  0
VERTEX
  5
598
  8
_ENGRAVING
 10
339.8753185791205
 20
656.6178000070263
 30
0.0
  0
VERTEX
  5
599
  8
_ENGRAVING
 10
339.8665145969603
 20
656.6307576341428
 30
0.0
  0
VERTEX
  5
59A
  8
_ENGRAVING
 10
339.8596670552802
 20
656.6437152612593
 30
0.0
  0
VERTEX
  5
59B
  8
_ENGRAVING
 10
339.84401553144
 20
656.6676370343977
 30
0.0
  0
VERTEX
  5
59C
  8
_ENGRAVING
 10
339.8361897695199
 20
656.6795979209668
 30
0.0
  0
VERTEX
  5
59D
  8
_ENGRAVING
 10
339.8303204480798
 20
656.6915588075359
 30
0.0
  0
VERTEX
  5
59E
  8
_ENGRAVING
 10
339.7970609599193
 20
656.7374088727175
 30
0.0
  0
VERTEX
  5
59F
  8
_ENGRAVING
 10
339.7657579122389
 20
656.7812654568044
 30
0.0
  0
VERTEX
  5
5A0
  8
_ENGRAVING
 10
339.7305419835984
 20
656.8211350787014
 30
0.0
  0
VERTEX
  5
5A1
  8
_ENGRAVING
 10
339.6953260549579
 20
656.8590112195036
 30
0.0
  0
VERTEX
  5
5A2
  8
_ENGRAVING
 10
339.6620665667974
 20
656.8929003981161
 30
0.0
  0
VERTEX
  5
5A3
  8
_ENGRAVING
 10
339.6248941976769
 20
656.9228026145389
 30
0.0
  0
VERTEX
  5
5A4
  8
_ENGRAVING
 10
339.5877218285564
 20
656.9527048309618
 30
0.0
  0
VERTEX
  5
5A5
  8
_ENGRAVING
 10
339.5505494594358
 20
656.9786200851948
 30
0.0
  0
VERTEX
  5
5A6
  8
_ENGRAVING
 10
339.5153335307954
 20
657.0005483772383
 30
0.0
  0
VERTEX
  5
5A7
  8
_ENGRAVING
 10
339.4801176021548
 20
657.0184897070919
 30
0.0
  0
VERTEX
  5
5A8
  8
_ENGRAVING
 10
339.4429452330343
 20
657.032444074756
 30
0.0
  0
VERTEX
  5
5A9
  8
_ENGRAVING
 10
339.4057728639138
 20
657.0463984424199
 30
0.0
  0
VERTEX
  5
5AA
  8
_ENGRAVING
 10
339.3881648995936
 20
657.051382145157
 30
0.0
  0
VERTEX
  5
5AB
  8
_ENGRAVING
 10
339.3725133757533
 20
657.058359328989
 30
0.0
  0
VERTEX
  5
5AC
  8
_ENGRAVING
 10
339.3372974471128
 20
657.0643397722736
 30
0.0
  0
VERTEX
  5
5AD
  8
_ENGRAVING
 10
339.3020815184723
 20
657.0663332533685
 30
0.0
  0
VERTEX
  5
5AE
  8
_ENGRAVING
 10
339.2922993160722
 20
657.0663332533685
 30
0.0
  0
VERTEX
  5
5AF
  8
_ENGRAVING
 10
339.2844735541521
 20
657.0663332533685
 30
0.0
  0
VERTEX
  5
5B0
  8
_ENGRAVING
 10
338.638848195743
 20
657.0663332533685
 30
0.0
  0
VERTEX
  5
5B1
  8
_ENGRAVING
 10
338.638848195743
 20
654.1080073086049
 30
0.0
  0
SEQEND
  5
E45
  8
_ENGRAVING
  0
POLYLINE
  5
76
  8
_ENGRAVING
 66
     1
 10
0.0
 20
0.0
 30
0.0
 70
     1
  0
VERTEX
  5
5B2
  8
_ENGRAVING
 10
343.3264795858892
 20
657.072313696653
 30
0.0
  0
VERTEX
  5
5B3
  8
_ENGRAVING
 10
341.7045904279462
 20
657.072313696653
 30
0.0
  0
VERTEX
  5
5B4
  8
_ENGRAVING
 10
341.7045904279462
 20
655.9818795377678
 30
0.0
  0
VERTEX
  5
5B5
  8
_ENGRAVING
 10
342.9410608113238
 20
655.9818795377678
 30
0.0
  0
VERTEX
  5
5B6
  8
_ENGRAVING
 10
343.0061583113585
 20
655.9682833737379
 30
0.0
  0
VERTEX
  5
5B7
  8
_ENGRAVING
 10
343.0625435373805
 20
655.9484264331447
 30
0.0
  0
VERTEX
  5
5B8
  8
_ENGRAVING
 10
343.1102164893899
 20
655.9223087159878
 30
0.0
  0
VERTEX
  5
5B9
  8
_ENGRAVING
 10
343.1491771673867
 20
655.8899302222676
 30
0.0
  0
VERTEX
  5
5BA
  8
_ENGRAVING
 10
343.1794255713709
 20
655.8512909519837
 30
0.0
  0
VERTEX
  5
5BB
  8
_ENGRAVING
 10
343.2009617013424
 20
655.8063909051364
 30
0.0
  0
VERTEX
  5
5BC
  8
_ENGRAVING
 10
343.2137855573013
 20
655.7552300817254
 30
0.0
  0
VERTEX
  5
5BD
  8
_ENGRAVING
 10
343.2178971392477
 20
655.697808481751
 30
0.0
  0
VERTEX
  5
5BE
  8
_ENGRAVING
 10
343.2133575859464
 20
655.6404180299187
 30
0.0
  0
VERTEX
  5
5BF
  8
_ENGRAVING
 10
343.2002280361625
 20
655.5893506509342
 30
0.0
  0
VERTEX
  5
5C0
  8
_ENGRAVING
 10
343.1785084898959
 20
655.5446063447973
 30
0.0
  0
VERTEX
  5
5C1
  8
_ENGRAVING
 10
343.1481989471467
 20
655.5061851115082
 30
0.0
  0
VERTEX
  5
5C2
  8
_ENGRAVING
 10
343.1092994079149
 20
655.4740869510669
 30
0.0
  0
VERTEX
  5
5C3
  8
_ENGRAVING
 10
343.0618098722005
 20
655.4483118634732
 30
0.0
  0
VERTEX
  5
5C4
  8
_ENGRAVING
 10
343.0057303400035
 20
655.4288598487274
 30
0.0
  0
VERTEX
  5
5C5
  8
_ENGRAVING
 10
342.9410608113238
 20
655.4157309068293
 30
0.0
  0
VERTEX
  5
5C6
  8
_ENGRAVING
 10
341.7045904279462
 20
655.4157309068293
 30
0.0
  0
VERTEX
  5
5C7
  8
_ENGRAVING
 10
341.7045904279462
 20
654.10601382751
 30
0.0
  0
VERTEX
  5
5C8
  8
_ENGRAVING
 10
343.3264795858892
 20
654.10601382751
 30
0.0
  0
VERTEX
  5
5C9
  8
_ENGRAVING
 10
343.3911338298776
 20
654.0924643856933
 30
0.0
  0
VERTEX
  5
5CA
  8
_ENGRAVING
 10
343.4471675080009
 20
654.0727476117397
 30
0.0
  0
VERTEX
  5
5CB
  8
_ENGRAVING
 10
343.4945806202591
 20
654.0468635056486
 30
0.0
  0
VERTEX
  5
5CC
  8
_ENGRAVING
 10
343.5333731666522
 20
654.0148120674205
 30
0.0
  0
VERTEX
  5
5CD
  8
_ENGRAVING
 10
343.56354514718
 20
653.9765932970552
 30
0.0
  0
VERTEX
  5
5CE
  8
_ENGRAVING
 10
343.5850965618428
 20
653.9322071945526
 30
0.0
  0
VERTEX
  5
5CF
  8
_ENGRAVING
 10
343.5980274106405
 20
653.8816537599125
 30
0.0
  0
VERTEX
  5
5D0
  8
_ENGRAVING
 10
343.6023376935731
 20
653.8249329931356
 30
0.0
  0
VERTEX
  5
5D1
  8
_ENGRAVING
 10
343.5980274106405
 20
653.7682433745006
 30
0.0
  0
VERTEX
  5
5D2
  8
_ENGRAVING
 10
343.5850965618428
 20
653.717783384287
 30
0.0
  0
VERTEX
  5
5D3
  8
_ENGRAVING
 10
343.56354514718
 20
653.6735530224951
 30
0.0
  0
VERTEX
  5
5D4
  8
_ENGRAVING
 10
343.5333731666522
 20
653.6355522891245
 30
0.0
  0
VERTEX
  5
5D5
  8
_ENGRAVING
 10
343.4945806202591
 20
653.6037811841752
 30
0.0
  0
VERTEX
  5
5D6
  8
_ENGRAVING
 10
343.4471675080009
 20
653.5782397076473
 30
0.0
  0
VERTEX
  5
5D7
  8
_ENGRAVING
 10
343.3911338298776
 20
653.558927859541
 30
0.0
  0
VERTEX
  5
5D8
  8
_ENGRAVING
 10
343.3264795858892
 20
653.545845639856
 30
0.0
  0
VERTEX
  5
5D9
  8
_ENGRAVING
 10
341.4326452012224
 20
653.545845639856
 30
0.0
  0
VERTEX
  5
5DA
  8
_ENGRAVING
 10
341.3748079295316
 20
653.5572458598672
 30
0.0
  0
VERTEX
  5
5DB
  8
_ENGRAVING
 10
341.3235736444609
 20
653.575498671142
 30
0.0
  0
VERTEX
  5
5DC
  8
_ENGRAVING
 10
341.2789423460102
 20
653.6006040736802
 30
0.0
  0
VERTEX
  5
5DD
  8
_ENGRAVING
 10
341.2409140341797
 20
653.632562067482
 30
0.0
  0
VERTEX
  5
5DE
  8
_ENGRAVING
 10
341.2094887089693
 20
653.6713726525475
 30
0.0
  0
VERTEX
  5
5DF
  8
_ENGRAVING
 10
341.1846663703789
 20
653.7170358288765
 30
0.0
  0
VERTEX
  5
5E0
  8
_ENGRAVING
 10
341.1664470184087
 20
653.7695515964691
 30
0.0
  0
VERTEX
  5
5E1
  8
_ENGRAVING
 10
341.1548306530585
 20
653.8289199553253
 30
0.0
  0
VERTEX
  5
5E2
  8
_ENGRAVING
 10
341.1548306530585
 20
657.3494075688377
 30
0.0
  0
VERTEX
  5
5E3
  8
_ENGRAVING
 10
341.1673029611187
 20
657.4113300753465
 30
0.0
  0
VERTEX
  5
5E4
  8
_ENGRAVING
 10
341.1861337007389
 20
657.465527842613
 30
0.0
  0
VERTEX
  5
5E5
  8
_ENGRAVING
 10
341.2113228719193
 20
657.5120008706367
 30
0.0
  0
VERTEX
  5
5E6
  8
_ENGRAVING
 10
341.2428704746598
 20
657.550749159418
 30
0.0
  0
VERTEX
  5
5E7
  8
_ENGRAVING
 10
341.2807765089602
 20
657.5817727089566
 30
0.0
  0
VERTEX
  5
5E8
  8
_ENGRAVING
 10
341.3250409748209
 20
657.6050715192528
 30
0.0
  0
VERTEX
  5
5E9
  8
_ENGRAVING
 10
341.3756638722415
 20
657.6206455903063
 30
0.0
  0
VERTEX
  5
5EA
  8
_ENGRAVING
 10
341.4326452012224
 20
657.6284949221173
 30
0.0
  0
VERTEX
  5
5EB
  8
_ENGRAVING
 10
343.3264795858892
 20
657.6284949221173
 30
0.0
  0
VERTEX
  5
5EC
  8
_ENGRAVING
 10
343.3911185451864
 20
657.6193217942667
 30
0.0
  0
VERTEX
  5
5ED
  8
_ENGRAVING
 10
343.4471063692359
 20
657.6027665567368
 30
0.0
  0
VERTEX
  5
5EE
  8
_ENGRAVING
 10
343.4944430580379
 20
657.5788292095276
 30
0.0
  0
VERTEX
  5
5EF
  8
_ENGRAVING
 10
343.5331286115921
 20
657.5475097526389
 30
0.0
  0
VERTEX
  5
5F0
  8
_ENGRAVING
 10
343.5631630298988
 20
657.5088081860708
 30
0.0
  0
VERTEX
  5
5F1
  8
_ENGRAVING
 10
343.5845463129579
 20
657.4627245098234
 30
0.0
  0
VERTEX
  5
5F2
  8
_ENGRAVING
 10
343.5972784607693
 20
657.4092587238965
 30
0.0
  0
VERTEX
  5
5F3
  8
_ENGRAVING
 10
343.6013594733331
 20
657.3484108282903
 30
0.0
  0
VERTEX
  5
5F4
  8
_ENGRAVING
 10
343.5968504894142
 20
657.2876252289683
 30
0.0
  0
VERTEX
  5
5F5
  8
_ENGRAVING
 10
343.5838126477778
 20
657.2343463318941
 30
0.0
  0
VERTEX
  5
5F6
  8
_ENGRAVING
 10
343.5622459484238
 20
657.1885741370678
 30
0.0
  0
VERTEX
  5
5F7
  8
_ENGRAVING
 10
343.5321503913521
 20
657.1503086444893
 30
0.0
  0
VERTEX
  5
5F8
  8
_ENGRAVING
 10
343.4935259765628
 20
657.1195498541585
 30
0.0
  0
VERTEX
  5
5F9
  8
_ENGRAVING
 10
343.4463727040559
 20
657.0962977660756
 30
0.0
  0
VERTEX
  5
5FA
  8
_ENGRAVING
 10
343.3906905738314
 20
657.0805523802404
 30
0.0
  0
SEQEND
  5
E46
  8
_ENGRAVING
  0
POLYLINE
  5
77
  8
_ENGRAVING
 66
     1
 10
0.0
 20
0.0
 30
0.0
 70
     1
  0
VERTEX
  5
5FB
  8
_ENGRAVING
 10
346.7482939854576
 20
656.4543345572482
 30
0.0
  0
VERTEX
  5
5FC
  8
_ENGRAVING
 10
346.8242894703536
 20
656.175620981674
 30
0.0
  0
VERTEX
  5
5FD
  8
_ENGRAVING
 10
346.8722834008793
 20
655.8916745182257
 30
0.0
  0
VERTEX
  5
5FE
  8
_ENGRAVING
 10
346.8922757770346
 20
655.6024951669035
 30
0.0
  0
VERTEX
  5
5FF
  8
_ENGRAVING
 10
346.8842665988195
 20
655.3080829277071
 30
0.0
  0
VERTEX
  5
600
  8
_ENGRAVING
 10
346.869639149293
 20
655.1611882895301
 30
0.0
  0
VERTEX
  5
601
  8
_ENGRAVING
 10
346.8477667561139
 20
655.0175330581321
 30
0.0
  0
VERTEX
  5
602
  8
_ENGRAVING
 10
346.8186494192823
 20
654.8771172335133
 30
0.0
  0
VERTEX
  5
603
  8
_ENGRAVING
 10
346.782287138798
 20
654.7399408156737
 30
0.0
  0
VERTEX
  5
604
  8
_ENGRAVING
 10
346.7386799146612
 20
654.6060038046131
 30
0.0
  0
VERTEX
  5
605
  8
_ENGRAVING
 10
346.6878277468717
 20
654.4753062003317
 30
0.0
  0
VERTEX
  5
606
  8
_ENGRAVING
 10
346.6297306354297
 20
654.3478480028296
 30
0.0
  0
VERTEX
  5
607
  8
_ENGRAVING
 10
346.564388580335
 20
654.2236292121064
 30
0.0
  0
VERTEX
  5
608
  8
_ENGRAVING
 10
346.4693789395236
 20
654.0768591664978
 30
0.0
  0
VERTEX
  5
609
  8
_ENGRAVING
 10
346.358473219812
 20
653.9415516371846
 30
0.0
  0
VERTEX
  5
60A
  8
_ENGRAVING
 10
346.2316714212003
 20
653.8177066241667
 30
0.0
  0
VERTEX
  5
60B
  8
_ENGRAVING
 10
346.0889735436883
 20
653.7053241274443
 30
0.0
  0
VERTEX
  5
60C
  8
_ENGRAVING
 10
346.0126723649672
 20
653.6563280999098
 30
0.0
  0
VERTEX
  5
60D
  8
_ENGRAVING
 10
345.934414745766
 20
653.6159912558812
 30
0.0
  0
VERTEX
  5
60E
  8
_ENGRAVING
 10
345.8542006860849
 20
653.5843135953583
 30
0.0
  0
VERTEX
  5
60F
  8
_ENGRAVING
 10
345.7720301859238
 20
653.5612951183411
 30
0.0
  0
VERTEX
  5
610
  8
_ENGRAVING
 10
345.6879032452825
 20
653.5469358248298
 30
0.0
  0
VERTEX
  5
611
  8
_ENGRAVING
 10
345.6018198641614
 20
653.5412357148243
 30
0.0
  0
VERTEX
  5
612
  8
_ENGRAVING
 10
345.5137800425601
 20
653.5441947883244
 30
0.0
  0
VERTEX
  5
613
  8
_ENGRAVING
 10
345.4237837804789
 20
653.5558130453303
 30
0.0
  0
VERTEX
  5
614
  8
_ENGRAVING
 10
345.2799242664318
 20
653.5887677796796
 30
0.0
  0
VERTEX
  5
615
  8
_ENGRAVING
 10
345.1447464570149
 20
653.634804733714
 30
0.0
  0
VERTEX
  5
616
  8
_ENGRAVING
 10
345.0182503522281
 20
653.6939239074331
 30
0.0
  0
VERTEX
  5
617
  8
_ENGRAVING
 10
344.9004359520715
 20
653.7661253008373
 30
0.0
  0
VERTEX
  5
618
  8
_ENGRAVING
 10
344.7913032565449
 20
653.8514089139265
 30
0.0
  0
VERTEX
  5
619
  8
_ENGRAVING
 10
344.6908522656485
 20
653.9497747467008
 30
0.0
  0
VERTEX
  5
61A
  8
_ENGRAVING
 10
344.5990829793822
 20
654.06122279916
 30
0.0
  0
VERTEX
  5
61B
  8
_ENGRAVING
 10
344.515995397746
 20
654.1857530713041
 30
0.0
  0
VERTEX
  5
61C
  8
_ENGRAVING
 10
344.4414519585187
 20
654.3186777677462
 30
0.0
  0
VERTEX
  5
61D
  8
_ENGRAVING
 10
344.3753150994791
 20
654.4553090930989
 30
0.0
  0
VERTEX
  5
61E
  8
_ENGRAVING
 10
344.317584820627
 20
654.5956470473625
 30
0.0
  0
VERTEX
  5
61F
  8
_ENGRAVING
 10
344.2682611219625
 20
654.7396916305368
 30
0.0
  0
VERTEX
  5
620
  8
_ENGRAVING
 10
344.2273440034857
 20
654.8874428426218
 30
0.0
  0
VERTEX
  5
621
  8
_ENGRAVING
 10
344.1948334651964
 20
655.0389006836175
 30
0.0
  0
VERTEX
  5
622
  8
_ENGRAVING
 10
344.1707295070948
 20
655.1940651535241
 30
0.0
  0
VERTEX
  5
623
  8
_ENGRAVING
 10
344.1550321291809
 20
655.3529362523414
 30
0.0
  0
VERTEX
  5
624
  8
_ENGRAVING
 10
344.1476343386158
 20
655.5131467212692
 30
0.0
  0
VERTEX
  5
625
  8
_ENGRAVING
 10
344.1484291425608
 20
655.6723293015075
 30
0.0
  0
VERTEX
  5
626
  8
_ENGRAVING
 10
344.1574165410159
 20
655.8304839930563
 30
0.0
  0
VERTEX
  5
627
  8
_ENGRAVING
 10
344.1745965339812
 20
655.9876107959155
 30
0.0
  0
VERTEX
  5
628
  8
_ENGRAVING
 10
344.1999691214565
 20
656.1437097100852
 30
0.0
  0
VERTEX
  5
629
  8
_ENGRAVING
 10
344.2335343034421
 20
656.2987807355653
 30
0.0
  0
VERTEX
  5
62A
  8
_ENGRAVING
 10
344.2752920799376
 20
656.452823872356
 30
0.0
  0
VERTEX
  5
62B
  8
_ENGRAVING
 10
344.3252424509433
 20
656.6058391204572
 30
0.0
  0
VERTEX
  5
62C
  8
_ENGRAVING
 10
344.3833089930029
 20
656.7531386844817
 30
0.0
  0
VERTEX
  5
62D
  8
_ENGRAVING
 10
344.4494152826601
 20
656.8900347690422
 30
0.0
  0
VERTEX
  5
62E
  8
_ENGRAVING
 10
344.5235613199148
 20
657.0165273741392
 30
0.0
  0
VERTEX
  5
62F
  8
_ENGRAVING
 10
344.6057471047673
 20
657.1326164997723
 30
0.0
  0
VERTEX
  5
630
  8
_ENGRAVING
 10
344.6959726372173
 20
657.2383021459418
 30
0.0
  0
VERTEX
  5
631
  8
_ENGRAVING
 10
344.794237917265
 20
657.3335843126473
 30
0.0
  0
VERTEX
  5
632
  8
_ENGRAVING
 10
344.9005429449102
 20
657.4184629998892
 30
0.0
  0
VERTEX
  5
633
  8
_ENGRAVING
 10
345.0148877201531
 20
657.4929382076673
 30
0.0
  0
VERTEX
  5
634
  8
_ENGRAVING
 10
345.1316627613047
 20
657.5522442702392
 30
0.0
  0
VERTEX
  5
635
  8
_ENGRAVING
 10
345.2511279081164
 20
657.5946057435048
 30
0.0
  0
VERTEX
  5
636
  8
_ENGRAVING
 10
345.3732831605881
 20
657.6200226274641
 30
0.0
  0
VERTEX
  5
637
  8
_ENGRAVING
 10
345.4981285187199
 20
657.6284949221173
 30
0.0
  0
VERTEX
  5
638
  8
_ENGRAVING
 10
345.6156983638166
 20
657.6227169417564
 30
0.0
  0
VERTEX
  5
639
  8
_ENGRAVING
 10
345.7277657200631
 20
657.6053830006738
 30
0.0
  0
VERTEX
  5
63A
  8
_ENGRAVING
 10
345.8343305874597
 20
657.5764930988696
 30
0.0
  0
VERTEX
  5
63B
  8
_ENGRAVING
 10
345.9353929660061
 20
657.5360472363434
 30
0.0
  0
VERTEX
  5
63C
  8
_ENGRAVING
 10
346.0309528557024
 20
657.4840454130956
 30
0.0
  0
VERTEX
  5
63D
  8
_ENGRAVING
 10
346.1210102565487
 20
657.4204876291261
 30
0.0
  0
VERTEX
  5
63E
  8
_ENGRAVING
 10
346.2055651685449
 20
657.3453738844348
 30
0.0
  0
VERTEX
  5
63F
  8
_ENGRAVING
 10
346.284617591691
 20
657.2587041790218
 30
0.0
  0
VERTEX
  5
640
  8
_ENGRAVING
 10
346.4280491343831
 20
657.0697595490003
 30
0.0
  0
VERTEX
  5
641
  8
_ENGRAVING
 10
346.5531390475749
 20
656.8727164020308
 30
0.0
  0
VERTEX
  5
642
  8
_ENGRAVING
 10
346.6598873312664
 20
656.6675747381134
 30
0.0
  0
SEQEND
  5
E47
  8
_ENGRAVING
  0
POLYLINE
  5
78
  8
_ENGRAVING
 66
     1
 10
0.0
 20
0.0
 30
0.0
 70
     1
  0
VERTEX
  5
643
  8
_ENGRAVING
 10
345.5137800425601
 20
657.0623462911788
 30
0.0
  0
VERTEX
  5
644
  8
_ENGRAVING
 10
345.4265197402126
 20
657.0561789590415
 30
0.0
  0
VERTEX
  5
645
  8
_ENGRAVING
 10
345.3447313573327
 20
657.0376769626299
 30
0.0
  0
VERTEX
  5
646
  8
_ENGRAVING
 10
345.2684148939204
 20
657.0068403019438
 30
0.0
  0
VERTEX
  5
647
  8
_ENGRAVING
 10
345.1975703499756
 20
656.9636689769834
 30
0.0
  0
VERTEX
  5
648
  8
_ENGRAVING
 10
345.1321977254985
 20
656.9081629877485
 30
0.0
  0
VERTEX
  5
649
  8
_ENGRAVING
 10
345.0722970204889
 20
656.8403223342393
 30
0.0
  0
VERTEX
  5
64A
  8
_ENGRAVING
 10
345.0178682349469
 20
656.7601470164557
 30
0.0
  0
VERTEX
  5
64B
  8
_ENGRAVING
 10
344.9689113688724
 20
656.6676370343977
 30
0.0
  0
VERTEX
  5
64C
  8
_ENGRAVING
 10
344.8849678445262
 20
656.4775087749761
 30
0.0
  0
VERTEX
  5
64D
  8
_ENGRAVING
 10
344.8180208968503
 20
656.3018332534918
 30
0.0
  0
VERTEX
  5
64E
  8
_ENGRAVING
 10
344.7680705258446
 20
656.1406104699456
 30
0.0
  0
VERTEX
  5
64F
  8
_ENGRAVING
 10
344.7351167315091
 20
655.9938404243369
 30
0.0
  0
VERTEX
  5
650
  8
_ENGRAVING
 10
344.7096830052687
 20
655.7690754308921
 30
0.0
  0
VERTEX
  5
651
  8
_ENGRAVING
 10
344.7077265647887
 20
655.501450593908
 30
0.0
  0
VERTEX
  5
652
  8
_ENGRAVING
 10
344.7165305469488
 20
655.3573592885205
 30
0.0
  0
VERTEX
  5
653
  8
_ENGRAVING
 10
344.7331602910291
 20
655.2141401311121
 30
0.0
  0
VERTEX
  5
654
  8
_ENGRAVING
 10
344.7576157970294
 20
655.0717931216826
 30
0.0
  0
VERTEX
  5
655
  8
_ENGRAVING
 10
344.7898970649499
 20
654.9303182602322
 30
0.0
  0
VERTEX
  5
656
  8
_ENGRAVING
 10
344.8306154824405
 20
654.7927680646874
 30
0.0
  0
VERTEX
  5
657
  8
_ENGRAVING
 10
344.8803824371512
 20
654.6621950529744
 30
0.0
  0
VERTEX
  5
658
  8
_ENGRAVING
 10
344.939197929082
 20
654.5385992250934
 30
0.0
  0
VERTEX
  5
659
  8
_ENGRAVING
 10
345.007061958233
 20
654.4219805810444
 30
0.0
  0
VERTEX
  5
65A
  8
_ENGRAVING
 10
345.0850750223741
 20
654.3183818603962
 30
0.0
  0
VERTEX
  5
65B
  8
_ENGRAVING
 10
345.1743376192753
 20
654.2338458027175
 30
0.0
  0
VERTEX
  5
65C
  8
_ENGRAVING
 10
345.2748497489367
 20
654.1683724080084
 30
0.0
  0
VERTEX
  5
65D
  8
_ENGRAVING
 10
345.3866114113583
 20
654.1219616762688
 30
0.0
  0
VERTEX
  5
65E
  8
_ENGRAVING
 10
345.4539099069329
 20
654.1045031426178
 30
0.0
  0
VERTEX
  5
65F
  8
_ENGRAVING
 10
345.5188545600552
 20
654.0959841257514
 30
0.0
  0
VERTEX
  5
660
  8
_ENGRAVING
 10
345.5814453707247
 20
654.09640462567
 30
0.0
  0
VERTEX
  5
661
  8
_ENGRAVING
 10
345.6416823389419
 20
654.1057646423731
 30
0.0
  0
VERTEX
  5
662
  8
_ENGRAVING
 10
345.6995654647064
 20
654.1240641758611
 30
0.0
  0
VERTEX
  5
663
  8
_ENGRAVING
 10
345.7550947480185
 20
654.1513032261337
 30
0.0
  0
VERTEX
  5
664
  8
_ENGRAVING
 10
345.8082701888779
 20
654.1874817931912
 30
0.0
  0
VERTEX
  5
665
  8
_ENGRAVING
 10
345.859091787285
 20
654.2325998770333
 30
0.0
  0
VERTEX
  5
666
  8
_ENGRAVING
 10
345.9523284039113
 20
654.3333329686077
 30
0.0
  0
VERTEX
  5
667
  8
_ENGRAVING
 10
346.0334595450674
 20
654.4371808743927
 30
0.0
  0
VERTEX
  5
668
  8
_ENGRAVING
 10
346.1024852107535
 20
654.5441435943885
 30
0.0
  0
VERTEX
  5
669
  8
_ENGRAVING
 10
346.1594054009693
 20
654.6542211285949
 30
0.0
  0
VERTEX
  5
66A
  8
_ENGRAVING
 10
346.2071547764349
 20
654.7778169564759
 30
0.0
  0
VERTEX
  5
66B
  8
_ENGRAVING
 10
346.2467115573905
 20
654.9193541142106
 30
0.0
  0
VERTEX
  5
66C
  8
_ENGRAVING
 10
346.2780757438359
 20
655.0788326017988
 30
0.0
  0
VERTEX
  5
66D
  8
_ENGRAVING
 10
346.3012473357712
 20
655.2562524192409
 30
0.0
  0
VERTEX
  5
66E
  8
_ENGRAVING
 10
346.3144533090114
 20
655.4425806053256
 30
0.0
  0
VERTEX
  5
66F
  8
_ENGRAVING
 10
346.3159206393715
 20
655.6287841988417
 30
0.0
  0
VERTEX
  5
670
  8
_ENGRAVING
 10
346.3056493268513
 20
655.8148631997894
 30
0.0
  0
VERTEX
  5
671
  8
_ENGRAVING
 10
346.283639371451
 20
656.0008176081689
 30
0.0
  0
VERTEX
  5
672
  8
_ENGRAVING
 10
346.2490959692255
 20
656.1820997952321
 30
0.0
  0
VERTEX
  5
673
  8
_ENGRAVING
 10
346.2012243162298
 20
656.3541621322317
 30
0.0
  0
VERTEX
  5
674
  8
_ENGRAVING
 10
346.140024412464
 20
656.5170046191677
 30
0.0
  0
VERTEX
  5
675
  8
_ENGRAVING
 10
346.0654962579279
 20
656.6706272560399
 30
0.0
  0
VERTEX
  5
676
  8
_ENGRAVING
 10
345.9757445509067
 20
656.8061216742058
 30
0.0
  0
VERTEX
  5
677
  8
_ENGRAVING
 10
345.9244491270709
 20
656.8637301630328
 30
0.0
  0
VERTEX
  5
678
  8
_ENGRAVING
 10
345.8688739896851
 20
656.9145795050226
 30
0.0
  0
VERTEX
  5
679
  8
_ENGRAVING
 10
345.8090191387492
 20
656.9586697001753
 30
0.0
  0
VERTEX
  5
67A
  8
_ENGRAVING
 10
345.7448845742634
 20
656.9960007484907
 30
0.0
  0
VERTEX
  5
67B
  8
_ENGRAVING
 10
345.6764702962274
 20
657.0265726499688
 30
0.0
  0
VERTEX
  5
67C
  8
_ENGRAVING
 10
345.6037763046414
 20
657.0503854046096
 30
0.0
  0
SEQEND
  5
E48
  8
_ENGRAVING
  0
POLYLINE
  5
79
  8
_ENGRAVING
 66
     1
 10
0.0
 20
0.0
 30
0.0
 70
     1
  0
VERTEX
  5
67D
  8
_ENGRAVING
 10
326.0126366765053
 20
659.4998906248276
 30
0.0
  0
VERTEX
  5
67E
  8
_ENGRAVING
 10
325.9947862027037
 20
659.4736184471734
 30
0.0
  0
VERTEX
  5
67F
  8
_ENGRAVING
 10
325.984869272814
 20
659.459471889975
 30
0.0
  0
VERTEX
  5
680
  8
_ENGRAVING
 10
325.9769357289021
 20
659.4473462695192
 30
0.0
  0
VERTEX
  5
681
  8
_ENGRAVING
 10
325.9063550794522
 20
659.3572409102209
 30
0.0
  0
VERTEX
  5
682
  8
_ENGRAVING
 10
325.8304750705925
 20
659.2738614810193
 30
0.0
  0
VERTEX
  5
683
  8
_ENGRAVING
 10
325.7492957023229
 20
659.1972079819141
 30
0.0
  0
VERTEX
  5
684
  8
_ENGRAVING
 10
325.6628169746434
 20
659.1272804129055
 30
0.0
  0
VERTEX
  5
685
  8
_ENGRAVING
 10
325.5710388875541
 20
659.0640787739935
 30
0.0
  0
VERTEX
  5
686
  8
_ENGRAVING
 10
325.4739614410549
 20
659.007603065178
 30
0.0
  0
VERTEX
  5
687
  8
_ENGRAVING
 10
325.371584635146
 20
658.957853286459
 30
0.0
  0
VERTEX
  5
688
  8
_ENGRAVING
 10
325.2639084698271
 20
658.9148294378367
 30
0.0
  0
VERTEX
  5
689
  8
_ENGRAVING
 10
325.1537840624417
 20
658.8810261131025
 30
0.0
  0
VERTEX
  5
68A
  8
_ENGRAVING
 10
325.044062530333
 20
658.8589379060484
 30
0.0
  0
VERTEX
  5
68B
  8
_ENGRAVING
 10
324.9347438735012
 20
658.8485648166741
 30
0.0
  0
VERTEX
  5
68C
  8
_ENGRAVING
 10
324.8258280919462
 20
658.8499068449798
 30
0.0
  0
VERTEX
  5
68D
  8
_ENGRAVING
 10
324.7173151856679
 20
658.8629639909652
 30
0.0
  0
VERTEX
  5
68E
  8
_ENGRAVING
 10
324.6092051546663
 20
658.8877362546309
 30
0.0
  0
VERTEX
  5
68F
  8
_ENGRAVING
 10
324.5014979989415
 20
658.9242236359762
 30
0.0
  0
VERTEX
  5
690
  8
_ENGRAVING
 10
324.3941937184935
 20
658.9724261350016
 30
0.0
  0
VERTEX
  5
691
  8
_ENGRAVING
 10
324.2738734675652
 20
659.0410748299778
 30
0.0
  0
VERTEX
  5
692
  8
_ENGRAVING
 10
324.1618276550137
 20
659.1207123684919
 30
0.0
  0
VERTEX
  5
693
  8
_ENGRAVING
 10
324.058056280839
 20
659.2113387505442
 30
0.0
  0
VERTEX
  5
694
  8
_ENGRAVING
 10
323.962559345041
 20
659.3129539761344
 30
0.0
  0
VERTEX
  5
695
  8
_ENGRAVING
 10
323.8753368476198
 20
659.4255580452627
 30
0.0
  0
VERTEX
  5
696
  8
_ENGRAVING
 10
323.7963887885753
 20
659.5491509579291
 30
0.0
  0
VERTEX
  5
697
  8
_ENGRAVING
 10
323.7257151679078
 20
659.6837327141334
 30
0.0
  0
VERTEX
  5
698
  8
_ENGRAVING
 10
323.6633159856169
 20
659.8293033138759
 30
0.0
  0
VERTEX
  5
699
  8
_ENGRAVING
 10
323.6092067369058
 20
659.9811103980976
 30
0.0
  0
VERTEX
  5
69A
  8
_ENGRAVING
 10
323.5634029169773
 20
660.1344016077396
 30
0.0
  0
VERTEX
  5
69B
  8
_ENGRAVING
 10
323.5259045258316
 20
660.289176942802
 30
0.0
  0
VERTEX
  5
69C
  8
_ENGRAVING
 10
323.4967115634686
 20
660.4454364032847
 30
0.0
  0
VERTEX
  5
69D
  8
_ENGRAVING
 10
323.4758240298882
 20
660.6031799891878
 30
0.0
  0
VERTEX
  5
69E
  8
_ENGRAVING
 10
323.4632419250906
 20
660.7624077005113
 30
0.0
  0
VERTEX
  5
69F
  8
_ENGRAVING
 10
323.4589652490756
 20
660.9231195372552
 30
0.0
  0
VERTEX
  5
6A0
  8
_ENGRAVING
 10
323.4629940018434
 20
661.0853154994194
 30
0.0
  0
VERTEX
  5
6A1
  8
_ENGRAVING
 10
323.4754211546115
 20
661.246595724622
 30
0.0
  0
VERTEX
  5
6A2
  8
_ENGRAVING
 10
323.4963396785977
 20
661.4045603504815
 30
0.0
  0
VERTEX
  5
6A3
  8
_ENGRAVING
 10
323.5257495738021
 20
661.5592093769974
 30
0.0
  0
VERTEX
  5
6A4
  8
_ENGRAVING
 10
323.5636508402246
 20
661.71054280417
 30
0.0
  0
VERTEX
  5
6A5
  8
_ENGRAVING
 10
323.6100434778652
 20
661.8585606319991
 30
0.0
  0
VERTEX
  5
6A6
  8
_ENGRAVING
 10
323.664927486724
 20
662.0032628604849
 30
0.0
  0
VERTEX
  5
6A7
  8
_ENGRAVING
 10
323.7283028668008
 20
662.1446494896275
 30
0.0
  0
VERTEX
  5
6A8
  8
_ENGRAVING
 10
323.8001696180958
 20
662.2827205194266
 30
0.0
  0
VERTEX
  5
6A9
  8
_ENGRAVING
 10
323.8805742262178
 20
662.4127551679601
 30
0.0
  0
VERTEX
  5
6AA
  8
_ENGRAVING
 10
323.9695631767756
 20
662.5300326533059
 30
0.0
  0
VERTEX
  5
6AB
  8
_ENGRAVING
 10
324.0671364697693
 20
662.6345529754637
 30
0.0
  0
VERTEX
  5
6AC
  8
_ENGRAVING
 10
324.1732941051987
 20
662.7263161344335
 30
0.0
  0
VERTEX
  5
6AD
  8
_ENGRAVING
 10
324.2880360830641
 20
662.8053221302157
 30
0.0
  0
VERTEX
  5
6AE
  8
_ENGRAVING
 10
324.4113624033652
 20
662.87157096281
 30
0.0
  0
VERTEX
  5
6AF
  8
_ENGRAVING
 10
324.5432730661022
 20
662.9250626322164
 30
0.0
  0
VERTEX
  5
6B0
  8
_ENGRAVING
 10
324.683768071275
 20
662.9657971384349
 30
0.0
  0
VERTEX
  5
6B1
  8
_ENGRAVING
 10
324.8502485317997
 20
662.9912483105375
 30
0.0
  0
VERTEX
  5
6B2
  8
_ENGRAVING
 10
325.016481069077
 20
662.9887852938823
 30
0.0
  0
VERTEX
  5
6B3
  8
_ENGRAVING
 10
325.1824656831072
 20
662.9584080884697
 30
0.0
  0
VERTEX
  5
6B4
  8
_ENGRAVING
 10
325.3482023738902
 20
662.9001166942995
 30
0.0
  0
VERTEX
  5
6B5
  8
_ENGRAVING
 10
325.5063774056322
 20
662.8206054643318
 30
0.0
  0
VERTEX
  5
6B6
  8
_ENGRAVING
 10
325.6496770425395
 20
662.7265687515263
 30
0.0
  0
VERTEX
  5
6B7
  8
_ENGRAVING
 10
325.7781012846121
 20
662.6180065558833
 30
0.0
  0
VERTEX
  5
6B8
  8
_ENGRAVING
 10
325.89165013185
 20
662.4949188774026
 30
0.0
  0
VERTEX
  5
6B9
  8
_ENGRAVING
 10
325.9015670617398
 20
662.4807723202042
 30
0.0
  0
VERTEX
  5
6BA
  8
_ENGRAVING
 10
325.9381357407084
 20
662.4186916696416
 30
0.0
  0
VERTEX
  5
6BB
  8
_ENGRAVING
 10
325.9566060226281
 20
662.3537059225114
 30
0.0
  0
VERTEX
  5
6BC
  8
_ENGRAVING
 10
325.9569779074989
 20
662.2858150788138
 30
0.0
  0
VERTEX
  5
6BD
  8
_ENGRAVING
 10
325.939251395321
 20
662.2150191385485
 30
0.0
  0
VERTEX
  5
6BE
  8
_ENGRAVING
 10
325.9068974115556
 20
662.1495281572327
 30
0.0
  0
VERTEX
  5
6BF
  8
_ENGRAVING
 10
325.8633868816642
 20
662.0975521903833
 30
0.0
  0
VERTEX
  5
6C0
  8
_ENGRAVING
 10
325.8087198056468
 20
662.0590912380001
 30
0.0
  0
VERTEX
  5
6C1
  8
_ENGRAVING
 10
325.7428961835034
 20
662.0341453000833
 30
0.0
  0
VERTEX
  5
6C2
  8
_ENGRAVING
 10
325.6680233628355
 20
662.0247984676486
 30
0.0
  0
VERTEX
  5
6C3
  8
_ENGRAVING
 10
325.5961256211347
 20
662.0371767051972
 30
0.0
  0
VERTEX
  5
6C4
  8
_ENGRAVING
 10
325.5272029584007
 20
662.0712800127291
 30
0.0
  0
VERTEX
  5
6C5
  8
_ENGRAVING
 10
325.4612553746337
 20
662.1271083902442
 30
0.0
  0
VERTEX
  5
6C6
  8
_ENGRAVING
 10
325.3296081303469
 20
662.2642794716502
 30
0.0
  0
VERTEX
  5
6C7
  8
_ENGRAVING
 10
325.2647142203806
 20
662.3175185239638
 30
0.0
  0
VERTEX
  5
6C8
  8
_ENGRAVING
 10
325.2004401185325
 20
662.3605265840179
 30
0.0
  0
VERTEX
  5
6C9
  8
_ENGRAVING
 10
325.1367858248025
 20
662.3933036518124
 30
0.0
  0
VERTEX
  5
6CA
  8
_ENGRAVING
 10
325.0737513391906
 20
662.4158497273472
 30
0.0
  0
VERTEX
  5
6CB
  8
_ENGRAVING
 10
325.0113366616968
 20
662.4281648106227
 30
0.0
  0
VERTEX
  5
6CC
  8
_ENGRAVING
 10
324.9495417923211
 20
662.4302489016385
 30
0.0
  0
VERTEX
  5
6CD
  8
_ENGRAVING
 10
324.8297948639021
 20
662.4128183222333
 30
0.0
  0
VERTEX
  5
6CE
  8
_ENGRAVING
 10
324.7164939399113
 20
662.3726522044735
 30
0.0
  0
VERTEX
  5
6CF
  8
_ENGRAVING
 10
324.609639020349
 20
662.3097505483593
 30
0.0
  0
VERTEX
  5
6D0
  8
_ENGRAVING
 10
324.509230105215
 20
662.2241133538904
 30
0.0
  0
VERTEX
  5
6D1
  8
_ENGRAVING
 10
324.4161349258746
 20
662.1202877287378
 30
0.0
  0
VERTEX
  5
6D2
  8
_ENGRAVING
 10
324.3312212136934
 20
662.0028207805726
 30
0.0
  0
VERTEX
  5
6D3
  8
_ENGRAVING
 10
324.2544889686712
 20
661.8717125093945
 30
0.0
  0
VERTEX
  5
6D4
  8
_ENGRAVING
 10
324.1859381908082
 20
661.7269629152039
 30
0.0
  0
VERTEX
  5
6D5
  8
_ENGRAVING
 10
324.1276762277058
 20
661.5777925218886
 30
0.0
  0
VERTEX
  5
6D6
  8
_ENGRAVING
 10
324.0818104269655
 20
661.4334218533371
 30
0.0
  0
VERTEX
  5
6D7
  8
_ENGRAVING
 10
324.0483407885875
 20
661.2938509095494
 30
0.0
  0
VERTEX
  5
6D8
  8
_ENGRAVING
 10
324.0272673125717
 20
661.1590796905253
 30
0.0
  0
VERTEX
  5
6D9
  8
_ENGRAVING
 10
324.0143133229032
 20
661.0113618454938
 30
0.0
  0
VERTEX
  5
6DA
  8
_ENGRAVING
 10
324.0111523015009
 20
660.8632650748231
 30
0.0
  0
VERTEX
  5
6DB
  8
_ENGRAVING
 10
324.0177842483646
 20
660.7147893785132
 30
0.0
  0
VERTEX
  5
6DC
  8
_ENGRAVING
 10
324.0342091634946
 20
660.5659347565639
 30
0.0
  0
VERTEX
  5
6DD
  8
_ENGRAVING
 10
324.0614187398796
 20
660.4191010713573
 30
0.0
  0
VERTEX
  5
6DE
  8
_ENGRAVING
 10
324.1004046705089
 20
660.2766881852752
 30
0.0
  0
VERTEX
  5
6DF
  8
_ENGRAVING
 10
324.1511669553821
 20
660.1386960983177
 30
0.0
  0
VERTEX
  5
6E0
  8
_ENGRAVING
 10
324.2137055944996
 20
660.0051248104846
 30
0.0
  0
VERTEX
  5
6E1
  8
_ENGRAVING
 10
324.2751440742073
 20
659.8953153179457
 30
0.0
  0
VERTEX
  5
6E2
  8
_ENGRAVING
 10
324.3404563546533
 20
659.7962736289886
 30
0.0
  0
VERTEX
  5
6E3
  8
_ENGRAVING
 10
324.4096424358375
 20
659.7079997436133
 30
0.0
  0
VERTEX
  5
6E4
  8
_ENGRAVING
 10
324.4827023177598
 20
659.6304936618199
 30
0.0
  0
VERTEX
  5
6E5
  8
_ENGRAVING
 10
324.5596360004204
 20
659.5637553836082
 30
0.0
  0
VERTEX
  5
6E6
  8
_ENGRAVING
 10
324.6404434838191
 20
659.5077849089785
 30
0.0
  0
VERTEX
  5
6E7
  8
_ENGRAVING
 10
324.7251247679561
 20
659.4625822379305
 30
0.0
  0
VERTEX
  5
6E8
  8
_ENGRAVING
 10
324.8136798528312
 20
659.4281473704642
 30
0.0
  0
VERTEX
  5
6E9
  8
_ENGRAVING
 10
324.9039084196252
 20
659.4082379858357
 30
0.0
  0
VERTEX
  5
6EA
  8
_ENGRAVING
 10
324.9936101495188
 20
659.4066117633007
 30
0.0
  0
VERTEX
  5
6EB
  8
_ENGRAVING
 10
325.082785042512
 20
659.4232687028591
 30
0.0
  0
VERTEX
  5
6EC
  8
_ENGRAVING
 10
325.1714330986049
 20
659.458208804511
 30
0.0
  0
VERTEX
  5
6ED
  8
_ENGRAVING
 10
325.2595543177973
 20
659.5114320682562
 30
0.0
  0
VERTEX
  5
6EE
  8
_ENGRAVING
 10
325.3471487000894
 20
659.582938494095
 30
0.0
  0
VERTEX
  5
6EF
  8
_ENGRAVING
 10
325.434216245481
 20
659.6727280820272
 30
0.0
  0
VERTEX
  5
6F0
  8
_ENGRAVING
 10
325.5207569539724
 20
659.7808008320529
 30
0.0
  0
VERTEX
  5
6F1
  8
_ENGRAVING
 10
325.5584412875535
 20
659.8333451873613
 30
0.0
  0
VERTEX
  5
6F2
  8
_ENGRAVING
 10
325.6053762572974
 20
659.880000406693
 30
0.0
  0
VERTEX
  5
6F3
  8
_ENGRAVING
 10
325.6529620255654
 20
659.9148773540717
 30
0.0
  0
VERTEX
  5
6F4
  8
_ENGRAVING
 10
325.7011985923574
 20
659.9379760294971
 30
0.0
  0
VERTEX
  5
6F5
  8
_ENGRAVING
 10
325.7500859576735
 20
659.9492964329695
 30
0.0
  0
VERTEX
  5
6F6
  8
_ENGRAVING
 10
325.7996241215135
 20
659.9488385644887
 30
0.0
  0
VERTEX
  5
6F7
  8
_ENGRAVING
 10
325.8498130838776
 20
659.9366024240549
 30
0.0
  0
VERTEX
  5
6F8
  8
_ENGRAVING
 10
325.9006528447656
 20
659.9125880116678
 30
0.0
  0
VERTEX
  5
6F9
  8
_ENGRAVING
 10
325.9521434041777
 20
659.8767953273277
 30
0.0
  0
VERTEX
  5
6FA
  8
_ENGRAVING
 10
325.9984275753976
 20
659.834434598574
 30
0.0
  0
VERTEX
  5
6FB
  8
_ENGRAVING
 10
326.0336481717093
 20
659.7907160529464
 30
0.0
  0
VERTEX
  5
6FC
  8
_ENGRAVING
 10
326.0578051931127
 20
659.7456396904449
 30
0.0
  0
VERTEX
  5
6FD
  8
_ENGRAVING
 10
326.0708986396078
 20
659.6992055110693
 30
0.0
  0
VERTEX
  5
6FE
  8
_ENGRAVING
 10
326.0729285111946
 20
659.6514135148198
 30
0.0
  0
VERTEX
  5
6FF
  8
_ENGRAVING
 10
326.0638948078731
 20
659.6022637016963
 30
0.0
  0
VERTEX
  5
700
  8
_ENGRAVING
 10
326.0437975296434
 20
659.551756071699
 30
0.0
  0
SEQEND
  5
E49
  8
_ENGRAVING
  0
POLYLINE
  5
7A
  8
_ENGRAVING
 66
     1
 10
0.0
 20
0.0
 30
0.0
 70
     1
  0
VERTEX
  5
701
  8
_ENGRAVING
 10
329.2039047150359
 20
661.801737574681
 30
0.0
  0
VERTEX
  5
702
  8
_ENGRAVING
 10
329.2809468641171
 20
661.5191853563524
 30
0.0
  0
VERTEX
  5
703
  8
_ENGRAVING
 10
329.3296018013889
 20
661.2313281790742
 30
0.0
  0
VERTEX
  5
704
  8
_ENGRAVING
 10
329.3498695268511
 20
660.9381660428469
 30
0.0
  0
VERTEX
  5
705
  8
_ENGRAVING
 10
329.3417500405039
 20
660.6396989476699
 30
0.0
  0
VERTEX
  5
706
  8
_ENGRAVING
 10
329.3269211312781
 20
660.4907811714475
 30
0.0
  0
VERTEX
  5
707
  8
_ENGRAVING
 10
329.3047474958527
 20
660.3451474174317
 30
0.0
  0
VERTEX
  5
708
  8
_ENGRAVING
 10
329.2752291342277
 20
660.202797685623
 30
0.0
  0
VERTEX
  5
709
  8
_ENGRAVING
 10
329.238366046403
 20
660.0637319760208
 30
0.0
  0
VERTEX
  5
70A
  8
_ENGRAVING
 10
329.1941582323786
 20
659.9279502886255
 30
0.0
  0
VERTEX
  5
70B
  8
_ENGRAVING
 10
329.1426056921548
 20
659.7954526234369
 30
0.0
  0
VERTEX
  5
70C
  8
_ENGRAVING
 10
329.0837084257313
 20
659.6662389804551
 30
0.0
  0
VERTEX
  5
70D
  8
_ENGRAVING
 10
329.0174664331082
 20
659.5403093596801
 30
0.0
  0
VERTEX
  5
70E
  8
_ENGRAVING
 10
328.9211482515537
 20
659.3915178920041
 30
0.0
  0
VERTEX
  5
70F
  8
_ENGRAVING
 10
328.8087150589283
 20
659.2543468105982
 30
0.0
  0
VERTEX
  5
710
  8
_ENGRAVING
 10
328.6801668552321
 20
659.1287961154625
 30
0.0
  0
VERTEX
  5
711
  8
_ENGRAVING
 10
328.5355036404649
 20
659.0148658065967
 30
0.0
  0
VERTEX
  5
712
  8
_ENGRAVING
 10
328.4581515873246
 20
658.9651949707194
 30
0.0
  0
VERTEX
  5
713
  8
_ENGRAVING
 10
328.3788161482064
 20
658.9243025788178
 30
0.0
  0
VERTEX
  5
714
  8
_ENGRAVING
 10
328.2974973231102
 20
658.892188630892
 30
0.0
  0
VERTEX
  5
715
  8
_ENGRAVING
 10
328.2141951120361
 20
658.868853126942
 30
0.0
  0
VERTEX
  5
716
  8
_ENGRAVING
 10
328.128909514984
 20
658.8542960669678
 30
0.0
  0
VERTEX
  5
717
  8
_ENGRAVING
 10
328.0416405319539
 20
658.8485174509693
 30
0.0
  0
VERTEX
  5
718
  8
_ENGRAVING
 10
327.952388162946
 20
658.8515172789466
 30
0.0
  0
VERTEX
  5
719
  8
_ENGRAVING
 10
327.86115240796
 20
658.8632955508997
 30
0.0
  0
VERTEX
  5
71A
  8
_ENGRAVING
 10
327.7153115577685
 20
658.8967041614262
 30
0.0
  0
VERTEX
  5
71B
  8
_ENGRAVING
 10
327.5782719828541
 20
658.9433751693264
 30
0.0
  0
VERTEX
  5
71C
  8
_ENGRAVING
 10
327.4500336832169
 20
659.0033085745999
 30
0.0
  0
VERTEX
  5
71D
  8
_ENGRAVING
 10
327.3305966588568
 20
659.0765043772469
 30
0.0
  0
VERTEX
  5
71E
  8
_ENGRAVING
 10
327.219960909774
 20
659.1629625772675
 30
0.0
  0
VERTEX
  5
71F
  8
_ENGRAVING
 10
327.1181264359684
 20
659.2626831746616
 30
0.0
  0
VERTEX
  5
720
  8
_ENGRAVING
 10
327.0250932374399
 20
659.375666169429
 30
0.0
  0
VERTEX
  5
721
  8
_ENGRAVING
 10
326.9408613141886
 20
659.5019115615702
 30
0.0
  0
VERTEX
  5
722
  8
_ENGRAVING
 10
326.8652912093879
 20
659.636666992026
 30
0.0
  0
VERTEX
  5
723
  8
_ENGRAVING
 10
326.7982434662113
 20
659.7751801017375
 30
0.0
  0
VERTEX
  5
724
  8
_ENGRAVING
 10
326.7397180846586
 20
659.9174508907049
 30
0.0
  0
VERTEX
  5
725
  8
_ENGRAVING
 10
326.68971506473
 20
660.0634793589281
 30
0.0
  0
VERTEX
  5
726
  8
_ENGRAVING
 10
326.6482344064254
 20
660.2132655064071
 30
0.0
  0
VERTEX
  5
727
  8
_ENGRAVING
 10
326.6152761097449
 20
660.3668093331419
 30
0.0
  0
VERTEX
  5
728
  8
_ENGRAVING
 10
326.5908401746883
 20
660.5241108391325
 30
0.0
  0
VERTEX
  5
729
  8
_ENGRAVING
 10
326.5749266012558
 20
660.685170024379
 30
0.0
  0
VERTEX
  5
72A
  8
_ENGRAVING
 10
326.5674269230266
 20
660.8475870264995
 30
0.0
  0
VERTEX
  5
72B
  8
_ENGRAVING
 10
326.5682326735802
 20
661.0089619831119
 30
0.0
  0
VERTEX
  5
72C
  8
_ENGRAVING
 10
326.5773438529163
 20
661.1692948942166
 30
0.0
  0
VERTEX
  5
72D
  8
_ENGRAVING
 10
326.5947604610353
 20
661.3285857598132
 30
0.0
  0
VERTEX
  5
72E
  8
_ENGRAVING
 10
326.6204824979369
 20
661.486834579902
 30
0.0
  0
VERTEX
  5
72F
  8
_ENGRAVING
 10
326.6545099636212
 20
661.6440413544829
 30
0.0
  0
VERTEX
  5
730
  8
_ENGRAVING
 10
326.6968428580882
 20
661.8002060835558
 30
0.0
  0
VERTEX
  5
731
  8
_ENGRAVING
 10
326.7474811813379
 20
661.9553287671208
 30
0.0
  0
VERTEX
  5
732
  8
_ENGRAVING
 10
326.8063474573556
 20
662.1046570461191
 30
0.0
  0
VERTEX
  5
733
  8
_ENGRAVING
 10
326.8733642101263
 20
662.2434385614918
 30
0.0
  0
VERTEX
  5
734
  8
_ENGRAVING
 10
326.9485314396503
 20
662.3716733132388
 30
0.0
  0
VERTEX
  5
735
  8
_ENGRAVING
 10
327.0318491459274
 20
662.4893613013603
 30
0.0
  0
VERTEX
  5
736
  8
_ENGRAVING
 10
327.1233173289577
 20
662.5965025258562
 30
0.0
  0
VERTEX
  5
737
  8
_ENGRAVING
 10
327.222935988741
 20
662.6930969867265
 30
0.0
  0
VERTEX
  5
738
  8
_ENGRAVING
 10
327.3307051252776
 20
662.7791446839713
 30
0.0
  0
VERTEX
  5
739
  8
_ENGRAVING
 10
327.4466247385673
 20
662.8546456175904
 30
0.0
  0
VERTEX
  5
73A
  8
_ENGRAVING
 10
327.5650080891265
 20
662.9147684856836
 30
0.0
  0
VERTEX
  5
73B
  8
_ENGRAVING
 10
327.6861185954054
 20
662.9577133914644
 30
0.0
  0
VERTEX
  5
73C
  8
_ENGRAVING
 10
327.809956257404
 20
662.9834803349329
 30
0.0
  0
VERTEX
  5
73D
  8
_ENGRAVING
 10
327.9365210751223
 20
662.9920693160891
 30
0.0
  0
VERTEX
  5
73E
  8
_ENGRAVING
 10
328.0557101762352
 20
662.9862117572492
 30
0.0
  0
VERTEX
  5
73F
  8
_ENGRAVING
 10
328.1693210042848
 20
662.9686390807292
 30
0.0
  0
VERTEX
  5
740
  8
_ENGRAVING
 10
328.2773535592717
 20
662.9393512865295
 30
0.0
  0
VERTEX
  5
741
  8
_ENGRAVING
 10
328.3798078411954
 20
662.8983483746497
 30
0.0
  0
VERTEX
  5
742
  8
_ENGRAVING
 10
328.4766838500561
 20
662.8456303450901
 30
0.0
  0
VERTEX
  5
743
  8
_ENGRAVING
 10
328.5679815858539
 20
662.7811971978505
 30
0.0
  0
VERTEX
  5
744
  8
_ENGRAVING
 10
328.6537010485887
 20
662.705048932931
 30
0.0
  0
VERTEX
  5
745
  8
_ENGRAVING
 10
328.7338422382605
 20
662.6171855503316
 30
0.0
  0
VERTEX
  5
746
  8
_ENGRAVING
 10
328.8792492227693
 20
662.4256386396944
 30
0.0
  0
VERTEX
  5
747
  8
_ENGRAVING
 10
329.0060619637349
 20
662.2258816735402
 30
0.0
  0
VERTEX
  5
748
  8
_ENGRAVING
 10
329.1142804611571
 20
662.0179146518691
 30
0.0
  0
SEQEND
  5
E4A
  8
_ENGRAVING
  0
POLYLINE
  5
7B
  8
_ENGRAVING
 66
     1
 10
0.0
 20
0.0
 30
0.0
 70
     1
  0
VERTEX
  5
749
  8
_ENGRAVING
 10
327.952388162946
 20
662.4181232811827
 30
0.0
  0
VERTEX
  5
74A
  8
_ENGRAVING
 10
327.8639260492886
 20
662.4118710081352
 30
0.0
  0
VERTEX
  5
74B
  8
_ENGRAVING
 10
327.7810112182883
 20
662.3931141889927
 30
0.0
  0
VERTEX
  5
74C
  8
_ENGRAVING
 10
327.7036436699451
 20
662.3618528237553
 30
0.0
  0
VERTEX
  5
74D
  8
_ENGRAVING
 10
327.6318234042589
 20
662.3180869124227
 30
0.0
  0
VERTEX
  5
74E
  8
_ENGRAVING
 10
327.5655504212298
 20
662.2618164549951
 30
0.0
  0
VERTEX
  5
74F
  8
_ENGRAVING
 10
327.5048247208579
 20
662.1930414514726
 30
0.0
  0
VERTEX
  5
750
  8
_ENGRAVING
 10
327.4496463031431
 20
662.111761901855
 30
0.0
  0
VERTEX
  5
751
  8
_ENGRAVING
 10
327.4000151680853
 20
662.0179778061423
 30
0.0
  0
VERTEX
  5
752
  8
_ENGRAVING
 10
327.3149155134687
 20
661.8252309643141
 30
0.0
  0
VERTEX
  5
753
  8
_ENGRAVING
 10
327.2470465245355
 20
661.64713591387
 30
0.0
  0
VERTEX
  5
754
  8
_ENGRAVING
 10
327.1964082012859
 20
661.4836926548099
 30
0.0
  0
VERTEX
  5
755
  8
_ENGRAVING
 10
327.1630005437196
 20
661.3349011871339
 30
0.0
  0
VERTEX
  5
756
  8
_ENGRAVING
 10
327.1372165260062
 20
661.1070405694027
 30
0.0
  0
VERTEX
  5
757
  8
_ENGRAVING
 10
327.1352331400282
 20
660.8357298117048
 30
0.0
  0
VERTEX
  5
758
  8
_ENGRAVING
 10
327.1441583769291
 20
660.6896539777767
 30
0.0
  0
VERTEX
  5
759
  8
_ENGRAVING
 10
327.1610171577416
 20
660.5444623036735
 30
0.0
  0
VERTEX
  5
75A
  8
_ENGRAVING
 10
327.1858094824661
 20
660.4001547893952
 30
0.0
  0
VERTEX
  5
75B
  8
_ENGRAVING
 10
327.2185353511024
 20
660.2567314349418
 30
0.0
  0
VERTEX
  5
75C
  8
_ENGRAVING
 10
327.2598145717686
 20
660.1172867997004
 30
0.0
  0
VERTEX
  5
75D
  8
_ENGRAVING
 10
327.3102669525829
 20
659.9849154430583
 30
0.0
  0
VERTEX
  5
75E
  8
_ENGRAVING
 10
327.3698924935451
 20
659.8596173650153
 30
0.0
  0
VERTEX
  5
75F
  8
_ENGRAVING
 10
327.4386911946555
 20
659.7413925655716
 30
0.0
  0
VERTEX
  5
760
  8
_ENGRAVING
 10
327.5177787105265
 20
659.6363670092281
 30
0.0
  0
VERTEX
  5
761
  8
_ENGRAVING
 10
327.6082706957707
 20
659.5506666604861
 30
0.0
  0
VERTEX
  5
762
  8
_ENGRAVING
 10
327.7101671503881
 20
659.4842915193454
 30
0.0
  0
VERTEX
  5
763
  8
_ENGRAVING
 10
327.8234680743789
 20
659.4372415858061
 30
0.0
  0
VERTEX
  5
764
  8
_ENGRAVING
 10
327.89169345298
 20
659.4195426007398
 30
0.0
  0
VERTEX
  5
765
  8
_ENGRAVING
 10
327.9575325703264
 20
659.4109062538787
 30
0.0
  0
VERTEX
  5
766
  8
_ENGRAVING
 10
328.020985426418
 20
659.4113325452229
 30
0.0
  0
VERTEX
  5
767
  8
_ENGRAVING
 10
328.0820520212548
 20
659.4208214747722
 30
0.0
  0
VERTEX
  5
768
  8
_ENGRAVING
 10
328.140732354837
 20
659.4393730425269
 30
0.0
  0
VERTEX
  5
769
  8
_ENGRAVING
 10
328.1970264271644
 20
659.4669872484867
 30
0.0
  0
VERTEX
  5
76A
  8
_ENGRAVING
 10
328.2509342382372
 20
659.5036640926518
 30
0.0
  0
VERTEX
  5
76B
  8
_ENGRAVING
 10
328.3024557880551
 20
659.549403575022
 30
0.0
  0
VERTEX
  5
76C
  8
_ENGRAVING
 10
328.3969765260671
 20
659.6515240347978
 30
0.0
  0
VERTEX
  5
76D
  8
_ENGRAVING
 10
328.4792250633404
 20
659.7568022082341
 30
0.0
  0
VERTEX
  5
76E
  8
_ENGRAVING
 10
328.5492013998752
 20
659.8652380953307
 30
0.0
  0
VERTEX
  5
76F
  8
_ENGRAVING
 10
328.6069055356713
 20
659.9768316960879
 30
0.0
  0
VERTEX
  5
770
  8
_ENGRAVING
 10
328.6553125496959
 20
660.1021297741308
 30
0.0
  0
VERTEX
  5
771
  8
_ENGRAVING
 10
328.6954141349377
 20
660.2456162828574
 30
0.0
  0
VERTEX
  5
772
  8
_ENGRAVING
 10
328.7272102913968
 20
660.4072912222676
 30
0.0
  0
VERTEX
  5
773
  8
_ENGRAVING
 10
328.7507010190731
 20
660.5871545923616
 30
0.0
  0
VERTEX
  5
774
  8
_ENGRAVING
 10
328.7640888744243
 20
660.776049023524
 30
0.0
  0
VERTEX
  5
775
  8
_ENGRAVING
 10
328.7655764139078
 20
660.9648171461401
 30
0.0
  0
VERTEX
  5
776
  8
_ENGRAVING
 10
328.7551636375235
 20
661.1534589602098
 30
0.0
  0
VERTEX
  5
777
  8
_ENGRAVING
 10
328.7328505452715
 20
661.3419744657332
 30
0.0
  0
VERTEX
  5
778
  8
_ENGRAVING
 10
328.6978313865982
 20
661.525753400766
 30
0.0
  0
VERTEX
  5
779
  8
_ENGRAVING
 10
328.6493004109501
 20
661.7001855033641
 30
0.0
  0
VERTEX
  5
77A
  8
_ENGRAVING
 10
328.5872576183272
 20
661.8652707735274
 30
0.0
  0
VERTEX
  5
77B
  8
_ENGRAVING
 10
328.5117030087295
 20
662.0210092112562
 30
0.0
  0
VERTEX
  5
77C
  8
_ENGRAVING
 10
328.4207151769908
 20
662.1583697554818
 30
0.0
  0
VERTEX
  5
77D
  8
_ENGRAVING
 10
328.3687132758812
 20
662.2167716696299
 30
0.0
  0
VERTEX
  5
77E
  8
_ENGRAVING
 10
328.3123727179449
 20
662.2683213451353
 30
0.0
  0
VERTEX
  5
77F
  8
_ENGRAVING
 10
328.2516935031819
 20
662.3130187819977
 30
0.0
  0
VERTEX
  5
780
  8
_ENGRAVING
 10
328.186675631592
 20
662.3508639802171
 30
0.0
  0
VERTEX
  5
781
  8
_ENGRAVING
 10
328.1173191031754
 20
662.3818569397934
 30
0.0
  0
VERTEX
  5
782
  8
_ENGRAVING
 10
328.0436239179319
 20
662.4059976607269
 30
0.0
  0
SEQEND
  5
E4B
  8
_ENGRAVING
  0
POLYLINE
  5
7C
  8
_ENGRAVING
 66
     1
 10
0.0
 20
0.0
 30
0.0
 70
     1
  0
VERTEX
  5
783
  8
_ENGRAVING
 10
332.4288903151918
 20
659.4998906248276
 30
0.0
  0
VERTEX
  5
784
  8
_ENGRAVING
 10
332.4110398413902
 20
659.4736184471734
 30
0.0
  0
VERTEX
  5
785
  8
_ENGRAVING
 10
332.4011229115004
 20
659.459471889975
 30
0.0
  0
VERTEX
  5
786
  8
_ENGRAVING
 10
332.3931893675885
 20
659.4473462695192
 30
0.0
  0
VERTEX
  5
787
  8
_ENGRAVING
 10
332.3226087181387
 20
659.3572409102209
 30
0.0
  0
VERTEX
  5
788
  8
_ENGRAVING
 10
332.2467287092789
 20
659.2738614810193
 30
0.0
  0
VERTEX
  5
789
  8
_ENGRAVING
 10
332.1655493410093
 20
659.1972079819141
 30
0.0
  0
VERTEX
  5
78A
  8
_ENGRAVING
 10
332.0790706133299
 20
659.1272804129055
 30
0.0
  0
VERTEX
  5
78B
  8
_ENGRAVING
 10
331.9872925262406
 20
659.0640787739935
 30
0.0
  0
VERTEX
  5
78C
  8
_ENGRAVING
 10
331.8902150797414
 20
659.007603065178
 30
0.0
  0
VERTEX
  5
78D
  8
_ENGRAVING
 10
331.7878382738324
 20
658.957853286459
 30
0.0
  0
VERTEX
  5
78E
  8
_ENGRAVING
 10
331.6801621085135
 20
658.9148294378367
 30
0.0
  0
VERTEX
  5
78F
  8
_ENGRAVING
 10
331.5700377011282
 20
658.8810261131025
 30
0.0
  0
VERTEX
  5
790
  8
_ENGRAVING
 10
331.4603161690195
 20
658.8589379060484
 30
0.0
  0
VERTEX
  5
791
  8
_ENGRAVING
 10
331.3509975121876
 20
658.8485648166741
 30
0.0
  0
VERTEX
  5
792
  8
_ENGRAVING
 10
331.2420817306325
 20
658.8499068449798
 30
0.0
  0
VERTEX
  5
793
  8
_ENGRAVING
 10
331.1335688243543
 20
658.8629639909652
 30
0.0
  0
VERTEX
  5
794
  8
_ENGRAVING
 10
331.0254587933526
 20
658.8877362546309
 30
0.0
  0
VERTEX
  5
795
  8
_ENGRAVING
 10
330.9177516376279
 20
658.9242236359762
 30
0.0
  0
VERTEX
  5
796
  8
_ENGRAVING
 10
330.81044735718
 20
658.9724261350016
 30
0.0
  0
VERTEX
  5
797
  8
_ENGRAVING
 10
330.6901271062516
 20
659.0410748299778
 30
0.0
  0
VERTEX
  5
798
  8
_ENGRAVING
 10
330.5780812937001
 20
659.1207123684919
 30
0.0
  0
VERTEX
  5
799
  8
_ENGRAVING
 10
330.4743099195254
 20
659.2113387505442
 30
0.0
  0
VERTEX
  5
79A
  8
_ENGRAVING
 10
330.3788129837274
 20
659.3129539761344
 30
0.0
  0
VERTEX
  5
79B
  8
_ENGRAVING
 10
330.2915904863062
 20
659.4255580452627
 30
0.0
  0
VERTEX
  5
79C
  8
_ENGRAVING
 10
330.2126424272618
 20
659.5491509579291
 30
0.0
  0
VERTEX
  5
79D
  8
_ENGRAVING
 10
330.1419688065943
 20
659.6837327141334
 30
0.0
  0
VERTEX
  5
79E
  8
_ENGRAVING
 10
330.0795696243034
 20
659.8293033138759
 30
0.0
  0
VERTEX
  5
79F
  8
_ENGRAVING
 10
330.0254603755922
 20
659.9811103980976
 30
0.0
  0
VERTEX
  5
7A0
  8
_ENGRAVING
 10
329.9796565556638
 20
660.1344016077396
 30
0.0
  0
VERTEX
  5
7A1
  8
_ENGRAVING
 10
329.942158164518
 20
660.289176942802
 30
0.0
  0
VERTEX
  5
7A2
  8
_ENGRAVING
 10
329.9129652021551
 20
660.4454364032847
 30
0.0
  0
VERTEX
  5
7A3
  8
_ENGRAVING
 10
329.8920776685747
 20
660.6031799891878
 30
0.0
  0
VERTEX
  5
7A4
  8
_ENGRAVING
 10
329.879495563777
 20
660.7624077005113
 30
0.0
  0
VERTEX
  5
7A5
  8
_ENGRAVING
 10
329.875218887762
 20
660.9231195372552
 30
0.0
  0
VERTEX
  5
7A6
  8
_ENGRAVING
 10
329.8792476405298
 20
661.0853154994194
 30
0.0
  0
VERTEX
  5
7A7
  8
_ENGRAVING
 10
329.891674793298
 20
661.246595724622
 30
0.0
  0
VERTEX
  5
7A8
  8
_ENGRAVING
 10
329.9125933172842
 20
661.4045603504815
 30
0.0
  0
VERTEX
  5
7A9
  8
_ENGRAVING
 10
329.9420032124886
 20
661.5592093769974
 30
0.0
  0
VERTEX
  5
7AA
  8
_ENGRAVING
 10
329.9799044789111
 20
661.71054280417
 30
0.0
  0
VERTEX
  5
7AB
  8
_ENGRAVING
 10
330.0262971165517
 20
661.8585606319991
 30
0.0
  0
VERTEX
  5
7AC
  8
_ENGRAVING
 10
330.0811811254105
 20
662.0032628604849
 30
0.0
  0
VERTEX
  5
7AD
  8
_ENGRAVING
 10
330.1445565054873
 20
662.1446494896275
 30
0.0
  0
VERTEX
  5
7AE
  8
_ENGRAVING
 10
330.2164232567823
 20
662.2827205194266
 30
0.0
  0
VERTEX
  5
7AF
  8
_ENGRAVING
 10
330.2968278649042
 20
662.4127551679601
 30
0.0
  0
VERTEX
  5
7B0
  8
_ENGRAVING
 10
330.385816815462
 20
662.5300326533059
 30
0.0
  0
VERTEX
  5
7B1
  8
_ENGRAVING
 10
330.4833901084556
 20
662.6345529754637
 30
0.0
  0
VERTEX
  5
7B2
  8
_ENGRAVING
 10
330.5895477438852
 20
662.7263161344335
 30
0.0
  0
VERTEX
  5
7B3
  8
_ENGRAVING
 10
330.7042897217505
 20
662.8053221302157
 30
0.0
  0
VERTEX
  5
7B4
  8
_ENGRAVING
 10
330.8276160420517
 20
662.87157096281
 30
0.0
  0
VERTEX
  5
7B5
  8
_ENGRAVING
 10
330.9595267047887
 20
662.9250626322164
 30
0.0
  0
VERTEX
  5
7B6
  8
_ENGRAVING
 10
331.1000217099615
 20
662.9657971384349
 30
0.0
  0
VERTEX
  5
7B7
  8
_ENGRAVING
 10
331.2665021704862
 20
662.9912483105375
 30
0.0
  0
VERTEX
  5
7B8
  8
_ENGRAVING
 10
331.4327347077635
 20
662.9887852938823
 30
0.0
  0
VERTEX
  5
7B9
  8
_ENGRAVING
 10
331.5987193217937
 20
662.9584080884697
 30
0.0
  0
VERTEX
  5
7BA
  8
_ENGRAVING
 10
331.7644560125767
 20
662.9001166942995
 30
0.0
  0
VERTEX
  5
7BB
  8
_ENGRAVING
 10
331.9226310443187
 20
662.8206054643318
 30
0.0
  0
VERTEX
  5
7BC
  8
_ENGRAVING
 10
332.065930681226
 20
662.7265687515263
 30
0.0
  0
VERTEX
  5
7BD
  8
_ENGRAVING
 10
332.1943549232985
 20
662.6180065558833
 30
0.0
  0
VERTEX
  5
7BE
  8
_ENGRAVING
 10
332.3079037705365
 20
662.4949188774026
 30
0.0
  0
VERTEX
  5
7BF
  8
_ENGRAVING
 10
332.3178207004262
 20
662.4807723202042
 30
0.0
  0
VERTEX
  5
7C0
  8
_ENGRAVING
 10
332.3543893793948
 20
662.4186916696416
 30
0.0
  0
VERTEX
  5
7C1
  8
_ENGRAVING
 10
332.3728596613145
 20
662.3537059225114
 30
0.0
  0
VERTEX
  5
7C2
  8
_ENGRAVING
 10
332.3732315461854
 20
662.2858150788138
 30
0.0
  0
VERTEX
  5
7C3
  8
_ENGRAVING
 10
332.3555050340074
 20
662.2150191385485
 30
0.0
  0
VERTEX
  5
7C4
  8
_ENGRAVING
 10
332.323151050242
 20
662.1495281572327
 30
0.0
  0
VERTEX
  5
7C5
  8
_ENGRAVING
 10
332.2796405203507
 20
662.0975521903833
 30
0.0
  0
VERTEX
  5
7C6
  8
_ENGRAVING
 10
332.2249734443332
 20
662.0590912380001
 30
0.0
  0
VERTEX
  5
7C7
  8
_ENGRAVING
 10
332.1591498221898
 20
662.0341453000833
 30
0.0
  0
VERTEX
  5
7C8
  8
_ENGRAVING
 10
332.084277001522
 20
662.0247984676486
 30
0.0
  0
VERTEX
  5
7C9
  8
_ENGRAVING
 10
332.0123792598211
 20
662.0371767051972
 30
0.0
  0
VERTEX
  5
7CA
  8
_ENGRAVING
 10
331.9434565970872
 20
662.0712800127291
 30
0.0
  0
VERTEX
  5
7CB
  8
_ENGRAVING
 10
331.8775090133201
 20
662.1271083902442
 30
0.0
  0
VERTEX
  5
7CC
  8
_ENGRAVING
 10
331.7458617690334
 20
662.2642794716502
 30
0.0
  0
VERTEX
  5
7CD
  8
_ENGRAVING
 10
331.6809678590671
 20
662.3175185239638
 30
0.0
  0
VERTEX
  5
7CE
  8
_ENGRAVING
 10
331.616693757219
 20
662.3605265840179
 30
0.0
  0
VERTEX
  5
7CF
  8
_ENGRAVING
 10
331.553039463489
 20
662.3933036518124
 30
0.0
  0
VERTEX
  5
7D0
  8
_ENGRAVING
 10
331.490004977877
 20
662.4158497273472
 30
0.0
  0
VERTEX
  5
7D1
  8
_ENGRAVING
 10
331.4275903003833
 20
662.4281648106227
 30
0.0
  0
VERTEX
  5
7D2
  8
_ENGRAVING
 10
331.3657954310075
 20
662.4302489016385
 30
0.0
  0
VERTEX
  5
7D3
  8
_ENGRAVING
 10
331.2460485025885
 20
662.4128183222333
 30
0.0
  0
VERTEX
  5
7D4
  8
_ENGRAVING
 10
331.1327475785977
 20
662.3726522044735
 30
0.0
  0
VERTEX
  5
7D5
  8
_ENGRAVING
 10
331.0258926590354
 20
662.3097505483593
 30
0.0
  0
VERTEX
  5
7D6
  8
_ENGRAVING
 10
330.9254837439014
 20
662.2241133538904
 30
0.0
  0
VERTEX
  5
7D7
  8
_ENGRAVING
 10
330.8323885645611
 20
662.1202877287378
 30
0.0
  0
VERTEX
  5
7D8
  8
_ENGRAVING
 10
330.7474748523799
 20
662.0028207805726
 30
0.0
  0
VERTEX
  5
7D9
  8
_ENGRAVING
 10
330.6707426073577
 20
661.8717125093945
 30
0.0
  0
VERTEX
  5
7DA
  8
_ENGRAVING
 10
330.6021918294946
 20
661.7269629152039
 30
0.0
  0
VERTEX
  5
7DB
  8
_ENGRAVING
 10
330.5439298663922
 20
661.5777925218886
 30
0.0
  0
VERTEX
  5
7DC
  8
_ENGRAVING
 10
330.4980640656519
 20
661.4334218533371
 30
0.0
  0
VERTEX
  5
7DD
  8
_ENGRAVING
 10
330.4645944272739
 20
661.2938509095494
 30
0.0
  0
VERTEX
  5
7DE
  8
_ENGRAVING
 10
330.4435209512582
 20
661.1590796905253
 30
0.0
  0
VERTEX
  5
7DF
  8
_ENGRAVING
 10
330.4305669615896
 20
661.0113618454938
 30
0.0
  0
VERTEX
  5
7E0
  8
_ENGRAVING
 10
330.4274059401873
 20
660.8632650748231
 30
0.0
  0
VERTEX
  5
7E1
  8
_ENGRAVING
 10
330.4340378870511
 20
660.7147893785132
 30
0.0
  0
VERTEX
  5
7E2
  8
_ENGRAVING
 10
330.4504628021811
 20
660.5659347565639
 30
0.0
  0
VERTEX
  5
7E3
  8
_ENGRAVING
 10
330.4776723785661
 20
660.4191010713573
 30
0.0
  0
VERTEX
  5
7E4
  8
_ENGRAVING
 10
330.5166583091953
 20
660.2766881852752
 30
0.0
  0
VERTEX
  5
7E5
  8
_ENGRAVING
 10
330.5674205940686
 20
660.1386960983177
 30
0.0
  0
VERTEX
  5
7E6
  8
_ENGRAVING
 10
330.629959233186
 20
660.0051248104846
 30
0.0
  0
VERTEX
  5
7E7
  8
_ENGRAVING
 10
330.6913977128938
 20
659.8953153179457
 30
0.0
  0
VERTEX
  5
7E8
  8
_ENGRAVING
 10
330.7567099933398
 20
659.7962736289886
 30
0.0
  0
VERTEX
  5
7E9
  8
_ENGRAVING
 10
330.8258960745239
 20
659.7079997436133
 30
0.0
  0
VERTEX
  5
7EA
  8
_ENGRAVING
 10
330.8989559564462
 20
659.6304936618199
 30
0.0
  0
VERTEX
  5
7EB
  8
_ENGRAVING
 10
330.9758896391068
 20
659.5637553836082
 30
0.0
  0
VERTEX
  5
7EC
  8
_ENGRAVING
 10
331.0566971225056
 20
659.5077849089785
 30
0.0
  0
VERTEX
  5
7ED
  8
_ENGRAVING
 10
331.1413784066425
 20
659.4625822379305
 30
0.0
  0
VERTEX
  5
7EE
  8
_ENGRAVING
 10
331.2299334915176
 20
659.4281473704642
 30
0.0
  0
VERTEX
  5
7EF
  8
_ENGRAVING
 10
331.3201620583117
 20
659.4082379858357
 30
0.0
  0
VERTEX
  5
7F0
  8
_ENGRAVING
 10
331.4098637882053
 20
659.4066117633007
 30
0.0
  0
VERTEX
  5
7F1
  8
_ENGRAVING
 10
331.4990386811985
 20
659.4232687028591
 30
0.0
  0
VERTEX
  5
7F2
  8
_ENGRAVING
 10
331.5876867372914
 20
659.458208804511
 30
0.0
  0
VERTEX
  5
7F3
  8
_ENGRAVING
 10
331.6758079564838
 20
659.5114320682562
 30
0.0
  0
VERTEX
  5
7F4
  8
_ENGRAVING
 10
331.7634023387758
 20
659.582938494095
 30
0.0
  0
VERTEX
  5
7F5
  8
_ENGRAVING
 10
331.8504698841675
 20
659.6727280820272
 30
0.0
  0
VERTEX
  5
7F6
  8
_ENGRAVING
 10
331.9370105926588
 20
659.7808008320529
 30
0.0
  0
VERTEX
  5
7F7
  8
_ENGRAVING
 10
331.9746949262399
 20
659.8333451873613
 30
0.0
  0
VERTEX
  5
7F8
  8
_ENGRAVING
 10
332.0216298959839
 20
659.880000406693
 30
0.0
  0
VERTEX
  5
7F9
  8
_ENGRAVING
 10
332.0692156642519
 20
659.9148773540717
 30
0.0
  0
VERTEX
  5
7FA
  8
_ENGRAVING
 10
332.1174522310439
 20
659.9379760294971
 30
0.0
  0
VERTEX
  5
7FB
  8
_ENGRAVING
 10
332.1663395963599
 20
659.9492964329695
 30
0.0
  0
VERTEX
  5
7FC
  8
_ENGRAVING
 10
332.2158777601999
 20
659.9488385644887
 30
0.0
  0
VERTEX
  5
7FD
  8
_ENGRAVING
 10
332.2660667225639
 20
659.9366024240549
 30
0.0
  0
VERTEX
  5
7FE
  8
_ENGRAVING
 10
332.316906483452
 20
659.9125880116678
 30
0.0
  0
VERTEX
  5
7FF
  8
_ENGRAVING
 10
332.3683970428641
 20
659.8767953273277
 30
0.0
  0
VERTEX
  5
800
  8
_ENGRAVING
 10
332.414681214084
 20
659.834434598574
 30
0.0
  0
VERTEX
  5
801
  8
_ENGRAVING
 10
332.4499018103957
 20
659.7907160529464
 30
0.0
  0
VERTEX
  5
802
  8
_ENGRAVING
 10
332.4740588317991
 20
659.7456396904449
 30
0.0
  0
VERTEX
  5
803
  8
_ENGRAVING
 10
332.4871522782942
 20
659.6992055110693
 30
0.0
  0
VERTEX
  5
804
  8
_ENGRAVING
 10
332.489182149881
 20
659.6514135148198
 30
0.0
  0
VERTEX
  5
805
  8
_ENGRAVING
 10
332.4801484465596
 20
659.6022637016963
 30
0.0
  0
VERTEX
  5
806
  8
_ENGRAVING
 10
332.4600511683298
 20
659.551756071699
 30
0.0
  0
SEQEND
  5
E4C
  8
_ENGRAVING
  0
POLYLINE
  5
7D
  8
_ENGRAVING
 66
     1
 10
0.0
 20
0.0
 30
0.0
 70
     1
  0
VERTEX
  5
807
  8
_ENGRAVING
 10
334.9973751566442
 20
662.9152737198692
 30
0.0
  0
VERTEX
  5
808
  8
_ENGRAVING
 10
335.0530959064625
 20
662.9516663698048
 30
0.0
  0
VERTEX
  5
809
  8
_ENGRAVING
 10
335.1072051551736
 20
662.9769754447925
 30
0.0
  0
VERTEX
  5
80A
  8
_ENGRAVING
 10
335.1597029027776
 20
662.9912009448325
 30
0.0
  0
VERTEX
  5
80B
  8
_ENGRAVING
 10
335.2105891492745
 20
662.9943428699246
 30
0.0
  0
VERTEX
  5
80C
  8
_ENGRAVING
 10
335.2598638946644
 20
662.9864012200688
 30
0.0
  0
VERTEX
  5
80D
  8
_ENGRAVING
 10
335.3075271389471
 20
662.9673759952652
 30
0.0
  0
VERTEX
  5
80E
  8
_ENGRAVING
 10
335.3535788821227
 20
662.9372671955136
 30
0.0
  0
VERTEX
  5
80F
  8
_ENGRAVING
 10
335.3980191241913
 20
662.8960748208143
 30
0.0
  0
VERTEX
  5
810
  8
_ENGRAVING
 10
335.4360443522374
 20
662.8490406758433
 30
0.0
  0
VERTEX
  5
811
  8
_ENGRAVING
 10
335.4628510533457
 20
662.8014065652768
 30
0.0
  0
VERTEX
  5
812
  8
_ENGRAVING
 10
335.4784392275162
 20
662.753172489115
 30
0.0
  0
VERTEX
  5
813
  8
_ENGRAVING
 10
335.4828088747489
 20
662.7043384473575
 30
0.0
  0
VERTEX
  5
814
  8
_ENGRAVING
 10
335.4759599950438
 20
662.6549044400047
 30
0.0
  0
VERTEX
  5
815
  8
_ENGRAVING
 10
335.4578925884008
 20
662.6048704670563
 30
0.0
  0
VERTEX
  5
816
  8
_ENGRAVING
 10
335.42860665482
 20
662.5542365285125
 30
0.0
  0
VERTEX
  5
817
  8
_ENGRAVING
 10
335.3881021943015
 20
662.503002624373
 30
0.0
  0
VERTEX
  5
818
  8
_ENGRAVING
 10
334.4697944865081
 20
661.6036857739035
 30
0.0
  0
VERTEX
  5
819
  8
_ENGRAVING
 10
335.634042055568
 20
659.2634410259401
 30
0.0
  0
VERTEX
  5
81A
  8
_ENGRAVING
 10
335.6500950858272
 20
659.1949817937837
 30
0.0
  0
VERTEX
  5
81B
  8
_ENGRAVING
 10
335.6566030710673
 20
659.1320801376694
 30
0.0
  0
VERTEX
  5
81C
  8
_ENGRAVING
 10
335.6535660112886
 20
659.0747360575972
 30
0.0
  0
VERTEX
  5
81D
  8
_ENGRAVING
 10
335.6409839064909
 20
659.0229495535673
 30
0.0
  0
VERTEX
  5
81E
  8
_ENGRAVING
 10
335.6188567566743
 20
658.9767206255797
 30
0.0
  0
VERTEX
  5
81F
  8
_ENGRAVING
 10
335.5871845618389
 20
658.9360492736344
 30
0.0
  0
VERTEX
  5
820
  8
_ENGRAVING
 10
335.5459673219844
 20
658.9009354977311
 30
0.0
  0
VERTEX
  5
821
  8
_ENGRAVING
 10
335.4952050371111
 20
658.8713792978701
 30
0.0
  0
VERTEX
  5
822
  8
_ENGRAVING
 10
335.4409718267764
 20
658.8500647306628
 30
0.0
  0
VERTEX
  5
823
  8
_ENGRAVING
 10
335.3893418105378
 20
658.8396758527203
 30
0.0
  0
VERTEX
  5
824
  8
_ENGRAVING
 10
335.3403149883952
 20
658.8402126640425
 30
0.0
  0
VERTEX
  5
825
  8
_ENGRAVING
 10
335.2938913603487
 20
658.8516751646296
 30
0.0
  0
VERTEX
  5
826
  8
_ENGRAVING
 10
335.2500709263982
 20
658.8740633544815
 30
0.0
  0
VERTEX
  5
827
  8
_ENGRAVING
 10
335.2088536865438
 20
658.9073772335983
 30
0.0
  0
VERTEX
  5
828
  8
_ENGRAVING
 10
335.1702396407854
 20
658.9516168019799
 30
0.0
  0
VERTEX
  5
829
  8
_ENGRAVING
 10
335.1342287891232
 20
659.0067820596263
 30
0.0
  0
VERTEX
  5
82A
  8
_ENGRAVING
 10
334.0473332732035
 20
661.1914146784073
 30
0.0
  0
VERTEX
  5
82B
  8
_ENGRAVING
 10
333.5415698488248
 20
660.6942642397208
 30
0.0
  0
VERTEX
  5
82C
  8
_ENGRAVING
 10
333.5415698488248
 20
659.1320801376693
 30
0.0
  0
VERTEX
  5
82D
  8
_ENGRAVING
 10
333.5274692141378
 20
659.0653418594577
 30
0.0
  0
VERTEX
  5
82E
  8
_ENGRAVING
 10
333.5069845558342
 20
659.007603065178
 30
0.0
  0
VERTEX
  5
82F
  8
_ENGRAVING
 10
333.4801158739141
 20
658.9588637548305
 30
0.0
  0
VERTEX
  5
830
  8
_ENGRAVING
 10
333.4468631683774
 20
658.9191239284148
 30
0.0
  0
VERTEX
  5
831
  8
_ENGRAVING
 10
333.4072264392242
 20
658.8883835859313
 30
0.0
  0
VERTEX
  5
832
  8
_ENGRAVING
 10
333.3612056864545
 20
658.8666427273797
 30
0.0
  0
VERTEX
  5
833
  8
_ENGRAVING
 10
333.3088009100682
 20
658.8539013527602
 30
0.0
  0
VERTEX
  5
834
  8
_ENGRAVING
 10
333.2500121100654
 20
658.8501594620726
 30
0.0
  0
VERTEX
  5
835
  8
_ENGRAVING
 10
333.1915951949334
 20
658.8552275924975
 30
0.0
  0
VERTEX
  5
836
  8
_ENGRAVING
 10
333.1403060731597
 20
658.8689162812151
 30
0.0
  0
VERTEX
  5
837
  8
_ENGRAVING
 10
333.0961447447443
 20
658.8912255282255
 30
0.0
  0
VERTEX
  5
838
  8
_ENGRAVING
 10
333.0591112096872
 20
658.9221553335287
 30
0.0
  0
VERTEX
  5
839
  8
_ENGRAVING
 10
333.0292054679883
 20
658.9617056971248
 30
0.0
  0
VERTEX
  5
83A
  8
_ENGRAVING
 10
333.0064275196477
 20
659.0098766190135
 30
0.0
  0
VERTEX
  5
83B
  8
_ENGRAVING
 10
332.9907773646654
 20
659.0666680991951
 30
0.0
  0
VERTEX
  5
83C
  8
_ENGRAVING
 10
332.9822550030414
 20
659.1320801376693
 30
0.0
  0
VERTEX
  5
83D
  8
_ENGRAVING
 10
332.9822550030414
 20
662.7050962986359
 30
0.0
  0
VERTEX
  5
83E
  8
_ENGRAVING
 10
332.9907773646654
 20
662.7710135712957
 30
0.0
  0
VERTEX
  5
83F
  8
_ENGRAVING
 10
333.0064275196477
 20
662.828310285663
 30
0.0
  0
VERTEX
  5
840
  8
_ENGRAVING
 10
333.0292054679883
 20
662.8769864417372
 30
0.0
  0
VERTEX
  5
841
  8
_ENGRAVING
 10
333.0591112096872
 20
662.917042039519
 30
0.0
  0
VERTEX
  5
842
  8
_ENGRAVING
 10
333.0961447447443
 20
662.9484770790077
 30
0.0
  0
VERTEX
  5
843
  8
_ENGRAVING
 10
333.1403060731597
 20
662.9712915602039
 30
0.0
  0
VERTEX
  5
844
  8
_ENGRAVING
 10
333.1915951949334
 20
662.9854854831071
 30
0.0
  0
VERTEX
  5
845
  8
_ENGRAVING
 10
333.2500121100654
 20
662.9910588477178
 30
0.0
  0
VERTEX
  5
846
  8
_ENGRAVING
 10
333.3088009100682
 20
662.9876958826696
 30
0.0
  0
VERTEX
  5
847
  8
_ENGRAVING
 10
333.3612056864545
 20
662.9750808165965
 30
0.0
  0
VERTEX
  5
848
  8
_ENGRAVING
 10
333.4072264392242
 20
662.9532136494986
 30
0.0
  0
VERTEX
  5
849
  8
_ENGRAVING
 10
333.4468631683774
 20
662.9220943813757
 30
0.0
  0
VERTEX
  5
84A
  8
_ENGRAVING
 10
333.4801158739141
 20
662.8817230122281
 30
0.0
  0
VERTEX
  5
84B
  8
_ENGRAVING
 10
333.5069845558342
 20
662.8320995420555
 30
0.0
  0
VERTEX
  5
84C
  8
_ENGRAVING
 10
333.5274692141378
 20
662.7732239708582
 30
0.0
  0
VERTEX
  5
84D
  8
_ENGRAVING
 10
333.5415698488248
 20
662.7050962986359
 30
0.0
  0
VERTEX
  5
84E
  8
_ENGRAVING
 10
333.5415698488248
 20
661.4864714428311
 30
0.0
  0
SEQEND
  5
E4D
  8
_ENGRAVING
  0
POLYLINE
  5
7E
  8
_ENGRAVING
 66
     1
 10
0.0
 20
0.0
 30
0.0
 70
     1
  0
VERTEX
  5
84F
  8
_ENGRAVING
 10
337.6154446475457
 20
662.9920693160891
 30
0.0
  0
VERTEX
  5
850
  8
_ENGRAVING
 10
337.6531289811268
 20
662.9920693160891
 30
0.0
  0
VERTEX
  5
851
  8
_ENGRAVING
 10
337.7775864512435
 20
662.9779227588907
 30
0.0
  0
VERTEX
  5
852
  8
_ENGRAVING
 10
337.8970854564154
 20
662.9536715179793
 30
0.0
  0
VERTEX
  5
853
  8
_ENGRAVING
 10
338.0116259966424
 20
662.9193155933546
 30
0.0
  0
VERTEX
  5
854
  8
_ENGRAVING
 10
338.1212080719243
 20
662.8748549850167
 30
0.0
  0
VERTEX
  5
855
  8
_ENGRAVING
 10
338.2200984571689
 20
662.8219001269324
 30
0.0
  0
VERTEX
  5
856
  8
_ENGRAVING
 10
338.3114891641845
 20
662.7610509846974
 30
0.0
  0
VERTEX
  5
857
  8
_ENGRAVING
 10
338.3953801929708
 20
662.6923075583113
 30
0.0
  0
VERTEX
  5
858
  8
_ENGRAVING
 10
338.4717715435281
 20
662.6156698477745
 30
0.0
  0
VERTEX
  5
859
  8
_ENGRAVING
 10
338.5406632158561
 20
662.5311378530866
 30
0.0
  0
VERTEX
  5
85A
  8
_ENGRAVING
 10
338.602055209955
 20
662.438711574248
 30
0.0
  0
VERTEX
  5
85B
  8
_ENGRAVING
 10
338.6559475258247
 20
662.3383910112585
 30
0.0
  0
VERTEX
  5
85C
  8
_ENGRAVING
 10
338.7023401634654
 20
662.2301761641182
 30
0.0
  0
VERTEX
  5
85D
  8
_ENGRAVING
 10
338.7395906313639
 20
662.118361523405
 30
0.0
  0
VERTEX
  5
85E
  8
_ENGRAVING
 10
338.7660564380071
 20
662.007241579697
 30
0.0
  0
VERTEX
  5
85F
  8
_ENGRAVING
 10
338.7817375833954
 20
661.8968163329944
 30
0.0
  0
VERTEX
  5
860
  8
_ENGRAVING
 10
338.7866340675284
 20
661.787085783297
 30
0.0
  0
VERTEX
  5
861
  8
_ENGRAVING
 10
338.7807458904064
 20
661.6780499306049
 30
0.0
  0
VERTEX
  5
862
  8
_ENGRAVING
 10
338.7640730520292
 20
661.569708774918
 30
0.0
  0
VERTEX
  5
863
  8
_ENGRAVING
 10
338.7366155523969
 20
661.4620623162365
 30
0.0
  0
VERTEX
  5
864
  8
_ENGRAVING
 10
338.6983733915094
 20
661.3551105545603
 30
0.0
  0
VERTEX
  5
865
  8
_ENGRAVING
 10
338.6195337988857
 20
661.1955197061659
 30
0.0
  0
VERTEX
  5
866
  8
_ENGRAVING
 10
338.5238354254494
 20
661.0542435970015
 30
0.0
  0
VERTEX
  5
867
  8
_ENGRAVING
 10
338.4112782712003
 20
660.9312822270672
 30
0.0
  0
VERTEX
  5
868
  8
_ENGRAVING
 10
338.2818623361388
 20
660.826635596363
 30
0.0
  0
VERTEX
  5
869
  8
_ENGRAVING
 10
338.1391825073496
 20
660.7416930988993
 30
0.0
  0
VERTEX
  5
86A
  8
_ENGRAVING
 10
337.9868336719179
 20
660.677844128687
 30
0.0
  0
VERTEX
  5
86B
  8
_ENGRAVING
 10
337.8248158298437
 20
660.6350886857258
 30
0.0
  0
VERTEX
  5
86C
  8
_ENGRAVING
 10
337.6531289811268
 20
660.6134267700157
 30
0.0
  0
VERTEX
  5
86D
  8
_ENGRAVING
 10
337.6154446475457
 20
660.6114058332731
 30
0.0
  0
VERTEX
  5
86E
  8
_ENGRAVING
 10
336.6515190622592
 20
660.6114058332731
 30
0.0
  0
VERTEX
  5
86F
  8
_ENGRAVING
 10
336.6515190622592
 20
659.1381429478971
 30
0.0
  0
VERTEX
  5
870
  8
_ENGRAVING
 10
336.6393088423325
 20
659.0713573039807
 30
0.0
  0
VERTEX
  5
871
  8
_ENGRAVING
 10
336.6205286563537
 20
659.0134764125862
 30
0.0
  0
VERTEX
  5
872
  8
_ENGRAVING
 10
336.595178504323
 20
658.9645002737141
 30
0.0
  0
VERTEX
  5
873
  8
_ENGRAVING
 10
336.5632583862402
 20
658.9244288873642
 30
0.0
  0
VERTEX
  5
874
  8
_ENGRAVING
 10
336.5247683021055
 20
658.8932622535365
 30
0.0
  0
VERTEX
  5
875
  8
_ENGRAVING
 10
336.4797082519189
 20
658.8710003722309
 30
0.0
  0
VERTEX
  5
876
  8
_ENGRAVING
 10
336.4280782356802
 20
658.8576432434477
 30
0.0
  0
VERTEX
  5
877
  8
_ENGRAVING
 10
336.3698782533896
 20
658.8531908671865
 30
0.0
  0
VERTEX
  5
878
  8
_ENGRAVING
 10
336.3117092615049
 20
658.8576432434477
 30
0.0
  0
VERTEX
  5
879
  8
_ENGRAVING
 10
336.2601722164839
 20
658.8710003722309
 30
0.0
  0
VERTEX
  5
87A
  8
_ENGRAVING
 10
336.2152671183268
 20
658.8932622535365
 30
0.0
  0
VERTEX
  5
87B
  8
_ENGRAVING
 10
336.1769939670334
 20
658.9244288873642
 30
0.0
  0
VERTEX
  5
87C
  8
_ENGRAVING
 10
336.1453527626038
 20
658.9645002737141
 30
0.0
  0
VERTEX
  5
87D
  8
_ENGRAVING
 10
336.120343505038
 20
659.0134764125862
 30
0.0
  0
VERTEX
  5
87E
  8
_ENGRAVING
 10
336.101966194336
 20
659.0713573039807
 30
0.0
  0
VERTEX
  5
87F
  8
_ENGRAVING
 10
336.0902208304978
 20
659.1381429478971
 30
0.0
  0
VERTEX
  5
880
  8
_ENGRAVING
 10
336.0902208304978
 20
662.7091381721211
 30
0.0
  0
VERTEX
  5
881
  8
_ENGRAVING
 10
336.1008195493175
 20
662.7683768803894
 30
0.0
  0
VERTEX
  5
882
  8
_ENGRAVING
 10
336.1177403109419
 20
662.8207949271513
 30
0.0
  0
VERTEX
  5
883
  8
_ENGRAVING
 10
336.1409831153711
 20
662.8663923124068
 30
0.0
  0
VERTEX
  5
884
  8
_ENGRAVING
 10
336.170547962605
 20
662.905169036156
 30
0.0
  0
VERTEX
  5
885
  8
_ENGRAVING
 10
336.2064348526437
 20
662.9371250983988
 30
0.0
  0
VERTEX
  5
886
  8
_ENGRAVING
 10
336.248643785487
 20
662.9622604991353
 30
0.0
  0
VERTEX
  5
887
  8
_ENGRAVING
 10
336.2971747611352
 20
662.9805752383654
 30
0.0
  0
VERTEX
  5
888
  8
_ENGRAVING
 10
336.352027779588
 20
662.9920693160891
 30
0.0
  0
VERTEX
  5
889
  8
_ENGRAVING
 10
336.3698782533896
 20
662.9920693160891
 30
0.0
  0
SEQEND
  5
E4E
  8
_ENGRAVING
  0
POLYLINE
  5
7F
  8
_ENGRAVING
 66
     1
 10
0.0
 20
0.0
 30
0.0
 70
     1
  0
VERTEX
  5
88A
  8
_ENGRAVING
 10
337.6154446475457
 20
662.4221651546679
 30
0.0
  0
VERTEX
  5
88B
  8
_ENGRAVING
 10
336.6515190622592
 20
662.4221651546679
 30
0.0
  0
VERTEX
  5
88C
  8
_ENGRAVING
 10
336.6515190622592
 20
661.1833309314369
 30
0.0
  0
VERTEX
  5
88D
  8
_ENGRAVING
 10
337.6154446475457
 20
661.1833309314369
 30
0.0
  0
VERTEX
  5
88E
  8
_ENGRAVING
 10
337.7252126652631
 20
661.1929303809644
 30
0.0
  0
VERTEX
  5
88F
  8
_ENGRAVING
 10
337.8284107169287
 20
661.2217287295468
 30
0.0
  0
VERTEX
  5
890
  8
_ENGRAVING
 10
337.9250388025422
 20
661.2697259771842
 30
0.0
  0
VERTEX
  5
891
  8
_ENGRAVING
 10
338.0150969221037
 20
661.3369221238767
 30
0.0
  0
VERTEX
  5
892
  8
_ENGRAVING
 10
338.0928828409266
 20
661.4185174448602
 30
0.0
  0
VERTEX
  5
893
  8
_ENGRAVING
 10
338.1526943243244
 20
661.5097122153713
 30
0.0
  0
VERTEX
  5
894
  8
_ENGRAVING
 10
338.1945313722969
 20
661.6105064354099
 30
0.0
  0
VERTEX
  5
895
  8
_ENGRAVING
 10
338.2183939848442
 20
661.720900104976
 30
0.0
  0
VERTEX
  5
896
  8
_ENGRAVING
 10
338.2226086800473
 20
661.8561134039126
 30
0.0
  0
VERTEX
  5
897
  8
_ENGRAVING
 10
338.1995518180536
 20
661.9828640302392
 30
0.0
  0
VERTEX
  5
898
  8
_ENGRAVING
 10
338.1492233988629
 20
662.1011519839562
 30
0.0
  0
VERTEX
  5
899
  8
_ENGRAVING
 10
338.0716234224755
 20
662.2109772650633
 30
0.0
  0
VERTEX
  5
89A
  8
_ENGRAVING
 10
337.9746854328029
 20
662.3033719667653
 30
0.0
  0
VERTEX
  5
89B
  8
_ENGRAVING
 10
337.8663429737571
 20
662.3693681822667
 30
0.0
  0
VERTEX
  5
89C
  8
_ENGRAVING
 10
337.746596045338
 20
662.4089659115677
 30
0.0
  0
SEQEND
  5
E4F
  8
_ENGRAVING
  0
POLYLINE
  5
80
  8
_ENGRAVING
 66
     1
 10
0.0
 20
0.0
 30
0.0
 70
     1
  0
VERTEX
  5
89D
  8
_ENGRAVING
 10
339.9122056100183
 20
659.1320801376693
 30
0.0
  0
VERTEX
  5
89E
  8
_ENGRAVING
 10
339.8982444321579
 20
659.0653102823211
 30
0.0
  0
VERTEX
  5
89F
  8
_ENGRAVING
 10
339.878178144334
 20
659.0074767566316
 30
0.0
  0
VERTEX
  5
8A0
  8
_ENGRAVING
 10
339.8520067465467
 20
658.9585795606009
 30
0.0
  0
VERTEX
  5
8A1
  8
_ENGRAVING
 10
339.8197302387961
 20
658.918618694229
 30
0.0
  0
VERTEX
  5
8A2
  8
_ENGRAVING
 10
339.7813486210821
 20
658.8875941575161
 30
0.0
  0
VERTEX
  5
8A3
  8
_ENGRAVING
 10
339.7368618934046
 20
658.865505950462
 30
0.0
  0
VERTEX
  5
8A4
  8
_ENGRAVING
 10
339.6862700557638
 20
658.8523540730665
 30
0.0
  0
VERTEX
  5
8A5
  8
_ENGRAVING
 10
339.6295731081596
 20
658.84813852533
 30
0.0
  0
VERTEX
  5
8A6
  8
_ENGRAVING
 10
339.5729071509613
 20
658.8527961529791
 30
0.0
  0
VERTEX
  5
8A7
  8
_ENGRAVING
 10
339.5224082845382
 20
658.8662638017405
 30
0.0
  0
VERTEX
  5
8A8
  8
_ENGRAVING
 10
339.4780765088902
 20
658.8885414716143
 30
0.0
  0
VERTEX
  5
8A9
  8
_ENGRAVING
 10
339.4399118240176
 20
658.9196291626005
 30
0.0
  0
VERTEX
  5
8AA
  8
_ENGRAVING
 10
339.4079142299202
 20
658.959526874699
 30
0.0
  0
VERTEX
  5
8AB
  8
_ENGRAVING
 10
339.3820837265979
 20
659.00823460791
 30
0.0
  0
VERTEX
  5
8AC
  8
_ENGRAVING
 10
339.3624203140507
 20
659.0657523622334
 30
0.0
  0
VERTEX
  5
8AD
  8
_ENGRAVING
 10
339.3489239922789
 20
659.1320801376693
 30
0.0
  0
VERTEX
  5
8AE
  8
_ENGRAVING
 10
339.3489239922789
 20
662.7050962986359
 30
0.0
  0
VERTEX
  5
8AF
  8
_ENGRAVING
 10
339.3624203140507
 20
662.7718977311208
 30
0.0
  0
VERTEX
  5
8B0
  8
_ENGRAVING
 10
339.3820837265979
 20
662.82982598822
 30
0.0
  0
VERTEX
  5
8B1
  8
_ENGRAVING
 10
339.4079142299202
 20
662.8788810699338
 30
0.0
  0
VERTEX
  5
8B2
  8
_ENGRAVING
 10
339.4399118240176
 20
662.9190629762618
 30
0.0
  0
VERTEX
  5
8B3
  8
_ENGRAVING
 10
339.4780765088902
 20
662.9503717072042
 30
0.0
  0
VERTEX
  5
8B4
  8
_ENGRAVING
 10
339.5224082845382
 20
662.972807262761
 30
0.0
  0
VERTEX
  5
8B5
  8
_ENGRAVING
 10
339.5729071509613
 20
662.9863696429322
 30
0.0
  0
VERTEX
  5
8B6
  8
_ENGRAVING
 10
339.6295731081596
 20
662.9910588477178
 30
0.0
  0
VERTEX
  5
8B7
  8
_ENGRAVING
 10
339.6862700557638
 20
662.9868117228445
 30
0.0
  0
VERTEX
  5
8B8
  8
_ENGRAVING
 10
339.7368618934046
 20
662.9735651140394
 30
0.0
  0
VERTEX
  5
8B9
  8
_ENGRAVING
 10
339.7813486210821
 20
662.9513190213021
 30
0.0
  0
VERTEX
  5
8BA
  8
_ENGRAVING
 10
339.8197302387961
 20
662.9200734446329
 30
0.0
  0
VERTEX
  5
8BB
  8
_ENGRAVING
 10
339.8520067465467
 20
662.8798283840316
 30
0.0
  0
VERTEX
  5
8BC
  8
_ENGRAVING
 10
339.878178144334
 20
662.8305838394984
 30
0.0
  0
VERTEX
  5
8BD
  8
_ENGRAVING
 10
339.8982444321579
 20
662.7723398110331
 30
0.0
  0
VERTEX
  5
8BE
  8
_ENGRAVING
 10
339.9122056100183
 20
662.7050962986359
 30
0.0
  0
SEQEND
  5
E50
  8
_ENGRAVING
  0
POLYLINE
  5
81
  8
_ENGRAVING
 66
     1
 10
0.0
 20
0.0
 30
0.0
 70
     1
  0
VERTEX
  5
8BF
  8
_ENGRAVING
 10
341.4810639185812
 20
659.1361220111545
 30
0.0
  0
VERTEX
  5
8C0
  8
_ENGRAVING
 10
341.4810639185812
 20
662.4221651546679
 30
0.0
  0
VERTEX
  5
8C1
  8
_ENGRAVING
 10
340.7531612646715
 20
662.4221651546679
 30
0.0
  0
VERTEX
  5
8C2
  8
_ENGRAVING
 10
340.6880969074728
 20
662.4314646213977
 30
0.0
  0
VERTEX
  5
8C3
  8
_ENGRAVING
 10
340.6317408543335
 20
662.4482478695024
 30
0.0
  0
VERTEX
  5
8C4
  8
_ENGRAVING
 10
340.5840931052537
 20
662.4725148989824
 30
0.0
  0
VERTEX
  5
8C5
  8
_ENGRAVING
 10
340.5451536602334
 20
662.5042657098372
 30
0.0
  0
VERTEX
  5
8C6
  8
_ENGRAVING
 10
340.5149225192725
 20
662.5435003020672
 30
0.0
  0
VERTEX
  5
8C7
  8
_ENGRAVING
 10
340.4933996823711
 20
662.5902186756721
 30
0.0
  0
VERTEX
  5
8C8
  8
_ENGRAVING
 10
340.4805851495292
 20
662.644420830652
 30
0.0
  0
VERTEX
  5
8C9
  8
_ENGRAVING
 10
340.4764789207467
 20
662.7061067670072
 30
0.0
  0
VERTEX
  5
8CA
  8
_ENGRAVING
 10
340.4810190152119
 20
662.767824280499
 30
0.0
  0
VERTEX
  5
8CB
  8
_ENGRAVING
 10
340.4941434521129
 20
662.8221211668888
 30
0.0
  0
VERTEX
  5
8CC
  8
_ENGRAVING
 10
340.5158522314497
 20
662.8689974261769
 30
0.0
  0
VERTEX
  5
8CD
  8
_ENGRAVING
 10
340.5461453532224
 20
662.908453058363
 30
0.0
  0
VERTEX
  5
8CE
  8
_ENGRAVING
 10
340.5850228174309
 20
662.9404880634473
 30
0.0
  0
VERTEX
  5
8CF
  8
_ENGRAVING
 10
340.6324846240752
 20
662.9651024414297
 30
0.0
  0
VERTEX
  5
8D0
  8
_ENGRAVING
 10
340.6885307731554
 20
662.9822961923104
 30
0.0
  0
VERTEX
  5
8D1
  8
_ENGRAVING
 10
340.7531612646715
 20
662.9920693160891
 30
0.0
  0
VERTEX
  5
8D2
  8
_ENGRAVING
 10
342.7662980322964
 20
662.9920693160891
 30
0.0
  0
VERTEX
  5
8D3
  8
_ENGRAVING
 10
342.830463667724
 20
662.9827382722227
 30
0.0
  0
VERTEX
  5
8D4
  8
_ENGRAVING
 10
342.8861069415274
 20
662.9658602927082
 30
0.0
  0
VERTEX
  5
8D5
  8
_ENGRAVING
 10
342.9332278537067
 20
662.9414353775453
 30
0.0
  0
VERTEX
  5
8D6
  8
_ENGRAVING
 10
342.9718264042621
 20
662.9094635267343
 30
0.0
  0
VERTEX
  5
8D7
  8
_ENGRAVING
 10
343.0019025931934
 20
662.8699447402748
 30
0.0
  0
VERTEX
  5
8D8
  8
_ENGRAVING
 10
343.0234564205007
 20
662.8228790181672
 30
0.0
  0
VERTEX
  5
8D9
  8
_ENGRAVING
 10
343.036487886184
 20
662.7682663604113
 30
0.0
  0
VERTEX
  5
8DA
  8
_ENGRAVING
 10
343.0409969902433
 20
662.7061067670072
 30
0.0
  0
VERTEX
  5
8DB
  8
_ENGRAVING
 10
343.0369217518667
 20
662.6439787507398
 30
0.0
  0
VERTEX
  5
8DC
  8
_ENGRAVING
 10
343.0242001902425
 20
662.5894608243938
 30
0.0
  0
VERTEX
  5
8DD
  8
_ENGRAVING
 10
343.0028323053706
 20
662.5425529879692
 30
0.0
  0
VERTEX
  5
8DE
  8
_ENGRAVING
 10
342.9728180972511
 20
662.5032552414659
 30
0.0
  0
VERTEX
  5
8DF
  8
_ENGRAVING
 10
342.9341575658839
 20
662.4715675848843
 30
0.0
  0
VERTEX
  5
8E0
  8
_ENGRAVING
 10
342.8868507112691
 20
662.447490018224
 30
0.0
  0
VERTEX
  5
8E1
  8
_ENGRAVING
 10
342.8308975334066
 20
662.4310225414854
 30
0.0
  0
VERTEX
  5
8E2
  8
_ENGRAVING
 10
342.7662980322964
 20
662.4221651546679
 30
0.0
  0
VERTEX
  5
8E3
  8
_ENGRAVING
 10
342.0403787643647
 20
662.4221651546679
 30
0.0
  0
VERTEX
  5
8E4
  8
_ENGRAVING
 10
342.0403787643647
 20
659.1361220111545
 30
0.0
  0
VERTEX
  5
8E5
  8
_ENGRAVING
 10
342.0258287687921
 20
659.068925864462
 30
0.0
  0
VERTEX
  5
8E6
  8
_ENGRAVING
 10
342.0049877208206
 20
659.0108239331114
 30
0.0
  0
VERTEX
  5
8E7
  8
_ENGRAVING
 10
341.9778556204503
 20
658.9618162171028
 30
0.0
  0
VERTEX
  5
8E8
  8
_ENGRAVING
 10
341.9444324676811
 20
658.9219027164359
 30
0.0
  0
VERTEX
  5
8E9
  8
_ENGRAVING
 10
341.9047182625131
 20
658.8910834311108
 30
0.0
  0
VERTEX
  5
8EA
  8
_ENGRAVING
 10
341.8587130049464
 20
658.8693583611275
 30
0.0
  0
VERTEX
  5
8EB
  8
_ENGRAVING
 10
341.8064166949807
 20
658.8567275064861
 30
0.0
  0
VERTEX
  5
8EC
  8
_ENGRAVING
 10
341.7478293326163
 20
658.8531908671865
 30
0.0
  0
VERTEX
  5
8ED
  8
_ENGRAVING
 10
341.6896448455286
 20
658.8584958261359
 30
0.0
  0
VERTEX
  5
8EE
  8
_ENGRAVING
 10
341.6385571613933
 20
658.8723897662416
 30
0.0
  0
VERTEX
  5
8EF
  8
_ENGRAVING
 10
341.5945662802104
 20
658.8948726875033
 30
0.0
  0
VERTEX
  5
8F0
  8
_ENGRAVING
 10
341.5576722019798
 20
658.9259445899212
 30
0.0
  0
VERTEX
  5
8F1
  8
_ENGRAVING
 10
341.5278749267015
 20
658.9656054734953
 30
0.0
  0
VERTEX
  5
8F2
  8
_ENGRAVING
 10
341.5051744543757
 20
659.0138553382255
 30
0.0
  0
VERTEX
  5
8F3
  8
_ENGRAVING
 10
341.4895707850023
 20
659.070694184112
 30
0.0
  0
SEQEND
  5
E51
  8
_ENGRAVING
  0
POLYLINE
  5
83
  8
_BACKPANEL
 66
     1
 10
0.0
 20
0.0
 30
0.0
 70
     1
  0
VERTEX
  5
8F4
  8
_BACKPANEL
 10
260.9165110865941
 20
652.4006593888695
 30
0.0
  0
VERTEX
  5
8F5
  8
_BACKPANEL
 10
282.0120738571569
 20
652.4006593888695
 30
0.0
  0
VERTEX
  5
8F6
  8
_BACKPANEL
 10
282.117391351603
 20
652.395373943214
 30
0.0
  0
VERTEX
  5
8F7
  8
_BACKPANEL
 10
282.2196001053391
 20
652.3798567468872
 30
0.0
  0
VERTEX
  5
8F8
  8
_BACKPANEL
 10
282.3181915247737
 20
652.3546165108488
 30
0.0
  0
VERTEX
  5
8F9
  8
_BACKPANEL
 10
282.4126570163155
 20
652.3201619460586
 30
0.0
  0
VERTEX
  5
8FA
  8
_BACKPANEL
 10
282.5024879863728
 20
652.2770017634765
 30
0.0
  0
VERTEX
  5
8FB
  8
_BACKPANEL
 10
282.5871758413543
 20
652.2256446740619
 30
0.0
  0
VERTEX
  5
8FC
  8
_BACKPANEL
 10
282.6662119876685
 20
652.1665993887748
 30
0.0
  0
VERTEX
  5
8FD
  8
_BACKPANEL
 10
282.739087831724
 20
652.100374618575
 30
0.0
  0
VERTEX
  5
8FE
  8
_BACKPANEL
 10
282.8052947799293
 20
652.027479074422
 30
0.0
  0
VERTEX
  5
8FF
  8
_BACKPANEL
 10
282.8643242386927
 20
651.9484214672757
 30
0.0
  0
VERTEX
  5
900
  8
_BACKPANEL
 10
282.915667614423
 20
651.8637105080959
 30
0.0
  0
VERTEX
  5
901
  8
_BACKPANEL
 10
282.9588163135287
 20
651.7738549078422
 30
0.0
  0
VERTEX
  5
902
  8
_BACKPANEL
 10
282.9932617424182
 20
651.6793633774744
 30
0.0
  0
VERTEX
  5
903
  8
_BACKPANEL
 10
283.0184953075002
 20
651.5807446279523
 30
0.0
  0
VERTEX
  5
904
  8
_BACKPANEL
 10
283.0340084151832
 20
651.4785073702355
 30
0.0
  0
VERTEX
  5
905
  8
_BACKPANEL
 10
283.0392924718756
 20
651.373160315284
 30
0.0
  0
VERTEX
  5
906
  8
_BACKPANEL
 10
283.0392924718756
 20
630.2781617787938
 30
0.0
  0
VERTEX
  5
907
  8
_BACKPANEL
 10
283.0340084151832
 20
630.1728147238423
 30
0.0
  0
VERTEX
  5
908
  8
_BACKPANEL
 10
283.0184953075002
 20
630.0705774661255
 30
0.0
  0
VERTEX
  5
909
  8
_BACKPANEL
 10
282.9932617424182
 20
629.9719587166035
 30
0.0
  0
VERTEX
  5
90A
  8
_BACKPANEL
 10
282.9588163135287
 20
629.8774671862357
 30
0.0
  0
VERTEX
  5
90B
  8
_BACKPANEL
 10
282.915667614423
 20
629.787611585982
 30
0.0
  0
VERTEX
  5
90C
  8
_BACKPANEL
 10
282.8643242386927
 20
629.7029006268021
 30
0.0
  0
VERTEX
  5
90D
  8
_BACKPANEL
 10
282.8052947799293
 20
629.6238430196559
 30
0.0
  0
VERTEX
  5
90E
  8
_BACKPANEL
 10
282.739087831724
 20
629.5509474755029
 30
0.0
  0
VERTEX
  5
90F
  8
_BACKPANEL
 10
282.6662119876685
 20
629.484722705303
 30
0.0
  0
VERTEX
  5
910
  8
_BACKPANEL
 10
282.5871758413543
 20
629.425677420016
 30
0.0
  0
VERTEX
  5
911
  8
_BACKPANEL
 10
282.5024879863728
 20
629.3743203306013
 30
0.0
  0
VERTEX
  5
912
  8
_BACKPANEL
 10
282.4126570163155
 20
629.3311601480192
 30
0.0
  0
VERTEX
  5
913
  8
_BACKPANEL
 10
282.3181915247737
 20
629.296705583229
 30
0.0
  0
VERTEX
  5
914
  8
_BACKPANEL
 10
282.2196001053391
 20
629.2714653471907
 30
0.0
  0
VERTEX
  5
915
  8
_BACKPANEL
 10
282.117391351603
 20
629.2559481508638
 30
0.0
  0
VERTEX
  5
916
  8
_BACKPANEL
 10
282.0120738571569
 20
629.2506627052084
 30
0.0
  0
VERTEX
  5
917
  8
_BACKPANEL
 10
260.9165110865941
 20
629.2506627052084
 30
0.0
  0
VERTEX
  5
918
  8
_BACKPANEL
 10
260.8111935921481
 20
629.2559481508638
 30
0.0
  0
VERTEX
  5
919
  8
_BACKPANEL
 10
260.708984838412
 20
629.2714653471907
 30
0.0
  0
VERTEX
  5
91A
  8
_BACKPANEL
 10
260.6103934189773
 20
629.296705583229
 30
0.0
  0
VERTEX
  5
91B
  8
_BACKPANEL
 10
260.5159279274355
 20
629.3311601480192
 30
0.0
  0
VERTEX
  5
91C
  8
_BACKPANEL
 10
260.4260969573782
 20
629.3743203306013
 30
0.0
  0
VERTEX
  5
91D
  8
_BACKPANEL
 10
260.3414091023967
 20
629.425677420016
 30
0.0
  0
VERTEX
  5
91E
  8
_BACKPANEL
 10
260.2623729560825
 20
629.484722705303
 30
0.0
  0
VERTEX
  5
91F
  8
_BACKPANEL
 10
260.189497112027
 20
629.5509474755029
 30
0.0
  0
VERTEX
  5
920
  8
_BACKPANEL
 10
260.1232901638218
 20
629.6238430196559
 30
0.0
  0
VERTEX
  5
921
  8
_BACKPANEL
 10
260.0642607050583
 20
629.7029006268021
 30
0.0
  0
VERTEX
  5
922
  8
_BACKPANEL
 10
260.012917329328
 20
629.787611585982
 30
0.0
  0
VERTEX
  5
923
  8
_BACKPANEL
 10
259.9697686302223
 20
629.8774671862357
 30
0.0
  0
VERTEX
  5
924
  8
_BACKPANEL
 10
259.9353232013328
 20
629.9719587166035
 30
0.0
  0
VERTEX
  5
925
  8
_BACKPANEL
 10
259.9100896362509
 20
630.0705774661255
 30
0.0
  0
VERTEX
  5
926
  8
_BACKPANEL
 10
259.8945765285679
 20
630.1728147238423
 30
0.0
  0
VERTEX
  5
927
  8
_BACKPANEL
 10
259.8892924718755
 20
630.2781617787938
 30
0.0
  0
VERTEX
  5
928
  8
_BACKPANEL
 10
259.8892924718755
 20
651.373160315284
 30
0.0
  0
VERTEX
  5
929
  8
_BACKPANEL
 10
259.8945765285679
 20
651.4785073702355
 30
0.0
  0
VERTEX
  5
92A
  8
_BACKPANEL
 10
259.9100896362509
 20
651.5807446279523
 30
0.0
  0
VERTEX
  5
92B
  8
_BACKPANEL
 10
259.9353232013328
 20
651.6793633774744
 30
0.0
  0
VERTEX
  5
92C
  8
_BACKPANEL
 10
259.9697686302223
 20
651.7738549078422
 30
0.0
  0
VERTEX
  5
92D
  8
_BACKPANEL
 10
260.012917329328
 20
651.8637105080959
 30
0.0
  0
VERTEX
  5
92E
  8
_BACKPANEL
 10
260.0642607050583
 20
651.9484214672757
 30
0.0
  0
VERTEX
  5
92F
  8
_BACKPANEL
 10
260.1232901638218
 20
652.027479074422
 30
0.0
  0
VERTEX
  5
930
  8
_BACKPANEL
 10
260.189497112027
 20
652.100374618575
 30
0.0
  0
VERTEX
  5
931
  8
_BACKPANEL
 10
260.2623729560825
 20
652.1665993887748
 30
0.0
  0
VERTEX
  5
932
  8
_BACKPANEL
 10
260.3414091023967
 20
652.2256446740619
 30
0.0
  0
VERTEX
  5
933
  8
_BACKPANEL
 10
260.4260969573783
 20
652.2770017634765
 30
0.0
  0
VERTEX
  5
934
  8
_BACKPANEL
 10
260.5159279274356
 20
652.3201619460586
 30
0.0
  0
VERTEX
  5
935
  8
_BACKPANEL
 10
260.6103934189774
 20
652.3546165108488
 30
0.0
  0
VERTEX
  5
936
  8
_BACKPANEL
 10
260.708984838412
 20
652.3798567468872
 30
0.0
  0
VERTEX
  5
937
  8
_BACKPANEL
 10
260.8111935921481
 20
652.395373943214
 30
0.0
  0
SEQEND
  5
E52
  8
_BACKPANEL
  0
POLYLINE
  5
84
  8
_BACKPANEL
 66
     1
 10
0.0
 20
0.0
 30
0.0
 70
     1
  0
VERTEX
  5
938
  8
_BACKPANEL
 10
214.375
 20
670.6999999999888
 30
0.0
  0
VERTEX
  5
939
  8
_BACKPANEL
 10
214.375
 20
665.9717391304235
 30
0.0
  0
VERTEX
  5
93A
  8
_BACKPANEL
 10
214.375
 20
656.515217391293
 30
0.0
  0
VERTEX
  5
93B
  8
_BACKPANEL
 10
214.375
 20
637.6021739130323
 30
0.0
  0
VERTEX
  5
93C
  8
_BACKPANEL
 10
214.375
 20
632.873913043467
 30
0.0
  0
VERTEX
  5
93D
  8
_BACKPANEL
 10
214.375
 20
623.4173913043365
 30
0.0
  0
VERTEX
  5
93E
  8
_BACKPANEL
 10
359.3749999999997
 20
623.4173913043365
 30
0.0
  0
VERTEX
  5
93F
  8
_BACKPANEL
 10
359.3749999999997
 20
632.873913043467
 30
0.0
  0
VERTEX
  5
940
  8
_BACKPANEL
 10
359.3749999999997
 20
637.6021739130323
 30
0.0
  0
VERTEX
  5
941
  8
_BACKPANEL
 10
359.3749999999997
 20
656.515217391293
 30
0.0
  0
VERTEX
  5
942
  8
_BACKPANEL
 10
359.3749999999997
 20
665.9717391304235
 30
0.0
  0
VERTEX
  5
943
  8
_BACKPANEL
 10
359.3749999999997
 20
670.6999999999888
 30
0.0
  0
SEQEND
  5
E53
  8
_BACKPANEL
  0
POLYLINE
  5
85
  8
_BACKPANEL
 66
     1
 10
0.0
 20
0.0
 30
0.0
 70
     1
  0
VERTEX
  5
944
  8
_BACKPANEL
 10
355.5
 20
635.0118301
 30
0.0
 42
0.4142135623730951
  0
VERTEX
  5
945
  8
_BACKPANEL
 10
357.9881699
 20
637.5
 30
0.0
 42
0.4142135623730951
  0
VERTEX
  5
946
  8
_BACKPANEL
 10
355.5
 20
639.9881699
 30
0.0
 42
0.4142135623730951
  0
VERTEX
  5
947
  8
_BACKPANEL
 10
353.0118301
 20
637.5
 30
0.0
 42
0.4142135623730951
  0
SEQEND
  5
E54
  8
_BACKPANEL
  0
POLYLINE
  5
86
  8
_BACKPANEL
 66
     1
 10
0.0
 20
0.0
 30
0.0
 70
     1
  0
VERTEX
  5
948
  8
_BACKPANEL
 10
322.2151994441443
 20
652.4006593888695
 30
0.0
  0
VERTEX
  5
949
  8
_BACKPANEL
 10
343.3107622147072
 20
652.4006593888695
 30
0.0
  0
VERTEX
  5
94A
  8
_BACKPANEL
 10
343.4160797091532
 20
652.395373943214
 30
0.0
  0
VERTEX
  5
94B
  8
_BACKPANEL
 10
343.5182884628894
 20
652.3798567468872
 30
0.0
  0
VERTEX
  5
94C
  8
_BACKPANEL
 10
343.616879882324
 20
652.3546165108488
 30
0.0
  0
VERTEX
  5
94D
  8
_BACKPANEL
 10
343.7113453738658
 20
652.3201619460586
 30
0.0
  0
VERTEX
  5
94E
  8
_BACKPANEL
 10
343.8011763439231
 20
652.2770017634765
 30
0.0
  0
VERTEX
  5
94F
  8
_BACKPANEL
 10
343.8858641989046
 20
652.2256446740619
 30
0.0
  0
VERTEX
  5
950
  8
_BACKPANEL
 10
343.9649003452188
 20
652.1665993887748
 30
0.0
  0
VERTEX
  5
951
  8
_BACKPANEL
 10
344.0377761892743
 20
652.100374618575
 30
0.0
  0
VERTEX
  5
952
  8
_BACKPANEL
 10
344.1039831374795
 20
652.027479074422
 30
0.0
  0
VERTEX
  5
953
  8
_BACKPANEL
 10
344.1630125962429
 20
651.9484214672757
 30
0.0
  0
VERTEX
  5
954
  8
_BACKPANEL
 10
344.2143559719732
 20
651.8637105080959
 30
0.0
  0
VERTEX
  5
955
  8
_BACKPANEL
 10
344.2575046710789
 20
651.7738549078422
 30
0.0
  0
VERTEX
  5
956
  8
_BACKPANEL
 10
344.2919500999684
 20
651.6793633774744
 30
0.0
  0
VERTEX
  5
957
  8
_BACKPANEL
 10
344.3171836650504
 20
651.5807446279523
 30
0.0
  0
VERTEX
  5
958
  8
_BACKPANEL
 10
344.3326967727334
 20
651.4785073702355
 30
0.0
  0
VERTEX
  5
959
  8
_BACKPANEL
 10
344.3379808294258
 20
651.373160315284
 30
0.0
  0
VERTEX
  5
95A
  8
_BACKPANEL
 10
344.3379808294258
 20
630.2781617787938
 30
0.0
  0
VERTEX
  5
95B
  8
_BACKPANEL
 10
344.3326967727334
 20
630.1728147238423
 30
0.0
  0
VERTEX
  5
95C
  8
_BACKPANEL
 10
344.3171836650504
 20
630.0705774661255
 30
0.0
  0
VERTEX
  5
95D
  8
_BACKPANEL
 10
344.2919500999684
 20
629.9719587166035
 30
0.0
  0
VERTEX
  5
95E
  8
_BACKPANEL
 10
344.2575046710789
 20
629.8774671862357
 30
0.0
  0
VERTEX
  5
95F
  8
_BACKPANEL
 10
344.2143559719732
 20
629.787611585982
 30
0.0
  0
VERTEX
  5
960
  8
_BACKPANEL
 10
344.1630125962429
 20
629.7029006268021
 30
0.0
  0
VERTEX
  5
961
  8
_BACKPANEL
 10
344.1039831374795
 20
629.6238430196559
 30
0.0
  0
VERTEX
  5
962
  8
_BACKPANEL
 10
344.0377761892742
 20
629.5509474755029
 30
0.0
  0
VERTEX
  5
963
  8
_BACKPANEL
 10
343.9649003452187
 20
629.484722705303
 30
0.0
  0
VERTEX
  5
964
  8
_BACKPANEL
 10
343.8858641989045
 20
629.425677420016
 30
0.0
  0
VERTEX
  5
965
  8
_BACKPANEL
 10
343.801176343923
 20
629.3743203306013
 30
0.0
  0
VERTEX
  5
966
  8
_BACKPANEL
 10
343.7113453738657
 20
629.3311601480192
 30
0.0
  0
VERTEX
  5
967
  8
_BACKPANEL
 10
343.616879882324
 20
629.296705583229
 30
0.0
  0
VERTEX
  5
968
  8
_BACKPANEL
 10
343.5182884628893
 20
629.2714653471907
 30
0.0
  0
VERTEX
  5
969
  8
_BACKPANEL
 10
343.4160797091532
 20
629.2559481508638
 30
0.0
  0
VERTEX
  5
96A
  8
_BACKPANEL
 10
343.3107622147072
 20
629.2506627052084
 30
0.0
  0
VERTEX
  5
96B
  8
_BACKPANEL
 10
322.2151994441443
 20
629.2506627052084
 30
0.0
  0
VERTEX
  5
96C
  8
_BACKPANEL
 10
322.1098819496983
 20
629.2559481508638
 30
0.0
  0
VERTEX
  5
96D
  8
_BACKPANEL
 10
322.0076731959622
 20
629.2714653471907
 30
0.0
  0
VERTEX
  5
96E
  8
_BACKPANEL
 10
321.9090817765275
 20
629.296705583229
 30
0.0
  0
VERTEX
  5
96F
  8
_BACKPANEL
 10
321.8146162849857
 20
629.3311601480192
 30
0.0
  0
VERTEX
  5
970
  8
_BACKPANEL
 10
321.7247853149284
 20
629.3743203306013
 30
0.0
  0
VERTEX
  5
971
  8
_BACKPANEL
 10
321.6400974599469
 20
629.425677420016
 30
0.0
  0
VERTEX
  5
972
  8
_BACKPANEL
 10
321.5610613136327
 20
629.484722705303
 30
0.0
  0
VERTEX
  5
973
  8
_BACKPANEL
 10
321.4881854695772
 20
629.5509474755029
 30
0.0
  0
VERTEX
  5
974
  8
_BACKPANEL
 10
321.421978521372
 20
629.6238430196559
 30
0.0
  0
VERTEX
  5
975
  8
_BACKPANEL
 10
321.3629490626085
 20
629.7029006268021
 30
0.0
  0
VERTEX
  5
976
  8
_BACKPANEL
 10
321.3116056868782
 20
629.787611585982
 30
0.0
  0
VERTEX
  5
977
  8
_BACKPANEL
 10
321.2684569877725
 20
629.8774671862357
 30
0.0
  0
VERTEX
  5
978
  8
_BACKPANEL
 10
321.234011558883
 20
629.9719587166035
 30
0.0
  0
VERTEX
  5
979
  8
_BACKPANEL
 10
321.208777993801
 20
630.0705774661255
 30
0.0
  0
VERTEX
  5
97A
  8
_BACKPANEL
 10
321.1932648861181
 20
630.1728147238423
 30
0.0
  0
VERTEX
  5
97B
  8
_BACKPANEL
 10
321.1879808294257
 20
630.2781617787938
 30
0.0
  0
VERTEX
  5
97C
  8
_BACKPANEL
 10
321.1879808294257
 20
651.373160315284
 30
0.0
  0
VERTEX
  5
97D
  8
_BACKPANEL
 10
321.1932648861181
 20
651.4785073702355
 30
0.0
  0
VERTEX
  5
97E
  8
_BACKPANEL
 10
321.208777993801
 20
651.5807446279523
 30
0.0
  0
VERTEX
  5
97F
  8
_BACKPANEL
 10
321.234011558883
 20
651.6793633774744
 30
0.0
  0
VERTEX
  5
980
  8
_BACKPANEL
 10
321.2684569877725
 20
651.7738549078422
 30
0.0
  0
VERTEX
  5
981
  8
_BACKPANEL
 10
321.3116056868782
 20
651.8637105080959
 30
0.0
  0
VERTEX
  5
982
  8
_BACKPANEL
 10
321.3629490626085
 20
651.9484214672757
 30
0.0
  0
VERTEX
  5
983
  8
_BACKPANEL
 10
321.421978521372
 20
652.027479074422
 30
0.0
  0
VERTEX
  5
984
  8
_BACKPANEL
 10
321.4881854695772
 20
652.100374618575
 30
0.0
  0
VERTEX
  5
985
  8
_BACKPANEL
 10
321.5610613136327
 20
652.1665993887748
 30
0.0
  0
VERTEX
  5
986
  8
_BACKPANEL
 10
321.6400974599469
 20
652.2256446740619
 30
0.0
  0
VERTEX
  5
987
  8
_BACKPANEL
 10
321.7247853149285
 20
652.2770017634765
 30
0.0
  0
VERTEX
  5
988
  8
_BACKPANEL
 10
321.8146162849858
 20
652.3201619460586
 30
0.0
  0
VERTEX
  5
989
  8
_BACKPANEL
 10
321.9090817765276
 20
652.3546165108488
 30
0.0
  0
VERTEX
  5
98A
  8
_BACKPANEL
 10
322.0076731959622
 20
652.3798567468872
 30
0.0
  0
VERTEX
  5
98B
  8
_BACKPANEL
 10
322.1098819496983
 20
652.395373943214
 30
0.0
  0
SEQEND
  5
E55
  8
_BACKPANEL
  0
POLYLINE
  5
87
  8
_BACKPANEL
 66
     1
 10
0.0
 20
0.0
 30
0.0
 70
     1
  0
VERTEX
  5
98C
  8
_BACKPANEL
 10
218.4048402785091
 20
654.5549865139905
 30
0.0
 42
0.4142135623730951
  0
VERTEX
  5
98D
  8
_BACKPANEL
 10
220.8930101785091
 20
657.0431564139905
 30
0.0
 42
0.4142135623730951
  0
VERTEX
  5
98E
  8
_BACKPANEL
 10
218.4048402785091
 20
659.5313263139905
 30
0.0
 42
0.4142135623730951
  0
VERTEX
  5
98F
  8
_BACKPANEL
 10
215.9166703785091
 20
657.0431564139905
 30
0.0
 42
0.4142135623730951
  0
SEQEND
  5
E56
  8
_BACKPANEL
  0
POLYLINE
  5
89
  8
_TOPLAYER
 66
     1
 10
0.0
 20
0.0
 30
0.0
 70
     1
  0
VERTEX
  5
990
  8
_TOPLAYER
 10
262.4469273746465
 20
651.0691780554183
 30
0.0
  0
VERTEX
  5
991
  8
_TOPLAYER
 10
280.5963686156339
 20
651.0691780554183
 30
0.0
  0
VERTEX
  5
992
  8
_TOPLAYER
 10
280.7014881613957
 20
651.0639040250514
 30
0.0
  0
VERTEX
  5
993
  8
_TOPLAYER
 10
280.8035046258908
 20
651.0484203421288
 30
0.0
  0
VERTEX
  5
994
  8
_TOPLAYER
 10
280.9019103967795
 20
651.0232346189171
 30
0.0
  0
VERTEX
  5
995
  8
_TOPLAYER
 10
280.9961978617226
 20
650.9888544676828
 30
0.0
  0
VERTEX
  5
996
  8
_TOPLAYER
 10
281.0858594083807
 20
650.9457875006927
 30
0.0
  0
VERTEX
  5
997
  8
_TOPLAYER
 10
281.1703874244143
 20
650.8945413302135
 30
0.0
  0
VERTEX
  5
998
  8
_TOPLAYER
 10
281.249274297484
 20
650.835623568512
 30
0.0
  0
VERTEX
  5
999
  8
_TOPLAYER
 10
281.3220124152506
 20
650.7695418278546
 30
0.0
  0
VERTEX
  5
99A
  8
_TOPLAYER
 10
281.3880941653745
 20
650.6968037205081
 30
0.0
  0
VERTEX
  5
99B
  8
_TOPLAYER
 10
281.4470119355163
 20
650.6179168587392
 30
0.0
  0
VERTEX
  5
99C
  8
_TOPLAYER
 10
281.4982581133368
 20
650.5333888548147
 30
0.0
  0
VERTEX
  5
99D
  8
_TOPLAYER
 10
281.5413250864964
 20
650.443727321001
 30
0.0
  0
VERTEX
  5
99E
  8
_TOPLAYER
 10
281.5757052426558
 20
650.349439869565
 30
0.0
  0
VERTEX
  5
99F
  8
_TOPLAYER
 10
281.6008909694755
 20
650.2510341127734
 30
0.0
  0
VERTEX
  5
9A0
  8
_TOPLAYER
 10
281.6163746546163
 20
650.1490176628927
 30
0.0
  0
VERTEX
  5
9A1
  8
_TOPLAYER
 10
281.6216486857386
 20
650.0438981321896
 30
0.0
  0
VERTEX
  5
9A2
  8
_TOPLAYER
 10
281.6216486857386
 20
631.894459491189
 30
0.0
  0
VERTEX
  5
9A3
  8
_TOPLAYER
 10
281.6163746546163
 20
631.789341608435
 30
0.0
  0
VERTEX
  5
9A4
  8
_TOPLAYER
 10
281.6008909694755
 20
631.6873263816988
 30
0.0
  0
VERTEX
  5
9A5
  8
_TOPLAYER
 10
281.5757052426558
 20
631.5889214671922
 30
0.0
  0
VERTEX
  5
9A6
  8
_TOPLAYER
 10
281.5413250864964
 20
631.4946345211272
 30
0.0
  0
VERTEX
  5
9A7
  8
_TOPLAYER
 10
281.4982581133368
 20
631.4049731997159
 30
0.0
  0
VERTEX
  5
9A8
  8
_TOPLAYER
 10
281.4470119355163
 20
631.3204451591703
 30
0.0
  0
VERTEX
  5
9A9
  8
_TOPLAYER
 10
281.3880941653745
 20
631.2415580557022
 30
0.0
  0
VERTEX
  5
9AA
  8
_TOPLAYER
 10
281.3220124152506
 20
631.1688195455237
 30
0.0
  0
VERTEX
  5
9AB
  8
_TOPLAYER
 10
281.249274297484
 20
631.1027372848467
 30
0.0
  0
VERTEX
  5
9AC
  8
_TOPLAYER
 10
281.1703874244143
 20
631.0438189298834
 30
0.0
  0
VERTEX
  5
9AD
  8
_TOPLAYER
 10
281.0858594083807
 20
630.9925721368456
 30
0.0
  0
VERTEX
  5
9AE
  8
_TOPLAYER
 10
280.9961978617226
 20
630.9495045619456
 30
0.0
  0
VERTEX
  5
9AF
  8
_TOPLAYER
 10
280.9019103967795
 20
630.9151238613949
 30
0.0
  0
VERTEX
  5
9B0
  8
_TOPLAYER
 10
280.8035046258908
 20
630.8899376914059
 30
0.0
  0
VERTEX
  5
9B1
  8
_TOPLAYER
 10
280.7014881613957
 20
630.8744537081903
 30
0.0
  0
VERTEX
  5
9B2
  8
_TOPLAYER
 10
280.5963686156339
 20
630.8691795679603
 30
0.0
  0
VERTEX
  5
9B3
  8
_TOPLAYER
 10
262.4469273746464
 20
630.8691795679603
 30
0.0
  0
VERTEX
  5
9B4
  8
_TOPLAYER
 10
262.3418078288846
 20
630.8744537081903
 30
0.0
  0
VERTEX
  5
9B5
  8
_TOPLAYER
 10
262.2397913643895
 20
630.8899376914059
 30
0.0
  0
VERTEX
  5
9B6
  8
_TOPLAYER
 10
262.1413855935008
 20
630.9151238613949
 30
0.0
  0
VERTEX
  5
9B7
  8
_TOPLAYER
 10
262.0470981285577
 20
630.9495045619456
 30
0.0
  0
VERTEX
  5
9B8
  8
_TOPLAYER
 10
261.9574365818997
 20
630.9925721368456
 30
0.0
  0
VERTEX
  5
9B9
  8
_TOPLAYER
 10
261.8729085658661
 20
631.0438189298834
 30
0.0
  0
VERTEX
  5
9BA
  8
_TOPLAYER
 10
261.7940216927964
 20
631.1027372848467
 30
0.0
  0
VERTEX
  5
9BB
  8
_TOPLAYER
 10
261.7212835750298
 20
631.1688195455237
 30
0.0
  0
VERTEX
  5
9BC
  8
_TOPLAYER
 10
261.6552018249059
 20
631.2415580557022
 30
0.0
  0
VERTEX
  5
9BD
  8
_TOPLAYER
 10
261.5962840547641
 20
631.3204451591703
 30
0.0
  0
VERTEX
  5
9BE
  8
_TOPLAYER
 10
261.5450378769436
 20
631.4049731997159
 30
0.0
  0
VERTEX
  5
9BF
  8
_TOPLAYER
 10
261.501970903784
 20
631.4946345211272
 30
0.0
  0
VERTEX
  5
9C0
  8
_TOPLAYER
 10
261.4675907476246
 20
631.5889214671922
 30
0.0
  0
VERTEX
  5
9C1
  8
_TOPLAYER
 10
261.4424050208049
 20
631.6873263816988
 30
0.0
  0
VERTEX
  5
9C2
  8
_TOPLAYER
 10
261.4269213356641
 20
631.789341608435
 30
0.0
  0
VERTEX
  5
9C3
  8
_TOPLAYER
 10
261.4216473045418
 20
631.894459491189
 30
0.0
  0
VERTEX
  5
9C4
  8
_TOPLAYER
 10
261.4216473045418
 20
650.0438981321896
 30
0.0
  0
VERTEX
  5
9C5
  8
_TOPLAYER
 10
261.4269213356641
 20
650.1490176628927
 30
0.0
  0
VERTEX
  5
9C6
  8
_TOPLAYER
 10
261.4424050208049
 20
650.2510341127734
 30
0.0
  0
VERTEX
  5
9C7
  8
_TOPLAYER
 10
261.4675907476246
 20
650.349439869565
 30
0.0
  0
VERTEX
  5
9C8
  8
_TOPLAYER
 10
261.501970903784
 20
650.443727321001
 30
0.0
  0
VERTEX
  5
9C9
  8
_TOPLAYER
 10
261.5450378769436
 20
650.5333888548147
 30
0.0
  0
VERTEX
  5
9CA
  8
_TOPLAYER
 10
261.5962840547641
 20
650.6179168587392
 30
0.0
  0
VERTEX
  5
9CB
  8
_TOPLAYER
 10
261.6552018249059
 20
650.6968037205081
 30
0.0
  0
VERTEX
  5
9CC
  8
_TOPLAYER
 10
261.7212835750298
 20
650.7695418278546
 30
0.0
  0
VERTEX
  5
9CD
  8
_TOPLAYER
 10
261.7940216927964
 20
650.835623568512
 30
0.0
  0
VERTEX
  5
9CE
  8
_TOPLAYER
 10
261.8729085658661
 20
650.8945413302135
 30
0.0
  0
VERTEX
  5
9CF
  8
_TOPLAYER
 10
261.9574365818997
 20
650.9457875006927
 30
0.0
  0
VERTEX
  5
9D0
  8
_TOPLAYER
 10
262.0470981285578
 20
650.9888544676828
 30
0.0
  0
VERTEX
  5
9D1
  8
_TOPLAYER
 10
262.1413855935009
 20
651.0232346189171
 30
0.0
  0
VERTEX
  5
9D2
  8
_TOPLAYER
 10
262.2397913643896
 20
651.0484203421288
 30
0.0
  0
VERTEX
  5
9D3
  8
_TOPLAYER
 10
262.3418078288847
 20
651.0639040250514
 30
0.0
  0
SEQEND
  5
E57
  8
_TOPLAYER
  0
POLYLINE
  5
8A
  8
_TOPLAYER
 66
     1
 10
0.0
 20
0.0
 30
0.0
 70
     1
  0
VERTEX
  5
9D4
  8
_TOPLAYER
 10
217.5932200174823
 20
623.4173232606596
 30
0.0
  0
VERTEX
  5
9D5
  8
_TOPLAYER
 10
216.6826714706269
 20
623.4181021587425
 30
0.0
  0
VERTEX
  5
9D6
  8
_TOPLAYER
 10
216.4479259015692
 20
623.4333184223212
 30
0.0
  0
VERTEX
  5
9D7
  8
_TOPLAYER
 10
216.2202074961456
 20
623.470995924283
 30
0.0
  0
VERTEX
  5
9D8
  8
_TOPLAYER
 10
216.0006213094041
 20
623.5300061376256
 30
0.0
  0
VERTEX
  5
9D9
  8
_TOPLAYER
 10
215.7902723963928
 20
623.6092205353473
 30
0.0
  0
VERTEX
  5
9DA
  8
_TOPLAYER
 10
215.5902658121599
 20
623.7075105904458
 30
0.0
  0
VERTEX
  5
9DB
  8
_TOPLAYER
 10
215.4017066117534
 20
623.8237477759194
 30
0.0
  0
VERTEX
  5
9DC
  8
_TOPLAYER
 10
215.2256998502214
 20
623.9568035647661
 30
0.0
  0
VERTEX
  5
9DD
  8
_TOPLAYER
 10
215.063350582612
 20
624.1055494299839
 30
0.0
  0
VERTEX
  5
9DE
  8
_TOPLAYER
 10
214.9157638639734
 20
624.2688568445706
 30
0.0
  0
VERTEX
  5
9DF
  8
_TOPLAYER
 10
214.7840447493535
 20
624.4455972815244
 30
0.0
  0
VERTEX
  5
9E0
  8
_TOPLAYER
 10
214.6692982938006
 20
624.6346422138432
 30
0.0
  0
VERTEX
  5
9E1
  8
_TOPLAYER
 10
214.5726295523626
 20
624.8348631145252
 30
0.0
  0
VERTEX
  5
9E2
  8
_TOPLAYER
 10
214.4951435800878
 20
625.0451314565682
 30
0.0
  0
VERTEX
  5
9E3
  8
_TOPLAYER
 10
214.4379454320241
 20
625.2643187129705
 30
0.0
  0
VERTEX
  5
9E4
  8
_TOPLAYER
 10
214.4021401632197
 20
625.4912963567298
 30
0.0
  0
VERTEX
  5
9E5
  8
_TOPLAYER
 10
214.3888328287227
 20
625.7249358608441
 30
0.0
  0
VERTEX
  5
9E6
  8
_TOPLAYER
 10
214.3686558044639
 20
625.7349891369505
 30
0.0
  0
VERTEX
  5
9E7
  8
_TOPLAYER
 10
214.3697965523791
 20
627.0454215997516
 30
0.0
  0
VERTEX
  5
9E8
  8
_TOPLAYER
 10
214.3694131206587
 20
628.2393814315591
 30
0.0
  0
VERTEX
  5
9E9
  8
_TOPLAYER
 10
214.3694131206587
 20
635.9502490878023
 30
0.0
  0
VERTEX
  5
9EA
  8
_TOPLAYER
 10
214.3743206633191
 20
649.7831057319817
 30
0.0
  0
VERTEX
  5
9EB
  8
_TOPLAYER
 10
214.3862191943178
 20
650.0204348913478
 30
0.0
  0
VERTEX
  5
9EC
  8
_TOPLAYER
 10
214.4211102401644
 20
650.2508752655142
 30
0.0
  0
VERTEX
  5
9ED
  8
_TOPLAYER
 10
214.4778434327065
 20
650.4732815080072
 30
0.0
  0
VERTEX
  5
9EE
  8
_TOPLAYER
 10
214.5552684037917
 20
650.686508272353
 30
0.0
  0
VERTEX
  5
9EF
  8
_TOPLAYER
 10
214.6522347852673
 20
650.8894102120778
 30
0.0
  0
VERTEX
  5
9F0
  8
_TOPLAYER
 10
214.7675922089809
 20
651.0808419807082
 30
0.0
  0
VERTEX
  5
9F1
  8
_TOPLAYER
 10
214.9001903067799
 20
651.2596582317703
 30
0.0
  0
VERTEX
  5
9F2
  8
_TOPLAYER
 10
215.0488787105118
 20
651.4247136187905
 30
0.0
  0
VERTEX
  5
9F3
  8
_TOPLAYER
 10
215.2125070520241
 20
651.574862795295
 30
0.0
  0
VERTEX
  5
9F4
  8
_TOPLAYER
 10
215.3899249631642
 20
651.70896041481
 30
0.0
  0
VERTEX
  5
9F5
  8
_TOPLAYER
 10
215.5799820757797
 20
651.825861130862
 30
0.0
  0
VERTEX
  5
9F6
  8
_TOPLAYER
 10
215.7815280217181
 20
651.924419596977
 30
0.0
  0
VERTEX
  5
9F7
  8
_TOPLAYER
 10
215.9934124328267
 20
652.0034904666817
 30
0.0
  0
VERTEX
  5
9F8
  8
_TOPLAYER
 10
216.2144849409532
 20
652.0619283935022
 30
0.0
  0
VERTEX
  5
9F9
  8
_TOPLAYER
 10
216.443595177945
 20
652.0985880309647
 30
0.0
  0
VERTEX
  5
9FA
  8
_TOPLAYER
 10
216.6795927756495
 20
652.1123240325954
 30
0.0
  0
VERTEX
  5
9FB
  8
_TOPLAYER
 10
218.4921970255755
 20
652.1123240325954
 30
0.0
  0
VERTEX
  5
9FC
  8
_TOPLAYER
 10
218.7446506580783
 20
652.1188448343986
 30
0.0
  0
VERTEX
  5
9FD
  8
_TOPLAYER
 10
218.993789392653
 20
652.1381375725863
 30
0.0
  0
VERTEX
  5
9FE
  8
_TOPLAYER
 10
219.2393050188419
 20
652.1698829043958
 30
0.0
  0
VERTEX
  5
9FF
  8
_TOPLAYER
 10
219.4808893261873
 20
652.213761487064
 30
0.0
  0
VERTEX
  5
A00
  8
_TOPLAYER
 10
219.7182341042314
 20
652.2694539778284
 30
0.0
  0
VERTEX
  5
A01
  8
_TOPLAYER
 10
219.9510311425166
 20
652.3366410339263
 30
0.0
  0
VERTEX
  5
A02
  8
_TOPLAYER
 10
220.178972230585
 20
652.4150033125949
 30
0.0
  0
VERTEX
  5
A03
  8
_TOPLAYER
 10
220.401749157979
 20
652.5042214710711
 30
0.0
  0
VERTEX
  5
A04
  8
_TOPLAYER
 10
220.6190537142408
 20
652.6039761665925
 30
0.0
  0
VERTEX
  5
A05
  8
_TOPLAYER
 10
220.8305776889127
 20
652.7139480563961
 30
0.0
  0
VERTEX
  5
A06
  8
_TOPLAYER
 10
221.0360128715369
 20
652.8338177977193
 30
0.0
  0
VERTEX
  5
A07
  8
_TOPLAYER
 10
221.2350510516557
 20
652.9632660477992
 30
0.0
  0
VERTEX
  5
A08
  8
_TOPLAYER
 10
221.4273840188114
 20
653.101973463873
 30
0.0
  0
VERTEX
  5
A09
  8
_TOPLAYER
 10
221.6127035625464
 20
653.2496207031782
 30
0.0
  0
VERTEX
  5
A0A
  8
_TOPLAYER
 10
221.7907014724026
 20
653.4058884229518
 30
0.0
  0
VERTEX
  5
A0B
  8
_TOPLAYER
 10
221.9610695379226
 20
653.5704572804309
 30
0.0
  0
VERTEX
  5
A0C
  8
_TOPLAYER
 10
222.1234995486486
 20
653.743007932853
 30
0.0
  0
VERTEX
  5
A0D
  8
_TOPLAYER
 10
222.2776832941227
 20
653.923221037455
 30
0.0
  0
VERTEX
  5
A0E
  8
_TOPLAYER
 10
222.4233125638874
 20
654.1107772514745
 30
0.0
  0
VERTEX
  5
A0F
  8
_TOPLAYER
 10
222.5600791474848
 20
654.3053572321485
 30
0.0
  0
VERTEX
  5
A10
  8
_TOPLAYER
 10
222.6876748344572
 20
654.5066416367143
 30
0.0
  0
VERTEX
  5
A11
  8
_TOPLAYER
 10
222.8057914143469
 20
654.7143111224091
 30
0.0
  0
VERTEX
  5
A12
  8
_TOPLAYER
 10
222.9141206766962
 20
654.9280463464702
 30
0.0
  0
VERTEX
  5
A13
  8
_TOPLAYER
 10
223.0123544110473
 20
655.1475279661347
 30
0.0
  0
VERTEX
  5
A14
  8
_TOPLAYER
 10
223.1001844069426
 20
655.37243663864
 30
0.0
  0
VERTEX
  5
A15
  8
_TOPLAYER
 10
223.1773024539241
 20
655.6024530212231
 30
0.0
  0
VERTEX
  5
A16
  8
_TOPLAYER
 10
223.2434003415344
 20
655.8372577711214
 30
0.0
  0
VERTEX
  5
A17
  8
_TOPLAYER
 10
223.2981698593155
 20
656.076531545572
 30
0.0
  0
VERTEX
  5
A18
  8
_TOPLAYER
 10
223.3413027968097
 20
656.3199550018123
 30
0.0
  0
VERTEX
  5
A19
  8
_TOPLAYER
 10
223.3724909435594
 20
656.5672087970793
 30
0.0
  0
VERTEX
  5
A1A
  8
_TOPLAYER
 10
223.3914260891068
 20
656.8179735886105
 30
0.0
  0
VERTEX
  5
A1B
  8
_TOPLAYER
 10
223.3978000229942
 20
657.0719300336428
 30
0.0
  0
VERTEX
  5
A1C
  8
_TOPLAYER
 10
223.3914260891069
 20
657.3258810638935
 30
0.0
  0
VERTEX
  5
A1D
  8
_TOPLAYER
 10
223.3724909435595
 20
657.576648165485
 30
0.0
  0
VERTEX
  5
A1E
  8
_TOPLAYER
 10
223.3413027968097
 20
657.8239114412403
 30
0.0
  0
VERTEX
  5
A1F
  8
_TOPLAYER
 10
223.2981698593155
 20
658.067350993982
 30
0.0
  0
VERTEX
  5
A20
  8
_TOPLAYER
 10
223.2434003415344
 20
658.306646926533
 30
0.0
  0
VERTEX
  5
A21
  8
_TOPLAYER
 10
223.1773024539242
 20
658.5414793417157
 30
0.0
  0
VERTEX
  5
A22
  8
_TOPLAYER
 10
223.1001844069426
 20
658.771528342353
 30
0.0
  0
VERTEX
  5
A23
  8
_TOPLAYER
 10
223.0123544110474
 20
658.9964740312676
 30
0.0
  0
VERTEX
  5
A24
  8
_TOPLAYER
 10
222.9141206766963
 20
659.2159965112821
 30
0.0
  0
VERTEX
  5
A25
  8
_TOPLAYER
 10
222.805791414347
 20
659.4297758852193
 30
0.0
  0
VERTEX
  5
A26
  8
_TOPLAYER
 10
222.6876748344573
 20
659.637492255902
 30
0.0
  0
VERTEX
  5
A27
  8
_TOPLAYER
 10
222.5600791474848
 20
659.8388257261527
 30
0.0
  0
VERTEX
  5
A28
  8
_TOPLAYER
 10
222.4233125638874
 20
660.0334563987942
 30
0.0
  0
VERTEX
  5
A29
  8
_TOPLAYER
 10
222.2776832941228
 20
660.2210643766492
 30
0.0
  0
VERTEX
  5
A2A
  8
_TOPLAYER
 10
222.1234995486486
 20
660.4013297625405
 30
0.0
  0
VERTEX
  5
A2B
  8
_TOPLAYER
 10
221.9610695379227
 20
660.5739326592907
 30
0.0
  0
VERTEX
  5
A2C
  8
_TOPLAYER
 10
221.7907014724027
 20
660.7385531697225
 30
0.0
  0
VERTEX
  5
A2D
  8
_TOPLAYER
 10
221.6127035625464
 20
660.8948713966586
 30
0.0
  0
VERTEX
  5
A2E
  8
_TOPLAYER
 10
221.4273840188115
 20
661.0425674429218
 30
0.0
  0
VERTEX
  5
A2F
  8
_TOPLAYER
 10
221.2350510516558
 20
661.1813214113348
 30
0.0
  0
VERTEX
  5
A30
  8
_TOPLAYER
 10
221.036012871537
 20
661.3108134047203
 30
0.0
  0
VERTEX
  5
A31
  8
_TOPLAYER
 10
220.8305776889127
 20
661.4307235259009
 30
0.0
  0
VERTEX
  5
A32
  8
_TOPLAYER
 10
220.6190537142409
 20
661.5407318776994
 30
0.0
  0
VERTEX
  5
A33
  8
_TOPLAYER
 10
220.4017491579791
 20
661.6405185629385
 30
0.0
  0
VERTEX
  5
A34
  8
_TOPLAYER
 10
220.1789722305851
 20
661.729763684441
 30
0.0
  0
VERTEX
  5
A35
  8
_TOPLAYER
 10
219.9510311425166
 20
661.8081473450293
 30
0.0
  0
VERTEX
  5
A36
  8
_TOPLAYER
 10
219.7182341042315
 20
661.8753496475265
 30
0.0
  0
VERTEX
  5
A37
  8
_TOPLAYER
 10
219.4808893261873
 20
661.931050694755
 30
0.0
  0
VERTEX
  5
A38
  8
_TOPLAYER
 10
219.2393050188419
 20
661.9749305895376
 30
0.0
  0
VERTEX
  5
A39
  8
_TOPLAYER
 10
218.993789392653
 20
662.0066694346972
 30
0.0
  0
VERTEX
  5
A3A
  8
_TOPLAYER
 10
218.7446506580783
 20
662.0259473330563
 30
0.0
  0
VERTEX
  5
A3B
  8
_TOPLAYER
 10
218.4921970255755
 20
662.0324443874375
 30
0.0
  0
VERTEX
  5
A3C
  8
_TOPLAYER
 10
216.6909334699766
 20
662.0324443874375
 30
0.0
  0
VERTEX
  5
A3D
  8
_TOPLAYER
 10
216.5750049785201
 20
662.0342106288908
 30
0.0
  0
VERTEX
  5
A3E
  8
_TOPLAYER
 10
216.46020553849
 20
662.0435464765729
 30
0.0
  0
VERTEX
  5
A3F
  8
_TOPLAYER
 10
216.4481623232754
 20
662.0435464765729
 30
0.0
  0
VERTEX
  5
A40
  8
_TOPLAYER
 10
216.2386103785411
 20
662.0758434631485
 30
0.0
  0
VERTEX
  5
A41
  8
_TOPLAYER
 10
216.2125167455761
 20
662.0758434631485
 30
0.0
  0
VERTEX
  5
A42
  8
_TOPLAYER
 10
216.0174166590995
 20
662.1263075046735
 30
0.0
  0
VERTEX
  5
A43
  8
_TOPLAYER
 10
216.0013590388133
 20
662.1313539088259
 30
0.0
  0
VERTEX
  5
A44
  8
_TOPLAYER
 10
215.9853014185272
 20
662.1364003129783
 30
0.0
  0
VERTEX
  5
A45
  8
_TOPLAYER
 10
215.8078647143652
 20
662.2020035669603
 30
0.0
  0
VERTEX
  5
A46
  8
_TOPLAYER
 10
215.7717350687213
 20
662.2171427794177
 30
0.0
  0
VERTEX
  5
A47
  8
_TOPLAYER
 10
215.60302969559
 20
662.2988945266878
 30
0.0
  0
VERTEX
  5
A48
  8
_TOPLAYER
 10
215.5929936829112
 20
662.2988945266878
 30
0.0
  0
VERTEX
  5
A49
  8
_TOPLAYER
 10
215.5822049692814
 20
662.3065902930202
 30
0.0
  0
VERTEX
  5
A4A
  8
_TOPLAYER
 10
215.5699108537498
 20
662.3120151774841
 30
0.0
  0
VERTEX
  5
A4B
  8
_TOPLAYER
 10
215.3945817122504
 20
662.4183933770183
 30
0.0
  0
VERTEX
  5
A4C
  8
_TOPLAYER
 10
215.3896013409586
 20
662.4273002803474
 30
0.0
  0
VERTEX
  5
A4D
  8
_TOPLAYER
 10
215.3845456995716
 20
662.4284861853231
 30
0.0
  0
VERTEX
  5
A4E
  8
_TOPLAYER
 10
215.2123277220026
 20
662.5578759877925
 30
0.0
  0
VERTEX
  5
A4F
  8
_TOPLAYER
 10
215.0562677248466
 20
662.7002855129753
 30
0.0
  0
VERTEX
  5
A50
  8
_TOPLAYER
 10
215.0452281108999
 20
662.7113876021107
 30
0.0
  0
VERTEX
  5
A51
  8
_TOPLAYER
 10
214.9067311359319
 20
662.8652020006779
 30
0.0
  0
VERTEX
  5
A52
  8
_TOPLAYER
 10
214.896695123253
 20
662.8752948089829
 30
0.0
  0
VERTEX
  5
A53
  8
_TOPLAYER
 10
214.7727503666693
 20
663.0417252179312
 30
0.0
  0
VERTEX
  5
A54
  8
_TOPLAYER
 10
214.7627143539905
 20
663.0538365878973
 30
0.0
  0
VERTEX
  5
A55
  8
_TOPLAYER
 10
214.6600459442859
 20
663.2232948393372
 30
0.0
  0
VERTEX
  5
A56
  8
_TOPLAYER
 10
214.6449919252676
 20
663.2525639834215
 30
0.0
  0
VERTEX
  5
A57
  8
_TOPLAYER
 10
214.5606894187653
 20
663.4282797760105
 30
0.0
  0
VERTEX
  5
A58
  8
_TOPLAYER
 10
214.5539151102071
 20
663.442031227326
 30
0.0
  0
VERTEX
  5
A59
  8
_TOPLAYER
 10
214.5486462035507
 20
663.4565396392644
 30
0.0
  0
VERTEX
  5
A5A
  8
_TOPLAYER
 10
214.4804013173346
 20
663.6437612333208
 30
0.0
  0
VERTEX
  5
A5B
  8
_TOPLAYER
 10
214.4753833109952
 20
663.6575126846365
 30
0.0
  0
VERTEX
  5
A5C
  8
_TOPLAYER
 10
214.4703653046558
 20
663.6720210965747
 30
0.0
  0
VERTEX
  5
A5D
  8
_TOPLAYER
 10
214.4191816399937
 20
663.8733726222582
 30
0.0
  0
VERTEX
  5
A5E
  8
_TOPLAYER
 10
214.4191816399937
 20
663.8834654305632
 30
0.0
  0
VERTEX
  5
A5F
  8
_TOPLAYER
 10
214.3860627981535
 20
664.0984422474586
 30
0.0
  0
VERTEX
  5
A60
  8
_TOPLAYER
 10
214.3860627981535
 20
664.113581459916
 30
0.0
  0
VERTEX
  5
A61
  8
_TOPLAYER
 10
214.3750231842067
 20
664.3441012016007
 30
0.0
  0
VERTEX
  5
A62
  8
_TOPLAYER
 10
214.3750231842067
 20
666.0324261748509
 30
0.0
  0
VERTEX
  5
A63
  8
_TOPLAYER
 10
214.3750231842067
 20
667.4737034860715
 30
0.0
  0
VERTEX
  5
A64
  8
_TOPLAYER
 10
214.3750231842067
 20
668.3842523660679
 30
0.0
  0
VERTEX
  5
A65
  8
_TOPLAYER
 10
214.3900386371021
 20
668.619010865475
 30
0.0
  0
VERTEX
  5
A66
  8
_TOPLAYER
 10
214.4275213313107
 20
668.8467614175217
 30
0.0
  0
VERTEX
  5
A67
  8
_TOPLAYER
 10
214.4863436855254
 20
669.0663980022043
 30
0.0
  0
VERTEX
  5
A68
  8
_TOPLAYER
 10
214.5653781184387
 20
669.2768145995191
 30
0.0
  0
VERTEX
  5
A69
  8
_TOPLAYER
 10
214.6634970487435
 20
669.476905189462
 30
0.0
  0
VERTEX
  5
A6A
  8
_TOPLAYER
 10
214.7795728951322
 20
669.6655637520291
 30
0.0
  0
VERTEX
  5
A6B
  8
_TOPLAYER
 10
214.9124780762976
 20
669.8416842672168
 30
0.0
  0
VERTEX
  5
A6C
  8
_TOPLAYER
 10
215.0610850109325
 20
670.004160715021
 30
0.0
  0
VERTEX
  5
A6D
  8
_TOPLAYER
 10
215.2242661177294
 20
670.151887075438
 30
0.0
  0
VERTEX
  5
A6E
  8
_TOPLAYER
 10
215.400893815381
 20
670.2837573284642
 30
0.0
  0
VERTEX
  5
A6F
  8
_TOPLAYER
 10
215.5898405225801
 20
670.3986654540952
 30
0.0
  0
VERTEX
  5
A70
  8
_TOPLAYER
 10
215.7899786580192
 20
670.4955054323275
 30
0.0
  0
VERTEX
  5
A71
  8
_TOPLAYER
 10
216.0001806403911
 20
670.5731712431573
 30
0.0
  0
VERTEX
  5
A72
  8
_TOPLAYER
 10
216.2193188883884
 20
670.6305568665805
 30
0.0
  0
VERTEX
  5
A73
  8
_TOPLAYER
 10
216.4462658207038
 20
670.6665562825935
 30
0.0
  0
VERTEX
  5
A74
  8
_TOPLAYER
 10
216.67989385603
 20
670.6800634711925
 30
0.0
  0
VERTEX
  5
A75
  8
_TOPLAYER
 10
216.6899298687088
 20
670.7002490878023
 30
0.0
  0
VERTEX
  5
A76
  8
_TOPLAYER
 10
218.0003628278782
 20
670.7002293052032
 30
0.0
  0
VERTEX
  5
A77
  8
_TOPLAYER
 10
357.0885285191382
 20
670.6981295980582
 30
0.0
  0
VERTEX
  5
A78
  8
_TOPLAYER
 10
357.3249355940006
 20
670.6861101869804
 30
0.0
  0
VERTEX
  5
A79
  8
_TOPLAYER
 10
357.553755531485
 20
670.6508313866386
 30
0.0
  0
VERTEX
  5
A7A
  8
_TOPLAYER
 10
357.7739308749624
 20
670.5934623463695
 30
0.0
  0
VERTEX
  5
A7B
  8
_TOPLAYER
 10
357.9844041678039
 20
670.5151722155106
 30
0.0
  0
VERTEX
  5
A7C
  8
_TOPLAYER
 10
358.1841179533808
 20
670.4171301433985
 30
0.0
  0
VERTEX
  5
A7D
  8
_TOPLAYER
 10
358.372014775064
 20
670.3005052793704
 30
0.0
  0
VERTEX
  5
A7E
  8
_TOPLAYER
 10
358.5470371762246
 20
670.1664667727634
 30
0.0
  0
VERTEX
  5
A7F
  8
_TOPLAYER
 10
358.7081277002339
 20
670.0161837729144
 30
0.0
  0
VERTEX
  5
A80
  8
_TOPLAYER
 10
358.854228890463
 20
669.8508254291605
 30
0.0
  0
VERTEX
  5
A81
  8
_TOPLAYER
 10
358.9842832902827
 20
669.6715608908389
 30
0.0
  0
VERTEX
  5
A82
  8
_TOPLAYER
 10
359.0972334430645
 20
669.4795593072865
 30
0.0
  0
VERTEX
  5
A83
  8
_TOPLAYER
 10
359.1920218921793
 20
669.2759898278405
 30
0.0
  0
VERTEX
  5
A84
  8
_TOPLAYER
 10
359.2675911809982
 20
669.0620216018377
 30
0.0
  0
VERTEX
  5
A85
  8
_TOPLAYER
 10
359.3228838528924
 20
668.8388237786153
 30
0.0
  0
VERTEX
  5
A86
  8
_TOPLAYER
 10
359.3568424512329
 20
668.6075655075101
 30
0.0
  0
VERTEX
  5
A87
  8
_TOPLAYER
 10
359.3684095193909
 20
668.3694159378596
 30
0.0
  0
VERTEX
  5
A88
  8
_TOPLAYER
 10
359.3684095193909
 20
666.0510978702151
 30
0.0
  0
VERTEX
  5
A89
  8
_TOPLAYER
 10
359.3749908872376
 20
651.1252943653795
 30
0.0
  0
VERTEX
  5
A8A
  8
_TOPLAYER
 10
359.3749908872376
 20
647.1242851825131
 30
0.0
  0
VERTEX
  5
A8B
  8
_TOPLAYER
 10
359.3749908872376
 20
644.8002142141346
 30
0.0
  0
VERTEX
  5
A8C
  8
_TOPLAYER
 10
359.363016939132
 20
644.5620589524949
 30
0.0
  0
VERTEX
  5
A8D
  8
_TOPLAYER
 10
359.3279084626787
 20
644.3307844924859
 30
0.0
  0
VERTEX
  5
A8E
  8
_TOPLAYER
 10
359.2708290571014
 20
644.1075613140395
 30
0.0
  0
VERTEX
  5
A8F
  8
_TOPLAYER
 10
359.1929423216244
 20
643.8935598970876
 30
0.0
  0
VERTEX
  5
A90
  8
_TOPLAYER
 10
359.0954118554713
 20
643.6899507215619
 30
0.0
  0
VERTEX
  5
A91
  8
_TOPLAYER
 10
358.9794012578662
 20
643.4979042673945
 30
0.0
  0
VERTEX
  5
A92
  8
_TOPLAYER
 10
358.8460741280329
 20
643.3185910145171
 30
0.0
  0
VERTEX
  5
A93
  8
_TOPLAYER
 10
358.6965940651954
 20
643.1531814428619
 30
0.0
  0
VERTEX
  5
A94
  8
_TOPLAYER
 10
358.5321246685776
 20
643.0028460323604
 30
0.0
  0
VERTEX
  5
A95
  8
_TOPLAYER
 10
358.3538295374034
 20
642.8687552629447
 30
0.0
  0
VERTEX
  5
A96
  8
_TOPLAYER
 10
358.1628722708968
 20
642.7520796145468
 30
0.0
  0
VERTEX
  5
A97
  8
_TOPLAYER
 10
357.9604164682817
 20
642.6539895670983
 30
0.0
  0
VERTEX
  5
A98
  8
_TOPLAYER
 10
357.7476257287819
 20
642.5756556005313
 30
0.0
  0
VERTEX
  5
A99
  8
_TOPLAYER
 10
357.5256636516215
 20
642.5182481947776
 30
0.0
  0
VERTEX
  5
A9A
  8
_TOPLAYER
 10
357.2956938360243
 20
642.4829378297691
 30
0.0
  0
VERTEX
  5
A9B
  8
_TOPLAYER
 10
357.0588798812144
 20
642.4708949854377
 30
0.0
  0
VERTEX
  5
A9C
  8
_TOPLAYER
 10
355.2576163256155
 20
642.4708949854377
 30
0.0
  0
VERTEX
  5
A9D
  8
_TOPLAYER
 10
355.0051629779483
 20
642.4643804577588
 30
0.0
  0
VERTEX
  5
A9E
  8
_TOPLAYER
 10
354.7560250611273
 20
642.4450878766552
 30
0.0
  0
VERTEX
  5
A9F
  8
_TOPLAYER
 10
354.5105107304808
 20
642.41333697298
 30
0.0
  0
VERTEX
  5
AA0
  8
_TOPLAYER
 10
354.268928141337
 20
642.3694474775859
 30
0.0
  0
VERTEX
  5
AA1
  8
_TOPLAYER
 10
354.0315854490243
 20
642.3137391213261
 30
0.0
  0
VERTEX
  5
AA2
  8
_TOPLAYER
 10
353.7987908088708
 20
642.2465316350531
 30
0.0
  0
VERTEX
  5
AA3
  8
_TOPLAYER
 10
353.5708523762049
 20
642.1681447496203
 30
0.0
  0
VERTEX
  5
AA4
  8
_TOPLAYER
 10
353.3480783063548
 20
642.0788981958804
 30
0.0
  0
VERTEX
  5
AA5
  8
_TOPLAYER
 10
353.1307767546488
 20
641.9791117046864
 30
0.0
  0
VERTEX
  5
AA6
  8
_TOPLAYER
 10
352.9192558764151
 20
641.8691050068912
 30
0.0
  0
VERTEX
  5
AA7
  8
_TOPLAYER
 10
352.7138238269821
 20
641.7491978333478
 30
0.0
  0
VERTEX
  5
AA8
  8
_TOPLAYER
 10
352.514788761678
 20
641.619709914909
 30
0.0
  0
VERTEX
  5
AA9
  8
_TOPLAYER
 10
352.3224588358311
 20
641.4809609824279
 30
0.0
  0
VERTEX
  5
AAA
  8
_TOPLAYER
 10
352.1371422047695
 20
641.3332707667573
 30
0.0
  0
VERTEX
  5
AAB
  8
_TOPLAYER
 10
351.9591470238217
 20
641.1769589987503
 30
0.0
  0
VERTEX
  5
AAC
  8
_TOPLAYER
 10
351.7887814483158
 20
641.0123454092598
 30
0.0
  0
VERTEX
  5
AAD
  8
_TOPLAYER
 10
351.6263536335802
 20
640.8397497291386
 30
0.0
  0
VERTEX
  5
AAE
  8
_TOPLAYER
 10
351.4721717349431
 20
640.6594916892398
 30
0.0
  0
VERTEX
  5
AAF
  8
_TOPLAYER
 10
351.3265439077328
 20
640.471891020416
 30
0.0
  0
VERTEX
  5
AB0
  8
_TOPLAYER
 10
351.1897783072775
 20
640.2772674535206
 30
0.0
  0
VERTEX
  5
AB1
  8
_TOPLAYER
 10
351.0621830889055
 20
640.0759407194063
 30
0.0
  0
VERTEX
  5
AB2
  8
_TOPLAYER
 10
350.9440664079451
 20
639.868230548926
 30
0.0
  0
VERTEX
  5
AB3
  8
_TOPLAYER
 10
350.8357364197245
 20
639.6544566729328
 30
0.0
  0
VERTEX
  5
AB4
  8
_TOPLAYER
 10
350.737501279572
 20
639.4349388222795
 30
0.0
  0
VERTEX
  5
AB5
  8
_TOPLAYER
 10
350.649669142816
 20
639.2099967278191
 30
0.0
  0
VERTEX
  5
AB6
  8
_TOPLAYER
 10
350.5725481647846
 20
638.9799501204044
 30
0.0
  0
VERTEX
  5
AB7
  8
_TOPLAYER
 10
350.5064465008061
 20
638.7451187308884
 30
0.0
  0
VERTEX
  5
AB8
  8
_TOPLAYER
 10
350.4516723062088
 20
638.5058222901242
 30
0.0
  0
VERTEX
  5
AB9
  8
_TOPLAYER
 10
350.4085337363209
 20
638.2623805289647
 30
0.0
  0
VERTEX
  5
ABA
  8
_TOPLAYER
 10
350.3773389464707
 20
638.0151131782627
 30
0.0
  0
VERTEX
  5
ABB
  8
_TOPLAYER
 10
350.3583960919866
 20
637.7643399688711
 30
0.0
  0
VERTEX
  5
ABC
  8
_TOPLAYER
 10
350.3520133281967
 20
637.510380631643
 30
0.0
  0
VERTEX
  5
ABD
  8
_TOPLAYER
 10
350.3583960919866
 20
637.2564241896907
 30
0.0
  0
VERTEX
  5
ABE
  8
_TOPLAYER
 10
350.3773389464707
 20
637.0056594197201
 30
0.0
  0
VERTEX
  5
ABF
  8
_TOPLAYER
 10
350.4085337363209
 20
636.7584056829746
 30
0.0
  0
VERTEX
  5
AC0
  8
_TOPLAYER
 10
350.4516723062087
 20
636.5149823406973
 30
0.0
  0
VERTEX
  5
AC1
  8
_TOPLAYER
 10
350.506446500806
 20
636.2757087541318
 30
0.0
  0
VERTEX
  5
AC2
  8
_TOPLAYER
 10
350.5725481647845
 20
636.0409042845208
 30
0.0
  0
VERTEX
  5
AC3
  8
_TOPLAYER
 10
350.6496691428159
 20
635.8108882931078
 30
0.0
  0
VERTEX
  5
AC4
  8
_TOPLAYER
 10
350.737501279572
 20
635.5859801411362
 30
0.0
  0
VERTEX
  5
AC5
  8
_TOPLAYER
 10
350.8357364197245
 20
635.3664991898493
 30
0.0
  0
VERTEX
  5
AC6
  8
_TOPLAYER
 10
350.9440664079451
 20
635.1527648004901
 30
0.0
  0
VERTEX
  5
AC7
  8
_TOPLAYER
 10
351.0621830889055
 20
634.945096334302
 30
0.0
  0
VERTEX
  5
AC8
  8
_TOPLAYER
 10
351.1897783072775
 20
634.7438131525282
 30
0.0
  0
VERTEX
  5
AC9
  8
_TOPLAYER
 10
351.3265439077328
 20
634.5492346164119
 30
0.0
  0
VERTEX
  5
ACA
  8
_TOPLAYER
 10
351.4721717349431
 20
634.3616800871966
 30
0.0
  0
VERTEX
  5
ACB
  8
_TOPLAYER
 10
351.6263536335802
 20
634.1814689261254
 30
0.0
  0
VERTEX
  5
ACC
  8
_TOPLAYER
 10
351.7887814483158
 20
634.0089204944414
 30
0.0
  0
VERTEX
  5
ACD
  8
_TOPLAYER
 10
351.9591470238217
 20
633.844354153388
 30
0.0
  0
VERTEX
  5
ACE
  8
_TOPLAYER
 10
352.1371422047695
 20
633.6880892642087
 30
0.0
  0
VERTEX
  5
ACF
  8
_TOPLAYER
 10
352.322458835831
 20
633.5404451881464
 30
0.0
  0
VERTEX
  5
AD0
  8
_TOPLAYER
 10
352.5147887616779
 20
633.4017412864446
 30
0.0
  0
VERTEX
  5
AD1
  8
_TOPLAYER
 10
352.713823826982
 20
633.2722969203464
 30
0.0
  0
VERTEX
  5
AD2
  8
_TOPLAYER
 10
352.919255876415
 20
633.1524314510951
 30
0.0
  0
VERTEX
  5
AD3
  8
_TOPLAYER
 10
353.1307767546487
 20
633.042464239934
 30
0.0
  0
VERTEX
  5
AD4
  8
_TOPLAYER
 10
353.3480783063548
 20
632.9427146481063
 30
0.0
  0
VERTEX
  5
AD5
  8
_TOPLAYER
 10
353.5708523762048
 20
632.8535020368554
 30
0.0
  0
VERTEX
  5
AD6
  8
_TOPLAYER
 10
353.7987908088708
 20
632.7751457674242
 30
0.0
  0
VERTEX
  5
AD7
  8
_TOPLAYER
 10
354.0315854490242
 20
632.7079652010563
 30
0.0
  0
VERTEX
  5
AD8
  8
_TOPLAYER
 10
354.268928141337
 20
632.6522796989948
 30
0.0
  0
VERTEX
  5
AD9
  8
_TOPLAYER
 10
354.5105107304808
 20
632.608408622483
 30
0.0
  0
VERTEX
  5
ADA
  8
_TOPLAYER
 10
354.7560250611273
 20
632.5766713327644
 30
0.0
  0
VERTEX
  5
ADB
  8
_TOPLAYER
 10
355.0051629779483
 20
632.5573871910818
 30
0.0
  0
VERTEX
  5
ADC
  8
_TOPLAYER
 10
355.2576163256155
 20
632.5508755586787
 30
0.0
  0
VERTEX
  5
ADD
  8
_TOPLAYER
 10
357.0702205755415
 20
632.5508755586787
 30
0.0
  0
VERTEX
  5
ADE
  8
_TOPLAYER
 10
357.3062016344067
 20
632.5378037210005
 30
0.0
  0
VERTEX
  5
ADF
  8
_TOPLAYER
 10
357.5352995959044
 20
632.5016346787854
 30
0.0
  0
VERTEX
  5
AE0
  8
_TOPLAYER
 10
357.7563636508463
 20
632.4435318154594
 30
0.0
  0
VERTEX
  5
AE1
  8
_TOPLAYER
 10
357.9682429900442
 20
632.3646585144486
 30
0.0
  0
VERTEX
  5
AE2
  8
_TOPLAYER
 10
358.16978680431
 20
632.266178159179
 30
0.0
  0
VERTEX
  5
AE3
  8
_TOPLAYER
 10
358.3598442844552
 20
632.1492541330766
 30
0.0
  0
VERTEX
  5
AE4
  8
_TOPLAYER
 10
358.5372646212918
 20
632.0150498195675
 30
0.0
  0
VERTEX
  5
AE5
  8
_TOPLAYER
 10
358.7008970056315
 20
631.8647286020778
 30
0.0
  0
VERTEX
  5
AE6
  8
_TOPLAYER
 10
358.849590628286
 20
631.6994538640334
 30
0.0
  0
VERTEX
  5
AE7
  8
_TOPLAYER
 10
358.9821946800671
 20
631.5203889888605
 30
0.0
  0
VERTEX
  5
AE8
  8
_TOPLAYER
 10
359.0975583517866
 20
631.3286973599851
 30
0.0
  0
VERTEX
  5
AE9
  8
_TOPLAYER
 10
359.1945308342562
 20
631.1255423608332
 30
0.0
  0
VERTEX
  5
AEA
  8
_TOPLAYER
 10
359.2719613182878
 20
630.9120873748309
 30
0.0
  0
VERTEX
  5
AEB
  8
_TOPLAYER
 10
359.328698994693
 20
630.6894957854041
 30
0.0
  0
VERTEX
  5
AEC
  8
_TOPLAYER
 10
359.3635930542837
 20
630.458930975979
 30
0.0
  0
VERTEX
  5
AED
  8
_TOPLAYER
 10
359.3754926878716
 20
630.2215563299818
 30
0.0
  0
VERTEX
  5
AEE
  8
_TOPLAYER
 10
359.3754926878716
 20
628.2177301691191
 30
0.0
  0
VERTEX
  5
AEF
  8
_TOPLAYER
 10
359.3744107376105
 20
627.0455629001407
 30
0.0
  0
VERTEX
  5
AF0
  8
_TOPLAYER
 10
359.3755514855257
 20
625.7351304373395
 30
0.0
  0
VERTEX
  5
AF1
  8
_TOPLAYER
 10
359.3553744612669
 20
625.7250771612331
 30
0.0
  0
VERTEX
  5
AF2
  8
_TOPLAYER
 10
359.3420671267699
 20
625.4914376571188
 30
0.0
  0
VERTEX
  5
AF3
  8
_TOPLAYER
 10
359.3062618579655
 20
625.2644600133596
 30
0.0
  0
VERTEX
  5
AF4
  8
_TOPLAYER
 10
359.2490637099019
 20
625.0452727569573
 30
0.0
  0
VERTEX
  5
AF5
  8
_TOPLAYER
 10
359.171577737627
 20
624.8350044149142
 30
0.0
  0
VERTEX
  5
AF6
  8
_TOPLAYER
 10
359.074908996189
 20
624.6347835142323
 30
0.0
  0
VERTEX
  5
AF7
  8
_TOPLAYER
 10
358.9601625406361
 20
624.4457385819135
 30
0.0
  0
VERTEX
  5
AF8
  8
_TOPLAYER
 10
358.8284434260163
 20
624.2689981449596
 30
0.0
  0
VERTEX
  5
AF9
  8
_TOPLAYER
 10
358.6808567073776
 20
624.1056907303729
 30
0.0
  0
VERTEX
  5
AFA
  8
_TOPLAYER
 10
358.5185074397683
 20
623.9569448651552
 30
0.0
  0
VERTEX
  5
AFB
  8
_TOPLAYER
 10
358.3425006782363
 20
623.8238890763084
 30
0.0
  0
VERTEX
  5
AFC
  8
_TOPLAYER
 10
358.1539414778298
 20
623.7076518908349
 30
0.0
  0
VERTEX
  5
AFD
  8
_TOPLAYER
 10
357.9539348935969
 20
623.6093618357363
 30
0.0
  0
VERTEX
  5
AFE
  8
_TOPLAYER
 10
357.7435859805856
 20
623.5301474380146
 30
0.0
  0
VERTEX
  5
AFF
  8
_TOPLAYER
 10
357.5239997938442
 20
623.471137224672
 30
0.0
  0
VERTEX
  5
B00
  8
_TOPLAYER
 10
357.2962813884205
 20
623.4334597227103
 30
0.0
  0
VERTEX
  5
B01
  8
_TOPLAYER
 10
357.0615358193629
 20
623.4182434591315
 30
0.0
  0
VERTEX
  5
B02
  8
_TOPLAYER
 10
356.1509872725076
 20
623.4174645610489
 30
0.0
  0
SEQEND
  5
E58
  8
_TOPLAYER
  0
POLYLINE
  5
8B
  8
_TOPLAYER
 66
     1
 10
0.0
 20
0.0
 30
0.0
 70
     1
  0
VERTEX
  5
B03
  8
_TOPLAYER
 10
323.7456157321967
 20
651.0691780554183
 30
0.0
  0
VERTEX
  5
B04
  8
_TOPLAYER
 10
341.8950569731841
 20
651.0691780554183
 30
0.0
  0
VERTEX
  5
B05
  8
_TOPLAYER
 10
342.000176518946
 20
651.0639040250514
 30
0.0
  0
VERTEX
  5
B06
  8
_TOPLAYER
 10
342.1021929834411
 20
651.0484203421288
 30
0.0
  0
VERTEX
  5
B07
  8
_TOPLAYER
 10
342.2005987543298
 20
651.0232346189171
 30
0.0
  0
VERTEX
  5
B08
  8
_TOPLAYER
 10
342.2948862192729
 20
650.9888544676828
 30
0.0
  0
VERTEX
  5
B09
  8
_TOPLAYER
 10
342.384547765931
 20
650.9457875006926
 30
0.0
  0
VERTEX
  5
B0A
  8
_TOPLAYER
 10
342.4690757819646
 20
650.8945413302135
 30
0.0
  0
VERTEX
  5
B0B
  8
_TOPLAYER
 10
342.5479626550343
 20
650.8356235685119
 30
0.0
  0
VERTEX
  5
B0C
  8
_TOPLAYER
 10
342.6207007728009
 20
650.7695418278545
 30
0.0
  0
VERTEX
  5
B0D
  8
_TOPLAYER
 10
342.6867825229248
 20
650.696803720508
 30
0.0
  0
VERTEX
  5
B0E
  8
_TOPLAYER
 10
342.7457002930666
 20
650.6179168587391
 30
0.0
  0
VERTEX
  5
B0F
  8
_TOPLAYER
 10
342.796946470887
 20
650.5333888548146
 30
0.0
  0
VERTEX
  5
B10
  8
_TOPLAYER
 10
342.8400134440466
 20
650.4437273210009
 30
0.0
  0
VERTEX
  5
B11
  8
_TOPLAYER
 10
342.874393600206
 20
650.349439869565
 30
0.0
  0
VERTEX
  5
B12
  8
_TOPLAYER
 10
342.8995793270257
 20
650.2510341127731
 30
0.0
  0
VERTEX
  5
B13
  8
_TOPLAYER
 10
342.9150630121665
 20
650.1490176628924
 30
0.0
  0
VERTEX
  5
B14
  8
_TOPLAYER
 10
342.9203370432888
 20
650.0438981321894
 30
0.0
  0
VERTEX
  5
B15
  8
_TOPLAYER
 10
342.9203370432888
 20
631.894459491189
 30
0.0
  0
VERTEX
  5
B16
  8
_TOPLAYER
 10
342.9150630121665
 20
631.789341608435
 30
0.0
  0
VERTEX
  5
B17
  8
_TOPLAYER
 10
342.8995793270257
 20
631.6873263816988
 30
0.0
  0
VERTEX
  5
B18
  8
_TOPLAYER
 10
342.874393600206
 20
631.5889214671922
 30
0.0
  0
VERTEX
  5
B19
  8
_TOPLAYER
 10
342.8400134440466
 20
631.4946345211272
 30
0.0
  0
VERTEX
  5
B1A
  8
_TOPLAYER
 10
342.796946470887
 20
631.4049731997159
 30
0.0
  0
VERTEX
  5
B1B
  8
_TOPLAYER
 10
342.7457002930666
 20
631.3204451591703
 30
0.0
  0
VERTEX
  5
B1C
  8
_TOPLAYER
 10
342.6867825229248
 20
631.2415580557022
 30
0.0
  0
VERTEX
  5
B1D
  8
_TOPLAYER
 10
342.6207007728009
 20
631.1688195455237
 30
0.0
  0
VERTEX
  5
B1E
  8
_TOPLAYER
 10
342.5479626550343
 20
631.1027372848467
 30
0.0
  0
VERTEX
  5
B1F
  8
_TOPLAYER
 10
342.4690757819646
 20
631.0438189298834
 30
0.0
  0
VERTEX
  5
B20
  8
_TOPLAYER
 10
342.384547765931
 20
630.9925721368456
 30
0.0
  0
VERTEX
  5
B21
  8
_TOPLAYER
 10
342.2948862192729
 20
630.9495045619456
 30
0.0
  0
VERTEX
  5
B22
  8
_TOPLAYER
 10
342.2005987543298
 20
630.9151238613949
 30
0.0
  0
VERTEX
  5
B23
  8
_TOPLAYER
 10
342.1021929834411
 20
630.8899376914059
 30
0.0
  0
VERTEX
  5
B24
  8
_TOPLAYER
 10
342.000176518946
 20
630.8744537081903
 30
0.0
  0
VERTEX
  5
B25
  8
_TOPLAYER
 10
341.8950569731841
 20
630.8691795679603
 30
0.0
  0
VERTEX
  5
B26
  8
_TOPLAYER
 10
323.7456157321967
 20
630.8691795679603
 30
0.0
  0
VERTEX
  5
B27
  8
_TOPLAYER
 10
323.6404961864347
 20
630.8744537081903
 30
0.0
  0
VERTEX
  5
B28
  8
_TOPLAYER
 10
323.5384797219398
 20
630.8899376914059
 30
0.0
  0
VERTEX
  5
B29
  8
_TOPLAYER
 10
323.440073951051
 20
630.9151238613949
 30
0.0
  0
VERTEX
  5
B2A
  8
_TOPLAYER
 10
323.345786486108
 20
630.9495045619456
 30
0.0
  0
VERTEX
  5
B2B
  8
_TOPLAYER
 10
323.2561249394499
 20
630.9925721368456
 30
0.0
  0
VERTEX
  5
B2C
  8
_TOPLAYER
 10
323.1715969234163
 20
631.0438189298834
 30
0.0
  0
VERTEX
  5
B2D
  8
_TOPLAYER
 10
323.0927100503466
 20
631.1027372848467
 30
0.0
  0
VERTEX
  5
B2E
  8
_TOPLAYER
 10
323.01997193258
 20
631.1688195455237
 30
0.0
  0
VERTEX
  5
B2F
  8
_TOPLAYER
 10
322.9538901824561
 20
631.2415580557022
 30
0.0
  0
VERTEX
  5
B30
  8
_TOPLAYER
 10
322.8949724123142
 20
631.3204451591703
 30
0.0
  0
VERTEX
  5
B31
  8
_TOPLAYER
 10
322.8437262344938
 20
631.4049731997159
 30
0.0
  0
VERTEX
  5
B32
  8
_TOPLAYER
 10
322.8006592613343
 20
631.4946345211272
 30
0.0
  0
VERTEX
  5
B33
  8
_TOPLAYER
 10
322.7662791051749
 20
631.5889214671922
 30
0.0
  0
VERTEX
  5
B34
  8
_TOPLAYER
 10
322.7410933783551
 20
631.6873263816988
 30
0.0
  0
VERTEX
  5
B35
  8
_TOPLAYER
 10
322.7256096932144
 20
631.789341608435
 30
0.0
  0
VERTEX
  5
B36
  8
_TOPLAYER
 10
322.7203356620921
 20
631.894459491189
 30
0.0
  0
VERTEX
  5
B37
  8
_TOPLAYER
 10
322.7203356620921
 20
650.0438981321894
 30
0.0
  0
VERTEX
  5
B38
  8
_TOPLAYER
 10
322.7256096932144
 20
650.1490176628924
 30
0.0
  0
VERTEX
  5
B39
  8
_TOPLAYER
 10
322.7410933783551
 20
650.2510341127731
 30
0.0
  0
VERTEX
  5
B3A
  8
_TOPLAYER
 10
322.7662791051749
 20
650.349439869565
 30
0.0
  0
VERTEX
  5
B3B
  8
_TOPLAYER
 10
322.8006592613343
 20
650.4437273210009
 30
0.0
  0
VERTEX
  5
B3C
  8
_TOPLAYER
 10
322.8437262344938
 20
650.5333888548146
 30
0.0
  0
VERTEX
  5
B3D
  8
_TOPLAYER
 10
322.8949724123142
 20
650.6179168587391
 30
0.0
  0
VERTEX
  5
B3E
  8
_TOPLAYER
 10
322.9538901824561
 20
650.696803720508
 30
0.0
  0
VERTEX
  5
B3F
  8
_TOPLAYER
 10
323.01997193258
 20
650.7695418278545
 30
0.0
  0
VERTEX
  5
B40
  8
_TOPLAYER
 10
323.0927100503466
 20
650.8356235685119
 30
0.0
  0
VERTEX
  5
B41
  8
_TOPLAYER
 10
323.1715969234163
 20
650.8945413302135
 30
0.0
  0
VERTEX
  5
B42
  8
_TOPLAYER
 10
323.2561249394499
 20
650.9457875006926
 30
0.0
  0
VERTEX
  5
B43
  8
_TOPLAYER
 10
323.345786486108
 20
650.9888544676828
 30
0.0
  0
VERTEX
  5
B44
  8
_TOPLAYER
 10
323.4400739510511
 20
651.0232346189171
 30
0.0
  0
VERTEX
  5
B45
  8
_TOPLAYER
 10
323.5384797219398
 20
651.0484203421288
 30
0.0
  0
VERTEX
  5
B46
  8
_TOPLAYER
 10
323.6404961864349
 20
651.0639040250514
 30
0.0
  0
SEQEND
  5
E59
  8
_TOPLAYER
  0
POLYLINE
  5
8D
  8
_LABELS
 66
     1
 10
0.0
 20
0.0
 30
0.0
 70
     1
  0
VERTEX
  5
B47
  8
_LABELS
 10
279.2840769937844
 20
632.9497539076968
 30
0.0
  0
VERTEX
  5
B48
  8
_LABELS
 10
279.2840769937844
 20
648.9517537564969
 30
0.0
  0
VERTEX
  5
B49
  8
_LABELS
 10
263.2840880286925
 20
648.9517537060968
 30
0.0
  0
VERTEX
  5
B4A
  8
_LABELS
 10
263.2840880286925
 20
632.9497539076968
 30
0.0
  0
SEQEND
  5
E5A
  8
_LABELS
  0
POLYLINE
  5
8E
  8
_LABELS
 66
     1
 10
0.0
 20
0.0
 30
0.0
  0
VERTEX
  5
B4B
  8
_LABELS
 10
263.144585934116
 20
640.9507538068968
 30
0.0
  0
VERTEX
  5
B4C
  8
_LABELS
 10
279.1445748992079
 20
640.9507538320969
 30
0.0
  0
SEQEND
  5
E5B
  8
_LABELS
  0
POLYLINE
  5
8F
  8
_LABELS
 66
     1
 10
0.0
 20
0.0
 30
0.0
 70
     1
  0
VERTEX
  5
B4D
  8
_LABELS
 10
267.0856095448912
 20
643.1086678112182
 30
0.0
  0
VERTEX
  5
B4E
  8
_LABELS
 10
267.0631808844118
 20
643.0044532832497
 30
0.0
  0
VERTEX
  5
B4F
  8
_LABELS
 10
267.0246558810748
 20
642.9301350669033
 30
0.0
  0
VERTEX
  5
B50
  8
_LABELS
 10
266.9993572508346
 20
642.9041870755883
 30
0.0
  0
VERTEX
  5
B51
  8
_LABELS
 10
266.97003453488
 20
642.8857131621788
 30
0.0
  0
VERTEX
  5
B52
  8
_LABELS
 10
266.936687733211
 20
642.8747133266749
 30
0.0
  0
VERTEX
  5
B53
  8
_LABELS
 10
266.8993168458275
 20
642.8711875690761
 30
0.0
  0
VERTEX
  5
B54
  8
_LABELS
 10
266.8619663852751
 20
642.8750830690444
 30
0.0
  0
VERTEX
  5
B55
  8
_LABELS
 10
266.8286808640992
 20
642.8863470062413
 30
0.0
  0
VERTEX
  5
B56
  8
_LABELS
 10
266.7994602822998
 20
642.9049793806664
 30
0.0
  0
VERTEX
  5
B57
  8
_LABELS
 10
266.7743046398768
 20
642.93098019232
 30
0.0
  0
VERTEX
  5
B58
  8
_LABELS
 10
266.7361881731605
 20
643.0050871273124
 30
0.0
  0
VERTEX
  5
B59
  8
_LABELS
 10
266.7143314639502
 20
643.1086678112182
 30
0.0
  0
VERTEX
  5
B5A
  8
_LABELS
 10
266.7143314639502
 20
646.0970312852913
 30
0.0
  0
VERTEX
  5
B5B
  8
_LABELS
 10
266.7361881731605
 20
646.2013514539369
 30
0.0
  0
VERTEX
  5
B5C
  8
_LABELS
 10
266.7743046398768
 20
646.2759865923148
 30
0.0
  0
VERTEX
  5
B5D
  8
_LABELS
 10
266.7994602822998
 20
646.3021722751532
 30
0.0
  0
VERTEX
  5
B5E
  8
_LABELS
 10
266.8286808640992
 20
646.3209367004249
 30
0.0
  0
VERTEX
  5
B5F
  8
_LABELS
 10
266.8619663852751
 20
646.3322798681295
 30
0.0
  0
VERTEX
  5
B60
  8
_LABELS
 10
266.8993168458275
 20
646.3362017782672
 30
0.0
  0
VERTEX
  5
B61
  8
_LABELS
 10
266.936687733211
 20
646.3326496104995
 30
0.0
  0
VERTEX
  5
B62
  8
_LABELS
 10
266.97003453488
 20
646.3215705444876
 30
0.0
  0
VERTEX
  5
B63
  8
_LABELS
 10
266.9993572508346
 20
646.3029645802317
 30
0.0
  0
VERTEX
  5
B64
  8
_LABELS
 10
267.0246558810748
 20
646.2768317177317
 30
0.0
  0
VERTEX
  5
B65
  8
_LABELS
 10
267.0631808844118
 20
646.2019852979997
 30
0.0
  0
VERTEX
  5
B66
  8
_LABELS
 10
267.0856095448912
 20
646.0970312852913
 30
0.0
  0
SEQEND
  5
E5C
  8
_LABELS
  0
POLYLINE
  5
90
  8
_LABELS
 66
     1
 10
0.0
 20
0.0
 30
0.0
 70
     1
  0
VERTEX
  5
B67
  8
_LABELS
 10
269.2622926602671
 20
643.1086678112182
 30
0.0
  0
VERTEX
  5
B68
  8
_LABELS
 10
269.2539993668657
 20
643.0280111542452
 30
0.0
  0
VERTEX
  5
B69
  8
_LABELS
 10
269.2291194866618
 20
642.9635175208698
 30
0.0
  0
VERTEX
  5
B6A
  8
_LABELS
 10
269.1876530196553
 20
642.9151869110922
 30
0.0
  0
VERTEX
  5
B6B
  8
_LABELS
 10
269.1295999658462
 20
642.8830193249123
 30
0.0
  0
VERTEX
  5
B6C
  8
_LABELS
 10
269.0669713018847
 20
642.8712403894147
 30
0.0
  0
VERTEX
  5
B6D
  8
_LABELS
 10
269.0117780044209
 20
642.8840757316834
 30
0.0
  0
VERTEX
  5
B6E
  8
_LABELS
 10
268.9640200734548
 20
642.9215253517187
 30
0.0
  0
VERTEX
  5
B6F
  8
_LABELS
 10
268.9236975089864
 20
642.9835892495206
 30
0.0
  0
VERTEX
  5
B70
  8
_LABELS
 10
267.8255510724003
 20
645.2603571225842
 30
0.0
  0
VERTEX
  5
B71
  8
_LABELS
 10
267.8255510724003
 20
643.1086678112182
 30
0.0
  0
VERTEX
  5
B72
  8
_LABELS
 10
267.8032041192452
 20
643.0051399476508
 30
0.0
  0
VERTEX
  5
B73
  8
_LABELS
 10
267.7649242378806
 20
642.9311914736743
 30
0.0
  0
VERTEX
  5
B74
  8
_LABELS
 10
267.7398094491197
 20
642.9053095077824
 30
0.0
  0
VERTEX
  5
B75
  8
_LABELS
 10
267.7107114283066
 20
642.8868223892882
 30
0.0
  0
VERTEX
  5
B76
  8
_LABELS
 10
267.677630175441
 20
642.8757301181918
 30
0.0
  0
VERTEX
  5
B77
  8
_LABELS
 10
267.6405656905231
 20
642.872032694493
 30
0.0
  0
VERTEX
  5
B78
  8
_LABELS
 10
267.6035216324362
 20
642.8757301181918
 30
0.0
  0
VERTEX
  5
B79
  8
_LABELS
 10
267.5705016600638
 20
642.8868223892882
 30
0.0
  0
VERTEX
  5
B7A
  8
_LABELS
 10
267.5415057734058
 20
642.9053095077824
 30
0.0
  0
VERTEX
  5
B7B
  8
_LABELS
 10
267.5165339724622
 20
642.9311914736743
 30
0.0
  0
VERTEX
  5
B7C
  8
_LABELS
 10
267.4786626277183
 20
643.0051399476508
 30
0.0
  0
VERTEX
  5
B7D
  8
_LABELS
 10
267.4568876258322
 20
643.1086678112182
 30
0.0
  0
VERTEX
  5
B7E
  8
_LABELS
 10
267.4568876258322
 20
646.0936507836238
 30
0.0
  0
VERTEX
  5
B7F
  8
_LABELS
 10
267.4729431150278
 20
646.1740433389041
 30
0.0
  0
VERTEX
  5
B80
  8
_LABELS
 10
267.5014998248185
 20
646.2394349180349
 30
0.0
  0
VERTEX
  5
B81
  8
_LABELS
 10
267.5425577552043
 20
646.2898255210162
 30
0.0
  0
VERTEX
  5
B82
  8
_LABELS
 10
267.596116906185
 20
646.3252151478479
 30
0.0
  0
VERTEX
  5
B83
  8
_LABELS
 10
267.6534345940768
 20
646.3395822799348
 30
0.0
  0
VERTEX
  5
B84
  8
_LABELS
 10
267.7057681351954
 20
646.3269053986817
 30
0.0
  0
VERTEX
  5
B85
  8
_LABELS
 10
267.7531175295408
 20
646.2871845040885
 30
0.0
  0
VERTEX
  5
B86
  8
_LABELS
 10
267.7954827771129
 20
646.2204195961552
 30
0.0
  0
VERTEX
  5
B87
  8
_LABELS
 10
268.8936292136989
 20
643.9402712214242
 30
0.0
  0
VERTEX
  5
B88
  8
_LABELS
 10
268.8936292136989
 20
646.0936507836238
 30
0.0
  0
VERTEX
  5
B89
  8
_LABELS
 10
268.914832264316
 20
646.1992386403949
 30
0.0
  0
VERTEX
  5
B8A
  8
_LABELS
 10
268.9536023896255
 20
646.2742963414812
 30
0.0
  0
VERTEX
  5
B8B
  8
_LABELS
 10
268.9795751052899
 20
646.3003763836425
 30
0.0
  0
VERTEX
  5
B8C
  8
_LABELS
 10
269.0099395896275
 20
646.3188238868828
 30
0.0
  0
VERTEX
  5
B8D
  8
_LABELS
 10
269.0446958426381
 20
646.3296388512018
 30
0.0
  0
VERTEX
  5
B8E
  8
_LABELS
 10
269.0838438643218
 20
646.3328212765997
 30
0.0
  0
VERTEX
  5
B8F
  8
_LABELS
 10
269.1228080445262
 20
646.3285296240921
 30
0.0
  0
VERTEX
  5
B90
  8
_LABELS
 10
269.1570127730988
 20
646.3169223546947
 30
0.0
  0
VERTEX
  5
B91
  8
_LABELS
 10
269.1864580500396
 20
646.2979994684074
 30
0.0
  0
VERTEX
  5
B92
  8
_LABELS
 10
269.2111438753487
 20
646.2717609652304
 30
0.0
  0
VERTEX
  5
B93
  8
_LABELS
 10
269.2462371710715
 20
646.197337108207
 30
0.0
  0
VERTEX
  5
B94
  8
_LABELS
 10
269.2622926602671
 20
646.0936507836238
 30
0.0
  0
SEQEND
  5
E5D
  8
_LABELS
  0
POLYLINE
  5
91
  8
_LABELS
 66
     1
 10
0.0
 20
0.0
 30
0.0
 70
     1
  0
VERTEX
  5
B95
  8
_LABELS
 10
272.053937780131
 20
644.0163325089429
 30
0.0
  0
VERTEX
  5
B96
  8
_LABELS
 10
272.053937780131
 20
643.9825274922679
 30
0.0
  0
VERTEX
  5
B97
  8
_LABELS
 10
272.0487085113854
 20
643.8811124422427
 30
0.0
  0
VERTEX
  5
B98
  8
_LABELS
 10
272.0315704001447
 20
643.7560470856297
 30
0.0
  0
VERTEX
  5
B99
  8
_LABELS
 10
272.0076097273376
 20
643.6394593933547
 30
0.0
  0
VERTEX
  5
B9A
  8
_LABELS
 10
271.9768264929638
 20
643.5313493654178
 30
0.0
  0
VERTEX
  5
B9B
  8
_LABELS
 10
271.9392206970234
 20
643.4317170018189
 30
0.0
  0
VERTEX
  5
B9C
  8
_LABELS
 10
271.8947923395164
 20
643.340562302558
 30
0.0
  0
VERTEX
  5
B9D
  8
_LABELS
 10
271.8435414204429
 20
643.2578852676353
 30
0.0
  0
VERTEX
  5
B9E
  8
_LABELS
 10
271.7854679398027
 20
643.1836858970505
 30
0.0
  0
VERTEX
  5
B9F
  8
_LABELS
 10
271.720571897596
 20
643.1179641908038
 30
0.0
  0
VERTEX
  5
BA0
  8
_LABELS
 10
271.5816694465397
 20
643.0113727476005
 30
0.0
  0
VERTEX
  5
BA1
  8
_LABELS
 10
271.5105023672044
 20
642.9703577547127
 30
0.0
  0
VERTEX
  5
BA2
  8
_LABELS
 10
271.438191385331
 20
642.937529914301
 30
0.0
  0
VERTEX
  5
BA3
  8
_LABELS
 10
271.3647365009194
 20
642.9128892263651
 30
0.0
  0
VERTEX
  5
BA4
  8
_LABELS
 10
271.2901377139698
 20
642.8964356909053
 30
0.0
  0
VERTEX
  5
BA5
  8
_LABELS
 10
271.2143950244821
 20
642.8881693079214
 30
0.0
  0
VERTEX
  5
BA6
  8
_LABELS
 10
271.1375084324563
 20
642.8880900774136
 30
0.0
  0
VERTEX
  5
BA7
  8
_LABELS
 10
271.0608771758185
 20
642.8961583841278
 30
0.0
  0
VERTEX
  5
BA8
  8
_LABELS
 10
270.9859004924946
 20
642.9123346128101
 30
0.0
  0
VERTEX
  5
BA9
  8
_LABELS
 10
270.9125783824848
 20
642.9366187634607
 30
0.0
  0
VERTEX
  5
BAA
  8
_LABELS
 10
270.8409108457891
 20
642.9690108360795
 30
0.0
  0
VERTEX
  5
BAB
  8
_LABELS
 10
270.7708978824074
 20
643.0095108306664
 30
0.0
  0
VERTEX
  5
BAC
  8
_LABELS
 10
270.7025394923398
 20
643.0581187472213
 30
0.0
  0
VERTEX
  5
BAD
  8
_LABELS
 10
270.5707864321467
 20
643.1796583462358
 30
0.0
  0
VERTEX
  5
BAE
  8
_LABELS
 10
270.5102310915354
 20
643.2524711829335
 30
0.0
  0
VERTEX
  5
BAF
  8
_LABELS
 10
270.4570089832667
 20
643.3331542500758
 30
0.0
  0
VERTEX
  5
BB0
  8
_LABELS
 10
270.4111201073406
 20
643.4217075476629
 30
0.0
  0
VERTEX
  5
BB1
  8
_LABELS
 10
270.3725644637569
 20
643.5181310756946
 30
0.0
  0
VERTEX
  5
BB2
  8
_LABELS
 10
270.3413420525159
 20
643.6224248341709
 30
0.0
  0
VERTEX
  5
BB3
  8
_LABELS
 10
270.3174528736173
 20
643.7345888230918
 30
0.0
  0
VERTEX
  5
BB4
  8
_LABELS
 10
270.3008969270612
 20
643.8546230424575
 30
0.0
  0
VERTEX
  5
BB5
  8
_LABELS
 10
270.2916742128477
 20
643.9825274922679
 30
0.0
  0
VERTEX
  5
BB6
  8
_LABELS
 10
270.2916742128477
 20
644.0163325089429
 30
0.0
  0
VERTEX
  5
BB7
  8
_LABELS
 10
270.2916742128477
 20
646.1004117869588
 30
0.0
  0
VERTEX
  5
BB8
  8
_LABELS
 10
270.2952693351104
 20
646.1485839357208
 30
0.0
  0
VERTEX
  5
BB9
  8
_LABELS
 10
270.3060547018983
 20
646.1916853319815
 30
0.0
  0
VERTEX
  5
BBA
  8
_LABELS
 10
270.3426187294557
 20
646.2670071347604
 30
0.0
  0
VERTEX
  5
BBB
  8
_LABELS
 10
270.3895595871803
 20
646.3154962055537
 30
0.0
  0
VERTEX
  5
BBC
  8
_LABELS
 10
270.446877275072
 20
646.3371525443613
 30
0.0
  0
VERTEX
  5
BBD
  8
_LABELS
 10
270.514571793131
 20
646.3319761511829
 30
0.0
  0
VERTEX
  5
BBE
  8
_LABELS
 10
270.5783443596306
 20
646.3035588090404
 30
0.0
  0
VERTEX
  5
BBF
  8
_LABELS
 10
270.6238961928447
 20
646.2554923009556
 30
0.0
  0
VERTEX
  5
BC0
  8
_LABELS
 10
270.6512272927731
 20
646.1877766269284
 30
0.0
  0
VERTEX
  5
BC1
  8
_LABELS
 10
270.6603376594159
 20
646.1004117869588
 30
0.0
  0
VERTEX
  5
BC2
  8
_LABELS
 10
270.6603376594159
 20
644.0163325089429
 30
0.0
  0
VERTEX
  5
BC3
  8
_LABELS
 10
270.668763727219
 20
643.9222066656383
 30
0.0
  0
VERTEX
  5
BC4
  8
_LABELS
 10
270.68423705173
 20
643.8342079816061
 30
0.0
  0
VERTEX
  5
BC5
  8
_LABELS
 10
270.706757632949
 20
643.7523364568463
 30
0.0
  0
VERTEX
  5
BC6
  8
_LABELS
 10
270.7363254708761
 20
643.6765920913588
 30
0.0
  0
VERTEX
  5
BC7
  8
_LABELS
 10
270.7729405655111
 20
643.6069748851436
 30
0.0
  0
VERTEX
  5
BC8
  8
_LABELS
 10
270.8166029168542
 20
643.5434848382008
 30
0.0
  0
VERTEX
  5
BC9
  8
_LABELS
 10
270.8673125249053
 20
643.4861219505303
 30
0.0
  0
VERTEX
  5
BCA
  8
_LABELS
 10
270.9250693896643
 20
643.4348862221323
 30
0.0
  0
VERTEX
  5
BCB
  8
_LABELS
 10
270.9867482059826
 20
643.3929996936585
 30
0.0
  0
VERTEX
  5
BCC
  8
_LABELS
 10
271.0492236687114
 20
643.3636844057605
 30
0.0
  0
VERTEX
  5
BCD
  8
_LABELS
 10
271.1124957778507
 20
643.3469403584388
 30
0.0
  0
VERTEX
  5
BCE
  8
_LABELS
 10
271.1765645334003
 20
643.342767551693
 30
0.0
  0
VERTEX
  5
BCF
  8
_LABELS
 10
271.2414299353605
 20
643.3511659855232
 30
0.0
  0
VERTEX
  5
BD0
  8
_LABELS
 10
271.3070919837311
 20
643.3721356599293
 30
0.0
  0
VERTEX
  5
BD1
  8
_LABELS
 10
271.3735506785122
 20
643.4056765749116
 30
0.0
  0
VERTEX
  5
BD2
  8
_LABELS
 10
271.4408060197038
 20
643.4517887304698
 30
0.0
  0
VERTEX
  5
BD3
  8
_LABELS
 10
271.4975517563265
 20
643.5016511300655
 30
0.0
  0
VERTEX
  5
BD4
  8
_LABELS
 10
271.5462084678583
 20
643.5582745329962
 30
0.0
  0
VERTEX
  5
BD5
  8
_LABELS
 10
271.5867761542992
 20
643.621658939262
 30
0.0
  0
VERTEX
  5
BD6
  8
_LABELS
 10
271.6192548156491
 20
643.6918043488625
 30
0.0
  0
VERTEX
  5
BD7
  8
_LABELS
 10
271.6645206732286
 20
643.8464623001508
 30
0.0
  0
VERTEX
  5
BD8
  8
_LABELS
 10
271.6865816507492
 20
644.0163325089429
 30
0.0
  0
VERTEX
  5
BD9
  8
_LABELS
 10
271.6865816507492
 20
646.1004117869588
 30
0.0
  0
VERTEX
  5
BDA
  8
_LABELS
 10
271.6891962851221
 20
646.1460485594702
 30
0.0
  0
VERTEX
  5
BDB
  8
_LABELS
 10
271.7128097018017
 20
646.2357374943361
 30
0.0
  0
VERTEX
  5
BDC
  8
_LABELS
 10
271.7310508619183
 20
646.2698858432118
 30
0.0
  0
VERTEX
  5
BDD
  8
_LABELS
 10
271.7535816565529
 20
646.2969034463825
 30
0.0
  0
VERTEX
  5
BDE
  8
_LABELS
 10
271.7804020857054
 20
646.3167903038484
 30
0.0
  0
VERTEX
  5
BDF
  8
_LABELS
 10
271.8115121493757
 20
646.3295464156093
 30
0.0
  0
VERTEX
  5
BE0
  8
_LABELS
 10
271.8866011802703
 20
646.3336664020167
 30
0.0
  0
VERTEX
  5
BE1
  8
_LABELS
 10
271.9598109427094
 20
646.3114818598236
 30
0.0
  0
VERTEX
  5
BE2
  8
_LABELS
 10
271.9885719208104
 20
646.2913573108343
 30
0.0
  0
VERTEX
  5
BE3
  8
_LABELS
 10
272.0121036301659
 20
646.2652112432496
 30
0.0
  0
VERTEX
  5
BE4
  8
_LABELS
 10
272.0434792426398
 20
646.1948545522946
 30
0.0
  0
VERTEX
  5
BE5
  8
_LABELS
 10
272.053937780131
 20
646.1004117869588
 30
0.0
  0
SEQEND
  5
E5E
  8
_LABELS
  0
POLYLINE
  5
92
  8
_LABELS
 66
     1
 10
0.0
 20
0.0
 30
0.0
 70
     1
  0
VERTEX
  5
BE6
  8
_LABELS
 10
273.6880842631459
 20
644.7177866049499
 30
0.0
  0
VERTEX
  5
BE7
  8
_LABELS
 10
273.7090013381285
 20
644.7059548491137
 30
0.0
  0
VERTEX
  5
BE8
  8
_LABELS
 10
273.7325330474839
 20
644.6907425916099
 30
0.0
  0
VERTEX
  5
BE9
  8
_LABELS
 10
273.7534501224665
 20
644.6755303341062
 30
0.0
  0
VERTEX
  5
BEA
  8
_LABELS
 10
273.7737135388559
 20
644.6594729511855
 30
0.0
  0
VERTEX
  5
BEB
  8
_LABELS
 10
273.7952842724317
 20
644.6434155682648
 30
0.0
  0
VERTEX
  5
BEC
  8
_LABELS
 10
273.8569120216724
 20
644.5858413992402
 30
0.0
  0
VERTEX
  5
BED
  8
_LABELS
 10
273.9123708679397
 20
644.52298519636
 30
0.0
  0
VERTEX
  5
BEE
  8
_LABELS
 10
273.9616608112336
 20
644.4548469596243
 30
0.0
  0
VERTEX
  5
BEF
  8
_LABELS
 10
274.0047818515542
 20
644.3814266890333
 30
0.0
  0
VERTEX
  5
BF0
  8
_LABELS
 10
274.0417339889013
 20
644.3027243845868
 30
0.0
  0
VERTEX
  5
BF1
  8
_LABELS
 10
274.0725172232752
 20
644.2187400462847
 30
0.0
  0
VERTEX
  5
BF2
  8
_LABELS
 10
274.1155769831026
 20
644.0349252681142
 30
0.0
  0
VERTEX
  5
BF3
  8
_LABELS
 10
274.1299574721531
 20
643.8806898795344
 30
0.0
  0
VERTEX
  5
BF4
  8
_LABELS
 10
274.1260355205939
 20
643.7222288638701
 30
0.0
  0
VERTEX
  5
BF5
  8
_LABELS
 10
274.1103885680191
 20
643.6094574410557
 30
0.0
  0
VERTEX
  5
BF6
  8
_LABELS
 10
274.084364785277
 20
643.5010172860028
 30
0.0
  0
VERTEX
  5
BF7
  8
_LABELS
 10
274.0479641723679
 20
643.3969083987115
 30
0.0
  0
VERTEX
  5
BF8
  8
_LABELS
 10
274.0011867292916
 20
643.2971307791815
 30
0.0
  0
VERTEX
  5
BF9
  8
_LABELS
 10
273.9459117245036
 20
643.2050649290807
 30
0.0
  0
VERTEX
  5
BFA
  8
_LABELS
 10
273.8840184264594
 20
643.1240913500762
 30
0.0
  0
VERTEX
  5
BFB
  8
_LABELS
 10
273.815506835159
 20
643.0542100421683
 30
0.0
  0
VERTEX
  5
BFC
  8
_LABELS
 10
273.7403769506024
 20
642.9954210053569
 30
0.0
  0
VERTEX
  5
BFD
  8
_LABELS
 10
273.6553196261615
 20
642.9451360430528
 30
0.0
  0
VERTEX
  5
BFE
  8
_LABELS
 10
273.5687915698859
 20
642.9092182128355
 30
0.0
  0
VERTEX
  5
BFF
  8
_LABELS
 10
273.4807927817755
 20
642.8876675147052
 30
0.0
  0
VERTEX
  5
C00
  8
_LABELS
 10
273.3913232618305
 20
642.8804839486618
 30
0.0
  0
VERTEX
  5
C01
  8
_LABELS
 10
273.2413903220138
 20
642.8867695689498
 30
0.0
  0
VERTEX
  5
C02
  8
_LABELS
 10
273.0948890898115
 20
642.9056264298138
 30
0.0
  0
VERTEX
  5
C03
  8
_LABELS
 10
272.9518195652236
 20
642.9370545312538
 30
0.0
  0
VERTEX
  5
C04
  8
_LABELS
 10
272.8121817482499
 20
642.98105387327
 30
0.0
  0
VERTEX
  5
C05
  8
_LABELS
 10
272.7456924132222
 20
643.0114651831929
 30
0.0
  0
VERTEX
  5
C06
  8
_LABELS
 10
272.6841463713057
 20
643.0524141506575
 30
0.0
  0
VERTEX
  5
C07
  8
_LABELS
 10
272.6275436225002
 20
643.1039007756636
 30
0.0
  0
VERTEX
  5
C08
  8
_LABELS
 10
272.575884166806
 20
643.1659250582115
 30
0.0
  0
VERTEX
  5
C09
  8
_LABELS
 10
272.5291680042228
 20
643.2384869983011
 30
0.0
  0
VERTEX
  5
C0A
  8
_LABELS
 10
272.4873951347507
 20
643.3215865959324
 30
0.0
  0
VERTEX
  5
C0B
  8
_LABELS
 10
272.4505655583898
 20
643.4152238511053
 30
0.0
  0
VERTEX
  5
C0C
  8
_LABELS
 10
272.4186792751399
 20
643.5193987638199
 30
0.0
  0
VERTEX
  5
C0D
  8
_LABELS
 10
272.3951475657846
 20
643.634335820515
 30
0.0
  0
VERTEX
  5
C0E
  8
_LABELS
 10
272.3768451251748
 20
643.7526533788777
 30
0.0
  0
VERTEX
  5
C0F
  8
_LABELS
 10
272.3723920760086
 20
643.8117065173818
 30
0.0
  0
VERTEX
  5
C10
  8
_LABELS
 10
272.3786426863061
 20
643.8671678728643
 30
0.0
  0
VERTEX
  5
C11
  8
_LABELS
 10
272.3955969560674
 20
643.9190374453251
 30
0.0
  0
VERTEX
  5
C12
  8
_LABELS
 10
272.4232548852924
 20
643.9673152347641
 30
0.0
  0
VERTEX
  5
C13
  8
_LABELS
 10
272.458266473691
 20
644.0066135666489
 30
0.0
  0
VERTEX
  5
C14
  8
_LABELS
 10
272.497281720973
 20
644.0315447664468
 30
0.0
  0
VERTEX
  5
C15
  8
_LABELS
 10
272.5403006271384
 20
644.0421088341577
 30
0.0
  0
VERTEX
  5
C16
  8
_LABELS
 10
272.5873231921871
 20
644.0383057697817
 30
0.0
  0
VERTEX
  5
C17
  8
_LABELS
 10
272.6350402694911
 20
644.0178114784225
 30
0.0
  0
VERTEX
  5
C18
  8
_LABELS
 10
272.6749134436767
 20
643.9833726176848
 30
0.0
  0
VERTEX
  5
C19
  8
_LABELS
 10
272.7069427147438
 20
643.9349891875686
 30
0.0
  0
VERTEX
  5
C1A
  8
_LABELS
 10
272.7311280826924
 20
643.8726611880741
 30
0.0
  0
VERTEX
  5
C1B
  8
_LABELS
 10
272.7350500342516
 20
643.8574489305703
 30
0.0
  0
VERTEX
  5
C1C
  8
_LABELS
 10
272.7722677204023
 20
643.6925438336023
 30
0.0
  0
VERTEX
  5
C1D
  8
_LABELS
 10
272.8211695539065
 20
643.5646129736228
 30
0.0
  0
VERTEX
  5
C1E
  8
_LABELS
 10
272.8500020259162
 20
643.5145128825036
 30
0.0
  0
VERTEX
  5
C1F
  8
_LABELS
 10
272.8817555347644
 20
643.4736563506315
 30
0.0
  0
VERTEX
  5
C20
  8
_LABELS
 10
272.9164300804508
 20
643.4420433780066
 30
0.0
  0
VERTEX
  5
C21
  8
_LABELS
 10
272.9540256629757
 20
643.4196739646286
 30
0.0
  0
VERTEX
  5
C22
  8
_LABELS
 10
273.0397774996719
 20
643.3890381682668
 30
0.0
  0
VERTEX
  5
C23
  8
_LABELS
 10
273.1408086059842
 20
643.3681213141991
 30
0.0
  0
VERTEX
  5
C24
  8
_LABELS
 10
273.2571189819128
 20
643.3569234024255
 30
0.0
  0
VERTEX
  5
C25
  8
_LABELS
 10
273.3887086274576
 20
643.355444432946
 30
0.0
  0
VERTEX
  5
C26
  8
_LABELS
 10
273.4502546693742
 20
643.360303904093
 30
0.0
  0
VERTEX
  5
C27
  8
_LABELS
 10
273.5067757108554
 20
643.3748823175341
 30
0.0
  0
VERTEX
  5
C28
  8
_LABELS
 10
273.5582717519014
 20
643.3991796732693
 30
0.0
  0
VERTEX
  5
C29
  8
_LABELS
 10
273.6047427925122
 20
643.4331959712986
 30
0.0
  0
VERTEX
  5
C2A
  8
_LABELS
 10
273.6461888326876
 20
643.4769312116218
 30
0.0
  0
VERTEX
  5
C2B
  8
_LABELS
 10
273.6826098724277
 20
643.5303853942393
 30
0.0
  0
VERTEX
  5
C2C
  8
_LABELS
 10
273.7140059117327
 20
643.5935585191507
 30
0.0
  0
VERTEX
  5
C2D
  8
_LABELS
 10
273.7403769506024
 20
643.6664505863563
 30
0.0
  0
VERTEX
  5
C2E
  8
_LABELS
 10
273.7568818300808
 20
643.7364375349413
 30
0.0
  0
VERTEX
  5
C2F
  8
_LABELS
 10
273.764562318551
 20
643.8077978123288
 30
0.0
  0
VERTEX
  5
C30
  8
_LABELS
 10
273.7634184160129
 20
643.8805314185187
 30
0.0
  0
VERTEX
  5
C31
  8
_LABELS
 10
273.7534501224665
 20
643.954638353511
 30
0.0
  0
VERTEX
  5
C32
  8
_LABELS
 10
273.7355562184775
 20
644.0263155529296
 30
0.0
  0
VERTEX
  5
C33
  8
_LABELS
 10
273.7106354846115
 20
644.091759952399
 30
0.0
  0
VERTEX
  5
C34
  8
_LABELS
 10
273.6786879208686
 20
644.1509715519188
 30
0.0
  0
VERTEX
  5
C35
  8
_LABELS
 10
273.6397135272487
 20
644.2039503514894
 30
0.0
  0
VERTEX
  5
C36
  8
_LABELS
 10
273.5959184015039
 20
644.2449389342079
 30
0.0
  0
VERTEX
  5
C37
  8
_LABELS
 10
273.5403574210814
 20
644.2833921406757
 30
0.0
  0
VERTEX
  5
C38
  8
_LABELS
 10
272.9350695637727
 20
644.6265130599273
 30
0.0
  0
VERTEX
  5
C39
  8
_LABELS
 10
272.9154598059765
 20
644.6400350665973
 30
0.0
  0
VERTEX
  5
C3A
  8
_LABELS
 10
272.8447829705861
 20
644.6934100187068
 30
0.0
  0
VERTEX
  5
C3B
  8
_LABELS
 10
272.7811329650727
 20
644.7521198250106
 30
0.0
  0
VERTEX
  5
C3C
  8
_LABELS
 10
272.7245097894362
 20
644.8161644855081
 30
0.0
  0
VERTEX
  5
C3D
  8
_LABELS
 10
272.6749134436767
 20
644.8855440001998
 30
0.0
  0
VERTEX
  5
C3E
  8
_LABELS
 10
272.6323439277942
 20
644.9602583690855
 30
0.0
  0
VERTEX
  5
C3F
  8
_LABELS
 10
272.5968012417886
 20
645.0403075921652
 30
0.0
  0
VERTEX
  5
C40
  8
_LABELS
 10
272.56828538566
 20
645.1256916694388
 30
0.0
  0
VERTEX
  5
C41
  8
_LABELS
 10
272.5467963594083
 20
645.2164106009067
 30
0.0
  0
VERTEX
  5
C42
  8
_LABELS
 10
272.529545900597
 20
645.3232001203797
 30
0.0
  0
VERTEX
  5
C43
  8
_LABELS
 10
272.5215896499079
 20
645.4272165720787
 30
0.0
  0
VERTEX
  5
C44
  8
_LABELS
 10
272.5229276073408
 20
645.5284599560034
 30
0.0
  0
VERTEX
  5
C45
  8
_LABELS
 10
272.5335597728959
 20
645.6269302721541
 30
0.0
  0
VERTEX
  5
C46
  8
_LABELS
 10
272.5534861465732
 20
645.7226275205308
 30
0.0
  0
VERTEX
  5
C47
  8
_LABELS
 10
272.5827067283726
 20
645.8155517011332
 30
0.0
  0
VERTEX
  5
C48
  8
_LABELS
 10
272.6212215182942
 20
645.9057028139614
 30
0.0
  0
VERTEX
  5
C49
  8
_LABELS
 10
272.6690305163378
 20
645.9930808590157
 30
0.0
  0
VERTEX
  5
C4A
  8
_LABELS
 10
272.7235395149619
 20
646.0736979007349
 30
0.0
  0
VERTEX
  5
C4B
  8
_LABELS
 10
272.7821543066245
 20
646.1435660035581
 30
0.0
  0
VERTEX
  5
C4C
  8
_LABELS
 10
272.8448748913257
 20
646.2026851674856
 30
0.0
  0
VERTEX
  5
C4D
  8
_LABELS
 10
272.9117012690655
 20
646.2510553925171
 30
0.0
  0
VERTEX
  5
C4E
  8
_LABELS
 10
272.9826334398439
 20
646.2886766786526
 30
0.0
  0
VERTEX
  5
C4F
  8
_LABELS
 10
273.0576714036608
 20
646.3155490258923
 30
0.0
  0
VERTEX
  5
C50
  8
_LABELS
 10
273.1368151605163
 20
646.3316724342362
 30
0.0
  0
VERTEX
  5
C51
  8
_LABELS
 10
273.2200647104104
 20
646.3370469036842
 30
0.0
  0
VERTEX
  5
C52
  8
_LABELS
 10
273.3638696009158
 20
646.3319761511829
 30
0.0
  0
VERTEX
  5
C53
  8
_LABELS
 10
273.4998305883026
 20
646.2990162599247
 30
0.0
  0
VERTEX
  5
C54
  8
_LABELS
 10
273.5655232769199
 20
646.2772542804402
 30
0.0
  0
VERTEX
  5
C55
  8
_LABELS
 10
273.6318696241302
 20
646.2440831078278
 30
0.0
  0
VERTEX
  5
C56
  8
_LABELS
 10
273.7094098747493
 20
646.1895725184393
 30
0.0
  0
VERTEX
  5
C57
  8
_LABELS
 10
273.7773086611186
 20
646.1257655494652
 30
0.0
  0
VERTEX
  5
C58
  8
_LABELS
 10
273.835565983238
 20
646.0526622009054
 30
0.0
  0
VERTEX
  5
C59
  8
_LABELS
 10
273.8841818411077
 20
645.9702624727599
 30
0.0
  0
VERTEX
  5
C5A
  8
_LABELS
 10
273.9675233117415
 20
645.78898307084
 30
0.0
  0
VERTEX
  5
C5B
  8
_LABELS
 10
274.0423672206636
 20
645.5933365368334
 30
0.0
  0
VERTEX
  5
C5C
  8
_LABELS
 10
274.0541330753413
 20
645.5493900151558
 30
0.0
  0
VERTEX
  5
C5D
  8
_LABELS
 10
274.0580550269005
 20
645.4703707886779
 30
0.0
  0
VERTEX
  5
C5E
  8
_LABELS
 10
274.0410599034772
 20
645.3989576909519
 30
0.0
  0
VERTEX
  5
C5F
  8
_LABELS
 10
274.0083769738168
 20
645.3347281592693
 30
0.0
  0
VERTEX
  5
C60
  8
_LABELS
 10
273.9809233129022
 20
645.3043036442618
 30
0.0
  0
VERTEX
  5
C61
  8
_LABELS
 10
273.946115992814
 20
645.278527319047
 30
0.0
  0
VERTEX
  5
C62
  8
_LABELS
 10
273.9096745262427
 20
645.2637376242518
 30
0.0
  0
VERTEX
  5
C63
  8
_LABELS
 10
273.8715989131885
 20
645.2599345598758
 30
0.0
  0
VERTEX
  5
C64
  8
_LABELS
 10
273.8318891536512
 20
645.2671181259193
 30
0.0
  0
VERTEX
  5
C65
  8
_LABELS
 10
273.7937318332728
 20
645.2844431969652
 30
0.0
  0
VERTEX
  5
C66
  8
_LABELS
 10
273.7603135376952
 20
645.3127548984305
 30
0.0
  0
VERTEX
  5
C67
  8
_LABELS
 10
273.7316342669183
 20
645.3520532303153
 30
0.0
  0
VERTEX
  5
C68
  8
_LABELS
 10
273.7076940209421
 20
645.4023381926194
 30
0.0
  0
VERTEX
  5
C69
  8
_LABELS
 10
273.6351379170962
 20
645.602632916419
 30
0.0
  0
VERTEX
  5
C6A
  8
_LABELS
 10
273.5888915716269
 20
645.6962305563379
 30
0.0
  0
VERTEX
  5
C6B
  8
_LABELS
 10
273.5272842492172
 20
645.7725031252111
 30
0.0
  0
VERTEX
  5
C6C
  8
_LABELS
 10
273.4717232687947
 20
645.8122240198041
 30
0.0
  0
VERTEX
  5
C6D
  8
_LABELS
 10
273.412240336813
 20
645.840113158561
 30
0.0
  0
VERTEX
  5
C6E
  8
_LABELS
 10
273.3272647196962
 20
645.8587059177323
 30
0.0
  0
VERTEX
  5
C6F
  8
_LABELS
 10
273.2069915385463
 20
645.8637766702336
 30
0.0
  0
VERTEX
  5
C70
  8
_LABELS
 10
273.1245488484782
 20
645.8502546635636
 30
0.0
  0
VERTEX
  5
C71
  8
_LABELS
 10
273.0524012812531
 20
645.8130691452211
 30
0.0
  0
VERTEX
  5
C72
  8
_LABELS
 10
272.990548836871
 20
645.752220115206
 30
0.0
  0
VERTEX
  5
C73
  8
_LABELS
 10
272.9389915153319
 20
645.6677075735184
 30
0.0
  0
VERTEX
  5
C74
  8
_LABELS
 10
272.9125183423071
 20
645.6042175265757
 30
0.0
  0
VERTEX
  5
C75
  8
_LABELS
 10
272.8958500481803
 20
645.5371356966111
 30
0.0
  0
VERTEX
  5
C76
  8
_LABELS
 10
272.8889866329516
 20
645.4664620836248
 30
0.0
  0
VERTEX
  5
C77
  8
_LABELS
 10
272.8919280966211
 20
645.3921966876169
 30
0.0
  0
VERTEX
  5
C78
  8
_LABELS
 10
272.9072890735614
 20
645.3036698001991
 30
0.0
  0
VERTEX
  5
C79
  8
_LABELS
 10
272.9350695637727
 20
645.2257069804924
 30
0.0
  0
VERTEX
  5
C7A
  8
_LABELS
 10
272.9752695672548
 20
645.1583082284965
 30
0.0
  0
VERTEX
  5
C7B
  8
_LABELS
 10
273.0278890840079
 20
645.1014735442116
 30
0.0
  0
VERTEX
  5
C7C
  8
_LABELS
 10
273.0396549386856
 20
645.0904869137922
 30
0.0
  0
VERTEX
  5
C7D
  8
_LABELS
 10
273.0540354277362
 20
645.0795002833728
 30
0.0
  0
VERTEX
  5
C7E
  8
_LABELS
 10
273.0684159167867
 20
645.071049029204
 30
0.0
  0
VERTEX
  5
C7F
  8
_LABELS
 10
273.0841037230236
 20
645.0625977750353
 30
0.0
  0
SEQEND
  5
E5F
  8
_LABELS
  0
POLYLINE
  5
93
  8
_LABELS
 66
     1
 10
0.0
 20
0.0
 30
0.0
 70
     1
  0
VERTEX
  5
C80
  8
_LABELS
 10
275.9052942113005
 20
645.8654669210674
 30
0.0
  0
VERTEX
  5
C81
  8
_LABELS
 10
274.8215282637651
 20
645.8654669210674
 30
0.0
  0
VERTEX
  5
C82
  8
_LABELS
 10
274.8215282637651
 20
644.9408997150051
 30
0.0
  0
VERTEX
  5
C83
  8
_LABELS
 10
275.6477527255774
 20
644.9408997150051
 30
0.0
  0
VERTEX
  5
C84
  8
_LABELS
 10
275.7289289521212
 20
644.9125351932012
 30
0.0
  0
VERTEX
  5
C85
  8
_LABELS
 10
275.7607845951244
 20
644.8903902662622
 30
0.0
  0
VERTEX
  5
C86
  8
_LABELS
 10
275.786818591282
 20
644.8629368952984
 30
0.0
  0
VERTEX
  5
C87
  8
_LABELS
 10
275.8070309405938
 20
644.8301750803098
 30
0.0
  0
VERTEX
  5
C88
  8
_LABELS
 10
275.8214216430598
 20
644.7921048212964
 30
0.0
  0
VERTEX
  5
C89
  8
_LABELS
 10
275.8327381074547
 20
644.7000389711956
 30
0.0
  0
VERTEX
  5
C8A
  8
_LABELS
 10
275.8209313991148
 20
644.6080787617716
 30
0.0
  0
VERTEX
  5
C8B
  8
_LABELS
 10
275.8064181356626
 20
644.5701405536047
 30
0.0
  0
VERTEX
  5
C8C
  8
_LABELS
 10
275.7861649326887
 20
644.537563609801
 30
0.0
  0
VERTEX
  5
C8D
  8
_LABELS
 10
275.7601717901933
 20
644.5103479303607
 30
0.0
  0
VERTEX
  5
C8E
  8
_LABELS
 10
275.7284387081762
 20
644.4884935152837
 30
0.0
  0
VERTEX
  5
C8F
  8
_LABELS
 10
275.6477527255774
 20
644.4608684782196
 30
0.0
  0
VERTEX
  5
C90
  8
_LABELS
 10
274.8215282637651
 20
644.4608684782196
 30
0.0
  0
VERTEX
  5
C91
  8
_LABELS
 10
274.8215282637651
 20
643.3503736804447
 30
0.0
  0
VERTEX
  5
C92
  8
_LABELS
 10
275.9052942113005
 20
643.3503736804447
 30
0.0
  0
VERTEX
  5
C93
  8
_LABELS
 10
275.9859393402373
 20
643.3221676196565
 30
0.0
  0
VERTEX
  5
C94
  8
_LABELS
 10
276.0176213551768
 20
643.300220768987
 30
0.0
  0
VERTEX
  5
C95
  8
_LABELS
 10
276.0435430037636
 20
643.2730447048006
 30
0.0
  0
VERTEX
  5
C96
  8
_LABELS
 10
276.0781052018793
 20
643.203004935877
 30
0.0
  0
VERTEX
  5
C97
  8
_LABELS
 10
276.0896259345846
 20
643.1120483128857
 30
0.0
  0
VERTEX
  5
C98
  8
_LABELS
 10
276.0781052018793
 20
643.0211973305716
 30
0.0
  0
VERTEX
  5
C99
  8
_LABELS
 10
276.0637042859978
 20
642.9836948901977
 30
0.0
  0
VERTEX
  5
C9A
  8
_LABELS
 10
276.0435430037636
 20
642.9514744836794
 30
0.0
  0
VERTEX
  5
C9B
  8
_LABELS
 10
276.0176213551768
 20
642.9245361110166
 30
0.0
  0
VERTEX
  5
C9C
  8
_LABELS
 10
275.9859393402373
 20
642.902879772209
 30
0.0
  0
VERTEX
  5
C9D
  8
_LABELS
 10
275.9052942113005
 20
642.8754131961605
 30
0.0
  0
VERTEX
  5
C9E
  8
_LABELS
 10
274.6398111748538
 20
642.8754131961605
 30
0.0
  0
VERTEX
  5
C9F
  8
_LABELS
 10
274.5669282417114
 20
642.9005556773126
 30
0.0
  0
VERTEX
  5
CA0
  8
_LABELS
 10
274.5116940905855
 20
642.9489391074287
 30
0.0
  0
VERTEX
  5
CA1
  8
_LABELS
 10
274.4741087214762
 20
643.0205634865089
 30
0.0
  0
VERTEX
  5
CA2
  8
_LABELS
 10
274.4541721343833
 20
643.1154288145532
 30
0.0
  0
VERTEX
  5
CA3
  8
_LABELS
 10
274.4541721343833
 20
646.1004117869588
 30
0.0
  0
VERTEX
  5
CA4
  8
_LABELS
 10
274.4750892093659
 20
646.1988688980249
 30
0.0
  0
VERTEX
  5
CA5
  8
_LABELS
 10
274.5130014077719
 20
646.2711271211679
 30
0.0
  0
VERTEX
  5
CA6
  8
_LABELS
 10
274.5383306782586
 20
646.2974316497682
 30
0.0
  0
VERTEX
  5
CA7
  8
_LABELS
 10
274.5679087296012
 20
646.3171864563876
 30
0.0
  0
VERTEX
  5
CA8
  8
_LABELS
 10
274.6398111748538
 20
646.3370469036842
 30
0.0
  0
VERTEX
  5
CA9
  8
_LABELS
 10
275.9052942113005
 20
646.3370469036842
 30
0.0
  0
VERTEX
  5
CAA
  8
_LABELS
 10
275.9484867455297
 20
646.329269108832
 30
0.0
  0
VERTEX
  5
CAB
  8
_LABELS
 10
275.9858984865753
 20
646.315232103861
 30
0.0
  0
VERTEX
  5
CAC
  8
_LABELS
 10
276.0175294344371
 20
646.2949358887713
 30
0.0
  0
VERTEX
  5
CAD
  8
_LABELS
 10
276.0433795891153
 20
646.268380463563
 30
0.0
  0
VERTEX
  5
CAE
  8
_LABELS
 10
276.0634489506098
 20
646.2355658282358
 30
0.0
  0
VERTEX
  5
CAF
  8
_LABELS
 10
276.0777375189207
 20
646.1964919827899
 30
0.0
  0
VERTEX
  5
CB0
  8
_LABELS
 10
276.0889722759914
 20
646.099566661542
 30
0.0
  0
VERTEX
  5
CB1
  8
_LABELS
 10
276.0772472749758
 20
646.0028526216483
 30
0.0
  0
VERTEX
  5
CB2
  8
_LABELS
 10
276.0628361456787
 20
645.9640428778953
 30
0.0
  0
VERTEX
  5
CB3
  8
_LABELS
 10
276.0427259305221
 20
645.931597984938
 30
0.0
  0
VERTEX
  5
CB4
  8
_LABELS
 10
276.0169166295059
 20
645.9055179427767
 30
0.0
  0
VERTEX
  5
CB5
  8
_LABELS
 10
275.9854082426303
 20
645.8858027514109
 30
0.0
  0
VERTEX
  5
CB6
  8
_LABELS
 10
275.9482007698952
 20
645.8724524108413
 30
0.0
  0
SEQEND
  5
E60
  8
_LABELS
  0
POLYLINE
  5
94
  8
_LABELS
 66
     1
 10
0.0
 20
0.0
 30
0.0
 70
     1
  0
VERTEX
  5
CB7
  8
_LABELS
 10
340.7840769937844
 20
632.9497539076968
 30
0.0
  0
VERTEX
  5
CB8
  8
_LABELS
 10
340.7840769937844
 20
648.9517537564969
 30
0.0
  0
VERTEX
  5
CB9
  8
_LABELS
 10
324.7840880286925
 20
648.9517537060968
 30
0.0
  0
VERTEX
  5
CBA
  8
_LABELS
 10
324.7840880286925
 20
632.9497539076968
 30
0.0
  0
SEQEND
  5
E61
  8
_LABELS
  0
POLYLINE
  5
95
  8
_LABELS
 66
     1
 10
0.0
 20
0.0
 30
0.0
  0
VERTEX
  5
CBB
  8
_LABELS
 10
324.644585934116
 20
640.9507538068968
 30
0.0
  0
VERTEX
  5
CBC
  8
_LABELS
 10
340.6445748992079
 20
640.9507538320969
 30
0.0
  0
SEQEND
  5
E62
  8
_LABELS
  0
POLYLINE
  5
96
  8
_LABELS
 66
     1
 10
0.0
 20
0.0
 30
0.0
 70
     1
  0
VERTEX
  5
CBD
  8
_LABELS
 10
325.810930151093
 20
639.9333334909692
 30
0.0
  0
VERTEX
  5
CBE
  8
_LABELS
 10
325.810930151093
 20
639.7911639072987
 30
0.0
  0
VERTEX
  5
CBF
  8
_LABELS
 10
325.810930151093
 20
633.9333334909692
 30
0.0
  0
VERTEX
  5
CC0
  8
_LABELS
 10
339.757234871384
 20
633.9333334909692
 30
0.0
  0
VERTEX
  5
CC1
  8
_LABELS
 10
339.757234871384
 20
639.9333334909692
 30
0.0
  0
SEQEND
  5
E63
  8
_LABELS
  0
POLYLINE
  5
97
  8
_LABELS
 66
     1
 10
0.0
 20
0.0
 30
0.0
 70
     1
  0
VERTEX
  5
CC2
  8
_LABELS
 10
326.3817176743711
 20
639.3351619212455
 30
0.0
  0
VERTEX
  5
CC3
  8
_LABELS
 10
339.1675602618191
 20
639.3351619212455
 30
0.0
  0
VERTEX
  5
CC4
  8
_LABELS
 10
339.1675602618191
 20
634.4333334909692
 30
0.0
  0
VERTEX
  5
CC5
  8
_LABELS
 10
326.3817176743711
 20
634.4333334909692
 30
0.0
  0
SEQEND
  5
E64
  8
_LABELS
  0
POLYLINE
  5
98
  8
_LABELS
 66
     1
 10
0.0
 20
0.0
 30
0.0
 70
     1
  0
VERTEX
  5
CC6
  8
_LABELS
 10
331.1344883913564
 20
637.534165372818
 30
0.0
  0
VERTEX
  5
CC7
  8
_LABELS
 10
331.204908157162
 20
637.3009278746827
 30
0.0
  0
VERTEX
  5
CC8
  8
_LABELS
 10
331.2493808169829
 20
637.0633113086342
 30
0.0
  0
VERTEX
  5
CC9
  8
_LABELS
 10
331.2679063708192
 20
636.8213156746726
 30
0.0
  0
VERTEX
  5
CCA
  8
_LABELS
 10
331.2604848186707
 20
636.5749409727978
 30
0.0
  0
VERTEX
  5
CCB
  8
_LABELS
 10
331.2266629359789
 20
636.331798440097
 30
0.0
  0
VERTEX
  5
CCC
  8
_LABELS
 10
331.165987498185
 20
636.0994993136574
 30
0.0
  0
VERTEX
  5
CCD
  8
_LABELS
 10
331.0784585052891
 20
635.8780435934788
 30
0.0
  0
VERTEX
  5
CCE
  8
_LABELS
 10
330.964075957291
 20
635.6674312795612
 30
0.0
  0
VERTEX
  5
CCF
  8
_LABELS
 10
330.8760370867664
 20
635.54460885095
 30
0.0
  0
VERTEX
  5
CD0
  8
_LABELS
 10
330.7732684180847
 20
635.4313786663388
 30
0.0
  0
VERTEX
  5
CD1
  8
_LABELS
 10
330.6557699512457
 20
635.327740725728
 30
0.0
  0
VERTEX
  5
CD2
  8
_LABELS
 10
330.5235416862494
 20
635.2336950291173
 30
0.0
  0
VERTEX
  5
CD3
  8
_LABELS
 10
330.380322725705
 20
635.1589380840288
 30
0.0
  0
VERTEX
  5
CD4
  8
_LABELS
 10
330.2298521722217
 20
635.1131663979843
 30
0.0
  0
VERTEX
  5
CD5
  8
_LABELS
 10
330.0721300257995
 20
635.096379970984
 30
0.0
  0
VERTEX
  5
CD6
  8
_LABELS
 10
329.9071562864383
 20
635.1085788030277
 30
0.0
  0
VERTEX
  5
CD7
  8
_LABELS
 10
329.7738516131152
 20
635.1361565045283
 30
0.0
  0
VERTEX
  5
CD8
  8
_LABELS
 10
329.6485916757086
 20
635.1746818758118
 30
0.0
  0
VERTEX
  5
CD9
  8
_LABELS
 10
329.5313764742189
 20
635.224154916878
 30
0.0
  0
VERTEX
  5
CDA
  8
_LABELS
 10
329.4222060086457
 20
635.284575627727
 30
0.0
  0
VERTEX
  5
CDB
  8
_LABELS
 10
329.3210802789891
 20
635.355944008359
 30
0.0
  0
VERTEX
  5
CDC
  8
_LABELS
 10
329.2279992852493
 20
635.4382600587737
 30
0.0
  0
VERTEX
  5
CDD
  8
_LABELS
 10
329.142963027426
 20
635.5315237789714
 30
0.0
  0
VERTEX
  5
CDE
  8
_LABELS
 10
329.0659715055195
 20
635.6357351689519
 30
0.0
  0
VERTEX
  5
CDF
  8
_LABELS
 10
328.9968972501225
 20
635.7469713137098
 30
0.0
  0
VERTEX
  5
CE0
  8
_LABELS
 10
328.9356127918278
 20
635.8613092982393
 30
0.0
  0
VERTEX
  5
CE1
  8
_LABELS
 10
328.8821181306356
 20
635.9787491225408
 30
0.0
  0
VERTEX
  5
CE2
  8
_LABELS
 10
328.8364132665457
 20
636.0992907866139
 30
0.0
  0
VERTEX
  5
CE3
  8
_LABELS
 10
328.7984981995583
 20
636.222934290459
 30
0.0
  0
VERTEX
  5
CE4
  8
_LABELS
 10
328.7683729296731
 20
636.3496796340758
 30
0.0
  0
VERTEX
  5
CE5
  8
_LABELS
 10
328.7460374568905
 20
636.4795268174644
 30
0.0
  0
VERTEX
  5
CE6
  8
_LABELS
 10
328.7314917812102
 20
636.6124758406247
 30
0.0
  0
VERTEX
  5
CE7
  8
_LABELS
 10
328.7246367597601
 20
636.7465456966438
 30
0.0
  0
VERTEX
  5
CE8
  8
_LABELS
 10
328.7253732496679
 20
636.8797553786086
 30
0.0
  0
VERTEX
  5
CE9
  8
_LABELS
 10
328.7337012509337
 20
637.012104886519
 30
0.0
  0
VERTEX
  5
CEA
  8
_LABELS
 10
328.7496207635576
 20
637.143594220375
 30
0.0
  0
VERTEX
  5
CEB
  8
_LABELS
 10
328.7731317875393
 20
637.2742233801766
 30
0.0
  0
VERTEX
  5
CEC
  8
_LABELS
 10
328.804234322879
 20
637.4039923659241
 30
0.0
  0
VERTEX
  5
CED
  8
_LABELS
 10
328.8892139276325
 20
637.6609498152555
 30
0.0
  0
VERTEX
  5
CEE
  8
_LABELS
 10
328.9430201807088
 20
637.7842153638343
 30
0.0
  0
VERTEX
  5
CEF
  8
_LABELS
 10
329.0042763124685
 20
637.8987749083476
 30
0.0
  0
VERTEX
  5
CF0
  8
_LABELS
 10
329.0729823229116
 20
638.0046284487954
 30
0.0
  0
VERTEX
  5
CF1
  8
_LABELS
 10
329.1491382120381
 20
638.1017759851779
 30
0.0
  0
VERTEX
  5
CF2
  8
_LABELS
 10
329.232743979848
 20
638.190217517495
 30
0.0
  0
VERTEX
  5
CF3
  8
_LABELS
 10
329.3237996263412
 20
638.2699530457467
 30
0.0
  0
VERTEX
  5
CF4
  8
_LABELS
 10
329.4223051515178
 20
638.3409825699329
 30
0.0
  0
VERTEX
  5
CF5
  8
_LABELS
 10
329.5282605553779
 20
638.4033060900538
 30
0.0
  0
VERTEX
  5
CF6
  8
_LABELS
 10
329.6364679187637
 20
638.4529355264027
 30
0.0
  0
VERTEX
  5
CF7
  8
_LABELS
 10
329.7471680172225
 20
638.4883851237947
 30
0.0
  0
VERTEX
  5
CF8
  8
_LABELS
 10
329.860360850754
 20
638.5096548822299
 30
0.0
  0
VERTEX
  5
CF9
  8
_LABELS
 10
329.9760464193583
 20
638.5167448017083
 30
0.0
  0
VERTEX
  5
CFA
  8
_LABELS
 10
330.0849902726522
 20
638.5119095808875
 30
0.0
  0
VERTEX
  5
CFB
  8
_LABELS
 10
330.1888353496608
 20
638.4974039184253
 30
0.0
  0
VERTEX
  5
CFC
  8
_LABELS
 10
330.2875816503843
 20
638.4732278143215
 30
0.0
  0
VERTEX
  5
CFD
  8
_LABELS
 10
330.3812291748225
 20
638.4393812685763
 30
0.0
  0
VERTEX
  5
CFE
  8
_LABELS
 10
330.4697779229755
 20
638.3958642811896
 30
0.0
  0
VERTEX
  5
CFF
  8
_LABELS
 10
330.5532278948433
 20
638.3426768521613
 30
0.0
  0
VERTEX
  5
D00
  8
_LABELS
 10
330.6315790904259
 20
638.2798189814914
 30
0.0
  0
VERTEX
  5
D01
  8
_LABELS
 10
330.7048315097233
 20
638.2072906691801
 30
0.0
  0
VERTEX
  5
D02
  8
_LABELS
 10
330.8377396115576
 20
638.0491750384592
 30
0.0
  0
VERTEX
  5
D03
  8
_LABELS
 10
330.9536517924412
 20
637.8842822788254
 30
0.0
  0
VERTEX
  5
D04
  8
_LABELS
 10
331.0525680523742
 20
637.7126123902783
 30
0.0
  0
SEQEND
  5
E65
  8
_LABELS
  0
POLYLINE
  5
99
  8
_LABELS
 66
     1
 10
0.0
 20
0.0
 30
0.0
 70
     1
  0
VERTEX
  5
D05
  8
_LABELS
 10
329.9905496052363
 20
638.0429713589158
 30
0.0
  0
VERTEX
  5
D06
  8
_LABELS
 10
329.9096915113135
 20
638.0378103145896
 30
0.0
  0
VERTEX
  5
D07
  8
_LABELS
 10
329.8339038671409
 20
638.022327181611
 30
0.0
  0
VERTEX
  5
D08
  8
_LABELS
 10
329.7631866727186
 20
637.99652195998
 30
0.0
  0
VERTEX
  5
D09
  8
_LABELS
 10
329.6975399280466
 20
637.9603946496966
 30
0.0
  0
VERTEX
  5
D0A
  8
_LABELS
 10
329.6369636331249
 20
637.9139452507609
 30
0.0
  0
VERTEX
  5
D0B
  8
_LABELS
 10
329.5814577879535
 20
637.8571737631728
 30
0.0
  0
VERTEX
  5
D0C
  8
_LABELS
 10
329.5310223925324
 20
637.7900801869322
 30
0.0
  0
VERTEX
  5
D0D
  8
_LABELS
 10
329.4856574468615
 20
637.7126645220392
 30
0.0
  0
VERTEX
  5
D0E
  8
_LABELS
 10
329.4078727819773
 20
637.553558387862
 30
0.0
  0
VERTEX
  5
D0F
  8
_LABELS
 10
329.3458376705073
 20
637.4065468222067
 30
0.0
  0
VERTEX
  5
D10
  8
_LABELS
 10
329.2995521124516
 20
637.2716298250734
 30
0.0
  0
VERTEX
  5
D11
  8
_LABELS
 10
329.2690161078102
 20
637.1488073964621
 30
0.0
  0
VERTEX
  5
D12
  8
_LABELS
 10
329.2454484307586
 20
636.9607160032408
 30
0.0
  0
VERTEX
  5
D13
  8
_LABELS
 10
329.2436355325239
 20
636.7367579585404
 30
0.0
  0
VERTEX
  5
D14
  8
_LABELS
 10
329.2672032095755
 20
636.4963262774049
 30
0.0
  0
VERTEX
  5
D15
  8
_LABELS
 10
329.3197772583829
 20
636.2588139748781
 30
0.0
  0
VERTEX
  5
D16
  8
_LABELS
 10
329.3575082028934
 20
636.1437070468756
 30
0.0
  0
VERTEX
  5
D17
  8
_LABELS
 10
329.4036238017396
 20
636.0344388760907
 30
0.0
  0
VERTEX
  5
D18
  8
_LABELS
 10
329.4581240549214
 20
635.9310094625233
 30
0.0
  0
VERTEX
  5
D19
  8
_LABELS
 10
329.5210089624389
 20
635.8334188061734
 30
0.0
  0
VERTEX
  5
D1A
  8
_LABELS
 10
329.5932982795491
 20
635.7467236878456
 30
0.0
  0
VERTEX
  5
D1B
  8
_LABELS
 10
329.6760117615091
 20
635.675980888344
 30
0.0
  0
VERTEX
  5
D1C
  8
_LABELS
 10
329.7691494083188
 20
635.621190407669
 30
0.0
  0
VERTEX
  5
D1D
  8
_LABELS
 10
329.8727112199782
 20
635.5823522458203
 30
0.0
  0
VERTEX
  5
D1E
  8
_LABELS
 10
329.9952518100326
 20
635.5606133015374
 30
0.0
  0
VERTEX
  5
D1F
  8
_LABELS
 10
330.0532503902768
 20
635.5609651909233
 30
0.0
  0
VERTEX
  5
D20
  8
_LABELS
 10
330.1090678273323
 20
635.568797987994
 30
0.0
  0
VERTEX
  5
D21
  8
_LABELS
 10
330.1627041211991
 20
635.5841116927497
 30
0.0
  0
VERTEX
  5
D22
  8
_LABELS
 10
330.2141592718773
 20
635.6069063051905
 30
0.0
  0
VERTEX
  5
D23
  8
_LABELS
 10
330.3105261436676
 20
635.6749382531266
 30
0.0
  0
VERTEX
  5
D24
  8
_LABELS
 10
330.3969220751669
 20
635.7592353104546
 30
0.0
  0
VERTEX
  5
D25
  8
_LABELS
 10
330.4721006988387
 20
635.8461389558258
 30
0.0
  0
VERTEX
  5
D26
  8
_LABELS
 10
330.5360620146831
 20
635.9356491892408
 30
0.0
  0
VERTEX
  5
D27
  8
_LABELS
 10
330.5888060227001
 20
636.0277660106993
 30
0.0
  0
VERTEX
  5
D28
  8
_LABELS
 10
330.6330520702417
 20
636.1311954242667
 30
0.0
  0
VERTEX
  5
D29
  8
_LABELS
 10
330.6697066064253
 20
636.2496387849649
 30
0.0
  0
VERTEX
  5
D2A
  8
_LABELS
 10
330.698769631251
 20
636.3830960927937
 30
0.0
  0
VERTEX
  5
D2B
  8
_LABELS
 10
330.7202411447186
 20
636.5315673477534
 30
0.0
  0
VERTEX
  5
D2C
  8
_LABELS
 10
330.7324782078031
 20
636.6874934445175
 30
0.0
  0
VERTEX
  5
D2D
  8
_LABELS
 10
330.7338378814792
 20
636.84331527776
 30
0.0
  0
VERTEX
  5
D2E
  8
_LABELS
 10
330.7243201657468
 20
636.9990328474806
 30
0.0
  0
VERTEX
  5
D2F
  8
_LABELS
 10
330.703925060606
 20
637.1546461536797
 30
0.0
  0
VERTEX
  5
D30
  8
_LABELS
 10
330.6719160761488
 20
637.3063495778133
 30
0.0
  0
VERTEX
  5
D31
  8
_LABELS
 10
330.6275567224676
 20
637.450337501338
 30
0.0
  0
VERTEX
  5
D32
  8
_LABELS
 10
330.5708469995621
 20
637.5866099242539
 30
0.0
  0
VERTEX
  5
D33
  8
_LABELS
 10
330.5017869074326
 20
637.715166846561
 30
0.0
  0
VERTEX
  5
D34
  8
_LABELS
 10
330.4186202009139
 20
637.8285534264546
 30
0.0
  0
VERTEX
  5
D35
  8
_LABELS
 10
330.3195906348413
 20
637.9193148221306
 30
0.0
  0
VERTEX
  5
D36
  8
_LABELS
 10
330.2046982092147
 20
637.9874510335885
 30
0.0
  0
VERTEX
  5
D37
  8
_LABELS
 10
330.0739429240342
 20
638.0329620608286
 30
0.0
  0
SEQEND
  5
E66
  8
_LABELS
  0
POLYLINE
  5
9A
  8
_LABELS
 66
     1
 10
0.0
 20
0.0
 30
0.0
 70
     1
  0
VERTEX
  5
D38
  8
_LABELS
 10
331.7472479946981
 20
635.3371244426847
 30
0.0
  0
VERTEX
  5
D39
  8
_LABELS
 10
331.7472479946981
 20
638.2798580803121
 30
0.0
  0
VERTEX
  5
D3A
  8
_LABELS
 10
331.7584086494556
 20
638.3317291823785
 30
0.0
  0
VERTEX
  5
D3B
  8
_LABELS
 10
331.7755745296158
 20
638.3772402096185
 30
0.0
  0
VERTEX
  5
D3C
  8
_LABELS
 10
331.7987456351785
 20
638.4163911620324
 30
0.0
  0
VERTEX
  5
D3D
  8
_LABELS
 10
331.8279219661439
 20
638.44918203962
 30
0.0
  0
VERTEX
  5
D3E
  8
_LABELS
 10
331.8631035225118
 20
638.4756128423815
 30
0.0
  0
VERTEX
  5
D3F
  8
_LABELS
 10
331.9042903042823
 20
638.4956835703167
 30
0.0
  0
VERTEX
  5
D40
  8
_LABELS
 10
332.004679544031
 20
638.5167448017083
 30
0.0
  0
VERTEX
  5
D41
  8
_LABELS
 10
333.759565035258
 20
638.5167448017083
 30
0.0
  0
VERTEX
  5
D42
  8
_LABELS
 10
333.8186258605616
 20
638.5090423340396
 30
0.0
  0
VERTEX
  5
D43
  8
_LABELS
 10
333.8698119091581
 20
638.495110120947
 30
0.0
  0
VERTEX
  5
D44
  8
_LABELS
 10
333.9131231810474
 20
638.4749481624302
 30
0.0
  0
VERTEX
  5
D45
  8
_LABELS
 10
333.9485596762296
 20
638.4485564584895
 30
0.0
  0
VERTEX
  5
D46
  8
_LABELS
 10
333.9761213947046
 20
638.4159350091247
 30
0.0
  0
VERTEX
  5
D47
  8
_LABELS
 10
333.9958083364725
 20
638.3770838143358
 30
0.0
  0
VERTEX
  5
D48
  8
_LABELS
 10
334.0076205015332
 20
638.332002874123
 30
0.0
  0
VERTEX
  5
D49
  8
_LABELS
 10
334.0115578898868
 20
638.280692188486
 30
0.0
  0
VERTEX
  5
D4A
  8
_LABELS
 10
334.0075638484633
 20
638.2294336346099
 30
0.0
  0
VERTEX
  5
D4B
  8
_LABELS
 10
333.9955817241931
 20
638.1845090896795
 30
0.0
  0
VERTEX
  5
D4C
  8
_LABELS
 10
333.9756115170761
 20
638.1459185536951
 30
0.0
  0
VERTEX
  5
D4D
  8
_LABELS
 10
333.9476532271123
 20
638.1136620266564
 30
0.0
  0
VERTEX
  5
D4E
  8
_LABELS
 10
333.9117068543015
 20
638.0877395085635
 30
0.0
  0
VERTEX
  5
D4F
  8
_LABELS
 10
333.8677723986441
 20
638.0681509994163
 30
0.0
  0
VERTEX
  5
D50
  8
_LABELS
 10
333.8158498601398
 20
638.0548964992149
 30
0.0
  0
VERTEX
  5
D51
  8
_LABELS
 10
333.7559392387886
 20
638.0479760079594
 30
0.0
  0
VERTEX
  5
D52
  8
_LABELS
 10
332.2566723986596
 20
638.0479760079594
 30
0.0
  0
VERTEX
  5
D53
  8
_LABELS
 10
332.2566723986596
 20
637.1354616656793
 30
0.0
  0
VERTEX
  5
D54
  8
_LABELS
 10
333.4259917600662
 20
637.1354616656793
 30
0.0
  0
VERTEX
  5
D55
  8
_LABELS
 10
333.5356721032679
 20
637.1151302789397
 30
0.0
  0
VERTEX
  5
D56
  8
_LABELS
 10
333.5789550486222
 20
637.0959718568197
 30
0.0
  0
VERTEX
  5
D57
  8
_LABELS
 10
333.614533176479
 20
637.0708182821995
 30
0.0
  0
VERTEX
  5
D58
  8
_LABELS
 10
333.642406486838
 20
637.0396695550794
 30
0.0
  0
VERTEX
  5
D59
  8
_LABELS
 10
333.6625749796996
 20
637.002525675459
 30
0.0
  0
VERTEX
  5
D5A
  8
_LABELS
 10
333.6750386550633
 20
636.9593866433386
 30
0.0
  0
VERTEX
  5
D5B
  8
_LABELS
 10
333.6797975129296
 20
636.9102524587179
 30
0.0
  0
VERTEX
  5
D5C
  8
_LABELS
 10
333.6766249410188
 20
636.8608315494125
 30
0.0
  0
VERTEX
  5
D5D
  8
_LABELS
 10
333.6652943270516
 20
636.8168323432378
 30
0.0
  0
VERTEX
  5
D5E
  8
_LABELS
 10
333.6458056710282
 20
636.7782548401935
 30
0.0
  0
VERTEX
  5
D5F
  8
_LABELS
 10
333.6181589729484
 20
636.7450990402797
 30
0.0
  0
VERTEX
  5
D60
  8
_LABELS
 10
333.5823542328123
 20
636.7173649434965
 30
0.0
  0
VERTEX
  5
D61
  8
_LABELS
 10
333.5383914506199
 20
636.6950525498439
 30
0.0
  0
VERTEX
  5
D62
  8
_LABELS
 10
333.4259917600662
 20
636.6666928719302
 30
0.0
  0
VERTEX
  5
D63
  8
_LABELS
 10
332.2566723986596
 20
636.6666928719302
 30
0.0
  0
VERTEX
  5
D64
  8
_LABELS
 10
332.2566723986596
 20
635.3371244426847
 30
0.0
  0
VERTEX
  5
D65
  8
_LABELS
 10
332.2488684382898
 20
635.2831159384227
 30
0.0
  0
VERTEX
  5
D66
  8
_LABELS
 10
332.2345210483539
 20
635.2361973536391
 30
0.0
  0
VERTEX
  5
D67
  8
_LABELS
 10
332.2136302288521
 20
635.196368688334
 30
0.0
  0
VERTEX
  5
D68
  8
_LABELS
 10
332.1861959797842
 20
635.1636299425071
 30
0.0
  0
VERTEX
  5
D69
  8
_LABELS
 10
332.1522183011504
 20
635.1379811161587
 30
0.0
  0
VERTEX
  5
D6A
  8
_LABELS
 10
332.1116971929504
 20
635.1194222092888
 30
0.0
  0
VERTEX
  5
D6B
  8
_LABELS
 10
332.0646326551845
 20
635.1079532218973
 30
0.0
  0
VERTEX
  5
D6C
  8
_LABELS
 10
332.0110246878526
 20
635.1035741539841
 30
0.0
  0
VERTEX
  5
D6D
  8
_LABELS
 10
331.9571334551714
 20
635.1064935325928
 30
0.0
  0
VERTEX
  5
D6E
  8
_LABELS
 10
331.909219121358
 20
635.116919884767
 30
0.0
  0
VERTEX
  5
D6F
  8
_LABELS
 10
331.8672816864122
 20
635.1348532105064
 30
0.0
  0
VERTEX
  5
D70
  8
_LABELS
 10
331.8313211503341
 20
635.1602935098114
 30
0.0
  0
VERTEX
  5
D71
  8
_LABELS
 10
331.8013375131236
 20
635.1932407826816
 30
0.0
  0
VERTEX
  5
D72
  8
_LABELS
 10
331.7773307747808
 20
635.2336950291174
 30
0.0
  0
VERTEX
  5
D73
  8
_LABELS
 10
331.7593009353056
 20
635.2816562491183
 30
0.0
  0
SEQEND
  5
E67
  8
_LABELS
  0
POLYLINE
  5
9B
  8
_LABELS
 66
     1
 10
0.0
 20
0.0
 30
0.0
 70
     1
  0
VERTEX
  5
D74
  8
_LABELS
 10
334.5191693956136
 20
635.3371244426847
 30
0.0
  0
VERTEX
  5
D75
  8
_LABELS
 10
334.5191693956136
 20
638.2798580803121
 30
0.0
  0
VERTEX
  5
D76
  8
_LABELS
 10
334.5303300503712
 20
638.3317291823785
 30
0.0
  0
VERTEX
  5
D77
  8
_LABELS
 10
334.5474959305313
 20
638.3772402096185
 30
0.0
  0
VERTEX
  5
D78
  8
_LABELS
 10
334.5706670360941
 20
638.4163911620324
 30
0.0
  0
VERTEX
  5
D79
  8
_LABELS
 10
334.5998433670594
 20
638.44918203962
 30
0.0
  0
VERTEX
  5
D7A
  8
_LABELS
 10
334.6350249234273
 20
638.4756128423815
 30
0.0
  0
VERTEX
  5
D7B
  8
_LABELS
 10
334.6762117051978
 20
638.4956835703167
 30
0.0
  0
VERTEX
  5
D7C
  8
_LABELS
 10
334.7766009449465
 20
638.5167448017083
 30
0.0
  0
VERTEX
  5
D7D
  8
_LABELS
 10
336.5314864361736
 20
638.5167448017083
 30
0.0
  0
VERTEX
  5
D7E
  8
_LABELS
 10
336.5905472614771
 20
638.5090423340396
 30
0.0
  0
VERTEX
  5
D7F
  8
_LABELS
 10
336.6417333100736
 20
638.495110120947
 30
0.0
  0
VERTEX
  5
D80
  8
_LABELS
 10
336.6850445819629
 20
638.4749481624302
 30
0.0
  0
VERTEX
  5
D81
  8
_LABELS
 10
336.7204810771451
 20
638.4485564584895
 30
0.0
  0
VERTEX
  5
D82
  8
_LABELS
 10
336.7480427956201
 20
638.4159350091247
 30
0.0
  0
VERTEX
  5
D83
  8
_LABELS
 10
336.767729737388
 20
638.3770838143358
 30
0.0
  0
VERTEX
  5
D84
  8
_LABELS
 10
336.7795419024487
 20
638.332002874123
 30
0.0
  0
VERTEX
  5
D85
  8
_LABELS
 10
336.7834792908023
 20
638.280692188486
 30
0.0
  0
VERTEX
  5
D86
  8
_LABELS
 10
336.7794852493789
 20
638.2294336346099
 30
0.0
  0
VERTEX
  5
D87
  8
_LABELS
 10
336.7675031251086
 20
638.1845090896795
 30
0.0
  0
VERTEX
  5
D88
  8
_LABELS
 10
336.7475329179916
 20
638.1459185536951
 30
0.0
  0
VERTEX
  5
D89
  8
_LABELS
 10
336.7195746280278
 20
638.1136620266564
 30
0.0
  0
VERTEX
  5
D8A
  8
_LABELS
 10
336.6836282552171
 20
638.0877395085635
 30
0.0
  0
VERTEX
  5
D8B
  8
_LABELS
 10
336.6396937995596
 20
638.0681509994163
 30
0.0
  0
VERTEX
  5
D8C
  8
_LABELS
 10
336.5877712610553
 20
638.0548964992149
 30
0.0
  0
VERTEX
  5
D8D
  8
_LABELS
 10
336.5278606397041
 20
638.0479760079594
 30
0.0
  0
VERTEX
  5
D8E
  8
_LABELS
 10
335.0285937995752
 20
638.0479760079594
 30
0.0
  0
VERTEX
  5
D8F
  8
_LABELS
 10
335.0285937995752
 20
637.1354616656793
 30
0.0
  0
VERTEX
  5
D90
  8
_LABELS
 10
336.1979131609817
 20
637.1354616656793
 30
0.0
  0
VERTEX
  5
D91
  8
_LABELS
 10
336.3075935041834
 20
637.1151302789397
 30
0.0
  0
VERTEX
  5
D92
  8
_LABELS
 10
336.3508764495377
 20
637.0959718568197
 30
0.0
  0
VERTEX
  5
D93
  8
_LABELS
 10
336.3864545773945
 20
637.0708182821995
 30
0.0
  0
VERTEX
  5
D94
  8
_LABELS
 10
336.4143278877535
 20
637.0396695550794
 30
0.0
  0
VERTEX
  5
D95
  8
_LABELS
 10
336.4344963806151
 20
637.002525675459
 30
0.0
  0
VERTEX
  5
D96
  8
_LABELS
 10
336.4469600559788
 20
636.9593866433386
 30
0.0
  0
VERTEX
  5
D97
  8
_LABELS
 10
336.4517189138451
 20
636.9102524587179
 30
0.0
  0
VERTEX
  5
D98
  8
_LABELS
 10
336.4485463419343
 20
636.8608315494125
 30
0.0
  0
VERTEX
  5
D99
  8
_LABELS
 10
336.4372157279671
 20
636.8168323432378
 30
0.0
  0
VERTEX
  5
D9A
  8
_LABELS
 10
336.4177270719437
 20
636.7782548401935
 30
0.0
  0
VERTEX
  5
D9B
  8
_LABELS
 10
336.390080373864
 20
636.7450990402797
 30
0.0
  0
VERTEX
  5
D9C
  8
_LABELS
 10
336.3542756337279
 20
636.7173649434965
 30
0.0
  0
VERTEX
  5
D9D
  8
_LABELS
 10
336.3103128515355
 20
636.6950525498439
 30
0.0
  0
VERTEX
  5
D9E
  8
_LABELS
 10
336.1979131609817
 20
636.6666928719302
 30
0.0
  0
VERTEX
  5
D9F
  8
_LABELS
 10
335.0285937995752
 20
636.6666928719302
 30
0.0
  0
VERTEX
  5
DA0
  8
_LABELS
 10
335.0285937995752
 20
635.3371244426847
 30
0.0
  0
VERTEX
  5
DA1
  8
_LABELS
 10
335.0207898392053
 20
635.2831159384227
 30
0.0
  0
VERTEX
  5
DA2
  8
_LABELS
 10
335.0064424492695
 20
635.2361973536391
 30
0.0
  0
VERTEX
  5
DA3
  8
_LABELS
 10
334.9855516297676
 20
635.196368688334
 30
0.0
  0
VERTEX
  5
DA4
  8
_LABELS
 10
334.9581173806997
 20
635.1636299425071
 30
0.0
  0
VERTEX
  5
DA5
  8
_LABELS
 10
334.9241397020659
 20
635.1379811161587
 30
0.0
  0
VERTEX
  5
DA6
  8
_LABELS
 10
334.8836185938659
 20
635.1194222092888
 30
0.0
  0
VERTEX
  5
DA7
  8
_LABELS
 10
334.8365540561
 20
635.1079532218973
 30
0.0
  0
VERTEX
  5
DA8
  8
_LABELS
 10
334.7829460887681
 20
635.1035741539841
 30
0.0
  0
VERTEX
  5
DA9
  8
_LABELS
 10
334.7290548560869
 20
635.1064935325928
 30
0.0
  0
VERTEX
  5
DAA
  8
_LABELS
 10
334.6811405222735
 20
635.116919884767
 30
0.0
  0
VERTEX
  5
DAB
  8
_LABELS
 10
334.6392030873277
 20
635.1348532105064
 30
0.0
  0
VERTEX
  5
DAC
  8
_LABELS
 10
334.6032425512496
 20
635.1602935098114
 30
0.0
  0
VERTEX
  5
DAD
  8
_LABELS
 10
334.5732589140391
 20
635.1932407826816
 30
0.0
  0
VERTEX
  5
DAE
  8
_LABELS
 10
334.5492521756963
 20
635.2336950291174
 30
0.0
  0
VERTEX
  5
DAF
  8
_LABELS
 10
334.5312223362211
 20
635.2816562491183
 30
0.0
  0
SEQEND
  5
E68
  8
_LABELS
  0
POLYLINE
  5
9C
  8
_LABELS
 66
     1
 10
0.0
 20
0.0
 30
0.0
 70
     1
  0
VERTEX
  5
DB0
  8
_LABELS
 10
336.4012633498517
 20
646.6472126184866
 30
0.0
  0
VERTEX
  5
DB1
  8
_LABELS
 10
336.2385359032768
 20
646.6389941434431
 30
0.0
  0
VERTEX
  5
DB2
  8
_LABELS
 10
336.0804990626562
 20
646.6148723677692
 30
0.0
  0
VERTEX
  5
DB3
  8
_LABELS
 10
335.9279542201643
 20
646.5756477656493
 30
0.0
  0
VERTEX
  5
DB4
  8
_LABELS
 10
335.781702767976
 20
646.5221208112678
 30
0.0
  0
VERTEX
  5
DB5
  8
_LABELS
 10
335.6425460982657
 20
646.4550919788094
 30
0.0
  0
VERTEX
  5
DB6
  8
_LABELS
 10
335.5112856032082
 20
646.3753617424584
 30
0.0
  0
VERTEX
  5
DB7
  8
_LABELS
 10
335.3887226749781
 20
646.2837305763995
 30
0.0
  0
VERTEX
  5
DB8
  8
_LABELS
 10
335.2756587057501
 20
646.1809989548171
 30
0.0
  0
VERTEX
  5
DB9
  8
_LABELS
 10
335.1728950876987
 20
646.0679673518958
 30
0.0
  0
VERTEX
  5
DBA
  8
_LABELS
 10
335.0812332129987
 20
645.9454362418201
 30
0.0
  0
VERTEX
  5
DBB
  8
_LABELS
 10
335.0014744738247
 20
645.8142060987743
 30
0.0
  0
VERTEX
  5
DBC
  8
_LABELS
 10
334.9344202623512
 20
645.6750773969434
 30
0.0
  0
VERTEX
  5
DBD
  8
_LABELS
 10
334.8808719707531
 20
645.5288506105114
 30
0.0
  0
VERTEX
  5
DBE
  8
_LABELS
 10
334.8416309912049
 20
645.3763262136631
 30
0.0
  0
VERTEX
  5
DBF
  8
_LABELS
 10
334.8174987158812
 20
645.2183046805831
 30
0.0
  0
VERTEX
  5
DC0
  8
_LABELS
 10
334.8092765369567
 20
645.0555864854556
 30
0.0
  0
VERTEX
  5
DC1
  8
_LABELS
 10
334.8174987158812
 20
644.892863528667
 30
0.0
  0
VERTEX
  5
DC2
  8
_LABELS
 10
334.8416309912049
 20
644.734837828308
 30
0.0
  0
VERTEX
  5
DC3
  8
_LABELS
 10
334.8808719707531
 20
644.5823098189373
 30
0.0
  0
VERTEX
  5
DC4
  8
_LABELS
 10
334.9344202623512
 20
644.4360799351143
 30
0.0
  0
VERTEX
  5
DC5
  8
_LABELS
 10
335.0014744738247
 20
644.2969486113979
 30
0.0
  0
VERTEX
  5
DC6
  8
_LABELS
 10
335.0812332129987
 20
644.1657162823469
 30
0.0
  0
VERTEX
  5
DC7
  8
_LABELS
 10
335.1728950876987
 20
644.0431833825207
 30
0.0
  0
VERTEX
  5
DC8
  8
_LABELS
 10
335.2756587057501
 20
643.9301503464781
 30
0.0
  0
VERTEX
  5
DC9
  8
_LABELS
 10
335.3887226749781
 20
643.8274176087782
 30
0.0
  0
VERTEX
  5
DCA
  8
_LABELS
 10
335.5112856032082
 20
643.73578560398
 30
0.0
  0
VERTEX
  5
DCB
  8
_LABELS
 10
335.6425460982657
 20
643.6560547666429
 30
0.0
  0
VERTEX
  5
DCC
  8
_LABELS
 10
335.781702767976
 20
643.5890255313254
 30
0.0
  0
VERTEX
  5
DCD
  8
_LABELS
 10
335.9279542201643
 20
643.5354983325868
 30
0.0
  0
VERTEX
  5
DCE
  8
_LABELS
 10
336.0804990626562
 20
643.4962736049862
 30
0.0
  0
VERTEX
  5
DCF
  8
_LABELS
 10
336.2385359032768
 20
643.4721517830826
 30
0.0
  0
VERTEX
  5
DD0
  8
_LABELS
 10
336.4012633498517
 20
643.4639333014348
 30
0.0
  0
VERTEX
  5
DD1
  8
_LABELS
 10
336.5639860534777
 20
643.4721517830826
 30
0.0
  0
VERTEX
  5
DD2
  8
_LABELS
 10
336.7220110383769
 20
643.4962736049862
 30
0.0
  0
VERTEX
  5
DD3
  8
_LABELS
 10
336.8745379360329
 20
643.5354983325868
 30
0.0
  0
VERTEX
  5
DD4
  8
_LABELS
 10
337.020766377929
 20
643.5890255313254
 30
0.0
  0
VERTEX
  5
DD5
  8
_LABELS
 10
337.1598959955489
 20
643.6560547666429
 30
0.0
  0
VERTEX
  5
DD6
  8
_LABELS
 10
337.2911264203757
 20
643.73578560398
 30
0.0
  0
VERTEX
  5
DD7
  8
_LABELS
 10
337.413657283893
 20
643.8274176087782
 30
0.0
  0
VERTEX
  5
DD8
  8
_LABELS
 10
337.5266882175841
 20
643.9301503464781
 30
0.0
  0
VERTEX
  5
DD9
  8
_LABELS
 10
337.6294188529325
 20
644.0431833825207
 30
0.0
  0
VERTEX
  5
DDA
  8
_LABELS
 10
337.7210488214216
 20
644.1657162823469
 30
0.0
  0
VERTEX
  5
DDB
  8
_LABELS
 10
337.8007777545349
 20
644.2969486113979
 30
0.0
  0
VERTEX
  5
DDC
  8
_LABELS
 10
337.8678052837556
 20
644.4360799351143
 30
0.0
  0
VERTEX
  5
DDD
  8
_LABELS
 10
337.9213310405673
 20
644.5823098189373
 30
0.0
  0
VERTEX
  5
DDE
  8
_LABELS
 10
337.9605546564533
 20
644.734837828308
 30
0.0
  0
VERTEX
  5
DDF
  8
_LABELS
 10
337.984675762897
 20
644.892863528667
 30
0.0
  0
VERTEX
  5
DE0
  8
_LABELS
 10
337.992893991382
 20
645.0555864854556
 30
0.0
  0
VERTEX
  5
DE1
  8
_LABELS
 10
337.984675762897
 20
645.2183046805831
 30
0.0
  0
VERTEX
  5
DE2
  8
_LABELS
 10
337.9605546564533
 20
645.3763262136631
 30
0.0
  0
VERTEX
  5
DE3
  8
_LABELS
 10
337.9213310405673
 20
645.5288506105114
 30
0.0
  0
VERTEX
  5
DE4
  8
_LABELS
 10
337.8678052837556
 20
645.6750773969434
 30
0.0
  0
VERTEX
  5
DE5
  8
_LABELS
 10
337.8007777545349
 20
645.8142060987743
 30
0.0
  0
VERTEX
  5
DE6
  8
_LABELS
 10
337.7210488214216
 20
645.9454362418201
 30
0.0
  0
VERTEX
  5
DE7
  8
_LABELS
 10
337.6294188529325
 20
646.0679673518958
 30
0.0
  0
VERTEX
  5
DE8
  8
_LABELS
 10
337.5266882175841
 20
646.1809989548171
 30
0.0
  0
VERTEX
  5
DE9
  8
_LABELS
 10
337.413657283893
 20
646.2837305763995
 30
0.0
  0
VERTEX
  5
DEA
  8
_LABELS
 10
337.2911264203757
 20
646.3753617424584
 30
0.0
  0
VERTEX
  5
DEB
  8
_LABELS
 10
337.1598959955489
 20
646.4550919788094
 30
0.0
  0
VERTEX
  5
DEC
  8
_LABELS
 10
337.020766377929
 20
646.5221208112678
 30
0.0
  0
VERTEX
  5
DED
  8
_LABELS
 10
336.8745379360329
 20
646.5756477656493
 30
0.0
  0
VERTEX
  5
DEE
  8
_LABELS
 10
336.7220110383769
 20
646.6148723677692
 30
0.0
  0
VERTEX
  5
DEF
  8
_LABELS
 10
336.5639860534777
 20
646.6389941434431
 30
0.0
  0
SEQEND
  5
E69
  8
_LABELS
  0
POLYLINE
  5
9D
  8
_LABELS
 66
     1
 10
0.0
 20
0.0
 30
0.0
 70
     1
  0
VERTEX
  5
DF0
  8
_LABELS
 10
329.2982306917818
 20
646.6505386204202
 30
0.0
  0
VERTEX
  5
DF1
  8
_LABELS
 10
329.135503245207
 20
646.6423201453767
 30
0.0
  0
VERTEX
  5
DF2
  8
_LABELS
 10
328.9774664045863
 20
646.6181983697028
 30
0.0
  0
VERTEX
  5
DF3
  8
_LABELS
 10
328.8249215620945
 20
646.5789737675829
 30
0.0
  0
VERTEX
  5
DF4
  8
_LABELS
 10
328.6786701099061
 20
646.5254468132014
 30
0.0
  0
VERTEX
  5
DF5
  8
_LABELS
 10
328.5395134401958
 20
646.458417980743
 30
0.0
  0
VERTEX
  5
DF6
  8
_LABELS
 10
328.4082529451383
 20
646.378687744392
 30
0.0
  0
VERTEX
  5
DF7
  8
_LABELS
 10
328.2856900169082
 20
646.2870565783331
 30
0.0
  0
VERTEX
  5
DF8
  8
_LABELS
 10
328.1726260476802
 20
646.1843249567507
 30
0.0
  0
VERTEX
  5
DF9
  8
_LABELS
 10
328.0698624296288
 20
646.0712933538294
 30
0.0
  0
VERTEX
  5
DFA
  8
_LABELS
 10
327.9782005549288
 20
645.9487622437537
 30
0.0
  0
VERTEX
  5
DFB
  8
_LABELS
 10
327.8984418157548
 20
645.8175321007079
 30
0.0
  0
VERTEX
  5
DFC
  8
_LABELS
 10
327.8313876042813
 20
645.678403398877
 30
0.0
  0
VERTEX
  5
DFD
  8
_LABELS
 10
327.7778393126832
 20
645.5321766124451
 30
0.0
  0
VERTEX
  5
DFE
  8
_LABELS
 10
327.738598333135
 20
645.3796522155969
 30
0.0
  0
VERTEX
  5
DFF
  8
_LABELS
 10
327.7144660578113
 20
645.2216306825169
 30
0.0
  0
VERTEX
  5
E00
  8
_LABELS
 10
327.7062438788868
 20
645.0589124873894
 30
0.0
  0
VERTEX
  5
E01
  8
_LABELS
 10
327.7144660578113
 20
644.8961895306009
 30
0.0
  0
VERTEX
  5
E02
  8
_LABELS
 10
327.738598333135
 20
644.7381638302418
 30
0.0
  0
VERTEX
  5
E03
  8
_LABELS
 10
327.7778393126832
 20
644.5856358208712
 30
0.0
  0
VERTEX
  5
E04
  8
_LABELS
 10
327.8313876042813
 20
644.4394059370482
 30
0.0
  0
VERTEX
  5
E05
  8
_LABELS
 10
327.8984418157548
 20
644.3002746133317
 30
0.0
  0
VERTEX
  5
E06
  8
_LABELS
 10
327.9782005549288
 20
644.1690422842807
 30
0.0
  0
VERTEX
  5
E07
  8
_LABELS
 10
328.0698624296288
 20
644.0465093844546
 30
0.0
  0
VERTEX
  5
E08
  8
_LABELS
 10
328.1726260476802
 20
643.9334763484119
 30
0.0
  0
VERTEX
  5
E09
  8
_LABELS
 10
328.2856900169082
 20
643.830743610712
 30
0.0
  0
VERTEX
  5
E0A
  8
_LABELS
 10
328.4082529451383
 20
643.7391116059139
 30
0.0
  0
VERTEX
  5
E0B
  8
_LABELS
 10
328.5395134401958
 20
643.6593807685767
 30
0.0
  0
VERTEX
  5
E0C
  8
_LABELS
 10
328.6786701099061
 20
643.5923515332593
 30
0.0
  0
VERTEX
  5
E0D
  8
_LABELS
 10
328.8249215620945
 20
643.5388243345207
 30
0.0
  0
VERTEX
  5
E0E
  8
_LABELS
 10
328.9774664045863
 20
643.49959960692
 30
0.0
  0
VERTEX
  5
E0F
  8
_LABELS
 10
329.135503245207
 20
643.4754777850164
 30
0.0
  0
VERTEX
  5
E10
  8
_LABELS
 10
329.2982306917818
 20
643.4672593033687
 30
0.0
  0
VERTEX
  5
E11
  8
_LABELS
 10
329.4609533954078
 20
643.4754777850164
 30
0.0
  0
VERTEX
  5
E12
  8
_LABELS
 10
329.618978380307
 20
643.49959960692
 30
0.0
  0
VERTEX
  5
E13
  8
_LABELS
 10
329.771505277963
 20
643.5388243345207
 30
0.0
  0
VERTEX
  5
E14
  8
_LABELS
 10
329.9177337198591
 20
643.5923515332593
 30
0.0
  0
VERTEX
  5
E15
  8
_LABELS
 10
330.056863337479
 20
643.6593807685767
 30
0.0
  0
VERTEX
  5
E16
  8
_LABELS
 10
330.1880937623058
 20
643.7391116059139
 30
0.0
  0
VERTEX
  5
E17
  8
_LABELS
 10
330.3106246258232
 20
643.830743610712
 30
0.0
  0
VERTEX
  5
E18
  8
_LABELS
 10
330.4236555595143
 20
643.9334763484119
 30
0.0
  0
VERTEX
  5
E19
  8
_LABELS
 10
330.5263861948627
 20
644.0465093844546
 30
0.0
  0
VERTEX
  5
E1A
  8
_LABELS
 10
330.6180161633517
 20
644.1690422842807
 30
0.0
  0
VERTEX
  5
E1B
  8
_LABELS
 10
330.697745096465
 20
644.3002746133317
 30
0.0
  0
VERTEX
  5
E1C
  8
_LABELS
 10
330.7647726256857
 20
644.4394059370482
 30
0.0
  0
VERTEX
  5
E1D
  8
_LABELS
 10
330.8182983824975
 20
644.5856358208712
 30
0.0
  0
VERTEX
  5
E1E
  8
_LABELS
 10
330.8575219983834
 20
644.7381638302418
 30
0.0
  0
VERTEX
  5
E1F
  8
_LABELS
 10
330.8816431048272
 20
644.8961895306009
 30
0.0
  0
VERTEX
  5
E20
  8
_LABELS
 10
330.8898613333121
 20
645.0589124873894
 30
0.0
  0
VERTEX
  5
E21
  8
_LABELS
 10
330.8816431048272
 20
645.2216306825169
 30
0.0
  0
VERTEX
  5
E22
  8
_LABELS
 10
330.8575219983834
 20
645.3796522155969
 30
0.0
  0
VERTEX
  5
E23
  8
_LABELS
 10
330.8182983824975
 20
645.5321766124451
 30
0.0
  0
VERTEX
  5
E24
  8
_LABELS
 10
330.7647726256857
 20
645.678403398877
 30
0.0
  0
VERTEX
  5
E25
  8
_LABELS
 10
330.697745096465
 20
645.8175321007079
 30
0.0
  0
VERTEX
  5
E26
  8
_LABELS
 10
330.6180161633517
 20
645.9487622437537
 30
0.0
  0
VERTEX
  5
E27
  8
_LABELS
 10
330.5263861948627
 20
646.0712933538294
 30
0.0
  0
VERTEX
  5
E28
  8
_LABELS
 10
330.4236555595143
 20
646.1843249567507
 30
0.0
  0
VERTEX
  5
E29
  8
_LABELS
 10
330.3106246258232
 20
646.2870565783331
 30
0.0
  0
VERTEX
  5
E2A
  8
_LABELS
 10
330.1880937623058
 20
646.378687744392
 30
0.0
  0
VERTEX
  5
E2B
  8
_LABELS
 10
330.056863337479
 20
646.458417980743
 30
0.0
  0
VERTEX
  5
E2C
  8
_LABELS
 10
329.9177337198591
 20
646.5254468132014
 30
0.0
  0
VERTEX
  5
E2D
  8
_LABELS
 10
329.771505277963
 20
646.5789737675829
 30
0.0
  0
VERTEX
  5
E2E
  8
_LABELS
 10
329.618978380307
 20
646.6181983697028
 30
0.0
  0
VERTEX
  5
E2F
  8
_LABELS
 10
329.4609533954078
 20
646.6423201453767
 30
0.0
  0
SEQEND
  5
E6A
  8
_LABELS
  0
ENDSEC
  0
EOF
